"מק""ט",שם המוצר,קטגוריה,מותג,צבע,כמות באריזה,כמות במשטח,מידות,שם באנגלית,קטגוריה באנגלית,אימוג'י,תמונה,תמונות נוספות,תמונת מפרט,תמונות מפרט
10361315,"צינור גן Ø1/2"" 15 מ'",ציוד גן,AQUATEC,,,,"מידה: Ø1/2"" | אורך: 15 מ' | תיאור: צינור גן","Garden Hose Ø1/2"" 15m",Garden Equipment,🌿,10361315.jpg,,,
10361320,"צינור גן Ø1/2"" 20 מ'",ציוד גן,AQUATEC,,,,"מידה: Ø1/2"" | אורך: 20 מ' | תיאור: צינור גן","Garden Hose Ø1/2"" 20m",Garden Equipment,🌿,10361315.jpg,,,
10361325,"צינור גן Ø1/2"" 25 מ'",ציוד גן,AQUATEC,,,,"מידה: Ø1/2"" | אורך: 25 מ' | תיאור: צינור גן","Garden Hose Ø1/2"" 25m",Garden Equipment,🌿,10361315.jpg,,,
10361330,"צינור גן Ø1/2"" 30 מ'",ציוד גן,AQUATEC,,,,"מידה: Ø1/2"" | אורך: 30 מ' | תיאור: צינור גן","Garden Hose Ø1/2"" 30m",Garden Equipment,🌿,10361315.jpg,,,
10361350,"צינור גן Ø1/2"" 50 מ'",ציוד גן,AQUATEC,,,,"מידה: Ø1/2"" | אורך: 50 מ' | תיאור: צינור גן","Garden Hose Ø1/2"" 50m",Garden Equipment,🌿,10361315.jpg,,,
10361425,"צינור גן Ø3/4"" 25 מ'",ציוד גן,AQUATEC,,,,"מידה: Ø3/4"" | אורך: 25 מ' | תיאור: צינור גן","Garden Hose Ø3/4"" 25m",Garden Equipment,🌿,10361315.jpg,,,
10361426,"צינור גן Ø3/4"" 50 מ'",ציוד גן,AQUATEC,,,,"מידה: Ø3/4"" | אורך: 50 מ' | תיאור: צינור גן","Garden Hose Ø3/4"" 50m",Garden Equipment,🌿,10361315.jpg,,,
10411001,טרפלקס צינור שקוף 13/10 — 50 מ׳,צינורות גמישים,AQUATEC,,,,אורך: 50 מ' | תיאור: טרפלקס רשפיים צינור שקוף 10/13,Truflex Clear Pipe 10/13mm 50m,Flexible Pipes,🌀,10411001.jpg,,,
10411003,טרפלקס צינור שקוף 13/10 — 25 מ׳,צינורות גמישים,AQUATEC,,,,אורך: 25 מ' | תיאור: טרפלקס רשפיים צינור שקוף 10/13,Truflex Clear Pipe 10/13mm 25m,Flexible Pipes,🌀,10411001.jpg,,,
1053232,טרפלקס צינור ג׳קוזי לבן Ø32,צינורות גמישים,AQUATEC,,,,"מידה: 32 מ""מ Ø | תיאור: טרפלקס רשפיים צינור ג'קוזי לבן",Truflex White Jacuzzi Pipe Ø32mm,Flexible Pipes,🌀,1053232.jpg,,,
1054040,טרפלקס צינור ג׳קוזי לבן Ø40,צינורות גמישים,AQUATEC,,,,"מידה: 40 מ""מ Ø | תיאור: טרפלקס רשפיים צינור ג'קוזי לבן",Truflex White Jacuzzi Pipe Ø40mm,Flexible Pipes,🌀,1053232.jpg,,,
1054050,טרפלקס צינור ג׳קוזי לבן Ø50,צינורות גמישים,AQUATEC,,,,"מידה: 50 מ""מ Ø | תיאור: טרפלקס רשפיים צינור ג'קוזי לבן",Truflex White Jacuzzi Pipe Ø50mm,Flexible Pipes,🌀,1053232.jpg,,,
110681,מסעף 90° DN75 עם תבריג · כולל 3 אומים ו-3 אטמים,מסעפים וחיבורי אסלה,ליפסקי,,,,זווית: 90° | מידה: DN75 | תיאור: מסעף 90° DN75 עם תבריג · כולל 3 אומים ו-3 אטמים,Branch 90° DN75 screw-on Includes 3 nuts and 3 seals,Branches & WC Conn.,⑂,110681.jpeg,,,
110682,מסעף 90° DN50 עם תבריג · כולל 3 אומים ו-3 אטמים,מסעפים וחיבורי אסלה,ליפסקי,,,,זווית: 90° | מידה: DN50 | תיאור: מסעף 90° DN50 עם תבריג · כולל 3 אומים ו-3 אטמים,Branch 90° DN50 screw-on Includes 3 nuts and 3 seals,Branches & WC Conn.,⑂,110682.jpeg,,,
110689,מסעף 90° DN32 עם תבריג · כולל 3 אומים ו-3 אטמים,מסעפים וחיבורי אסלה,ליפסקי,,,,זווית: 90° | מידה: DN32 | תיאור: מסעף 90° DN32 עם תבריג · כולל 3 אומים ו-3 אטמים,Branch 90° DN32 screw-on Includes 3 nuts and 3 seals,Branches & WC Conn.,⑂,110689.jpeg,,,
115581,מצרות תבריג,אביזרי שקע-תקע,ליפסקי,,,,תיאור: מצרות תבריג,Threaded Reducers,Insertion Accessories,🔌,115581.jpeg,,,
116001,"צינור ש""ת DN75 אורך 200 ס""מ",צינורות,ליפסקי,,,,DN: 75 | L (cm): 200,Pipe with socket DN75 L=200cm,Pipes,📏,116001.jpeg,,,
116009,"צינור ש""ת DN40 אורך 200 ס""מ",צינורות,ליפסקי,,,,DN: 40 | L (cm): 200,Pipe with socket DN40 L=200cm,Pipes,📏,116009.jpeg,,,
116026,ברך 87° עם ביקורת גב 110 (4 פתחים),ברכיים,ליפסקי,,,,זווית: 87° | DN: 110,87° Bend with outlet DN110 (4 outlets),Bends,↩️,116026.jpeg,,,
116028,ברך 87° 160,ברכיים,ליפסקי,,,,זווית: 87° | DN: 160,87° Bend DN160,Bends,↩️,116028.jpeg,,,
116031,ברך 87° עם ביקורת גב 50,ברכיים,ליפסקי,,,,זווית: 87° | DN: 50,87° Bend with outlet DN50,Bends,↩️,116031.jpeg,,,
116033,ברך 87° 75,ברכיים,ליפסקי,,,,זווית: 87° | DN: 75,87° Bend DN75,Bends,↩️,116033.jpeg,,,
116037,ברך 45° 160,ברכיים,ליפסקי,,,,זווית: 45° | DN: 160,45° Bend DN160,Bends,↩️,116037.jpeg,,,
116049,מסעף 87° 160/110,מסעפים וחיבורי אסלה,ליפסקי,,,,זווית: 87° | DN: 160/110,87° Branch DN160/110,Branches & WC Conn.,⑂,116049.jpeg,,,
116051,מסעף 87° 160/160,מסעפים וחיבורי אסלה,ליפסקי,,,,זווית: 87° | DN: 160/160,87° Branch DN160/160,Branches & WC Conn.,⑂,116051.jpeg,,,
116054,מסעף 87° 75/75,מסעפים וחיבורי אסלה,ליפסקי,,,,זווית: 87° | DN: 75/75,87° Branch DN75/75,Branches & WC Conn.,⑂,116054.jpeg,,,
116056,מסעף 45° 110/50,מסעפים וחיבורי אסלה,ליפסקי,,,,זווית: 45° | DN: 110/50,45° Branch DN110/50,Branches & WC Conn.,⑂,116056.jpeg,,,
116058,מצרה 160/110,אביזרי שקע-תקע,ליפסקי,,,,DN: 160/110,Eccentric reducer DN160/110,Insertion Accessories,🔌,116058.jpeg,,,
116069,"צינור אפור DN40 L=300 ס""מ",צינורות,ליפסקי,,,,DN: 40 | L (cm): 300,Grey pipe DN40 L=300cm,Pipes,📏,116069.jpeg,,,
116071,"צינור אפור DN40 L=400 ס""מ",צינורות אפורות,ליפסקי,,,,DN: 40 | L (cm): 400,Grey pipe DN40 L=400cm,Pipes,📏,116071.jpeg,,,
116074,"צינור ש""ת DN50 אורך 200 ס""מ",צינורות,ליפסקי,,,,DN: 50 | L (cm): 200,Pipe with socket DN50 L=200cm,Pipes,📏,116074.jpeg,,,
116076,"צינור אפור DN50 L=300 ס""מ",צינורות,ליפסקי,,,,DN: 50 | L (cm): 300,Grey pipe DN50 L=300cm,Pipes,📏,116076.jpeg,,,
116078,"צינור אפור DN50 L=400 ס""מ",צינורות אפורות,ליפסקי,,,,DN: 50 | L (cm): 400,Grey pipe DN50 L=400cm,Pipes,📏,116078.jpeg,,,
116084,"צינור אפור DN75 L=100 ס""מ",צינורות,ליפסקי,,,,DN: 75 | L (cm): 100,Grey pipe DN75 L=100cm,Pipes,📏,116084.jpeg,,,
116091,"צינור אפור DN75 L=300 ס""מ",צינורות אפורות,ליפסקי,,,,DN: 75 | L (cm): 300,Grey pipe DN75 L=300cm,Pipes,📏,116091.jpeg,,,
116093,"צינור אפור DN75 L=400 ס""מ",צינורות אפורות,ליפסקי,,,,DN: 75 | L (cm): 400,Grey pipe DN75 L=400cm,Pipes,📏,116093.jpeg,,,
116096,"צינור אפור DN110 L=75 ס""מ",צינורות,ליפסקי,,,,DN: 110 | L (cm): 75,Grey pipe DN110 L=75cm,Pipes,📏,116096.jpeg,,,
116099,"צינור אפור DN110 L=100 ס""מ",צינורות אפורות,ליפסקי,,,,DN: 110 | L (cm): 100,Grey pipe DN110 L=100cm,Pipes,📏,116099.jpeg,,,
116101,"צינור אפור DN110 L=150 ס""מ",צינורות אפורות,ליפסקי,,,,DN: 110 | L (cm): 150,Grey pipe DN110 L=150cm,Pipes,📏,116101.jpeg,,,
116103,"צינור אפור DN110 L=300 ס""מ",צינורות אפורות,ליפסקי,,,,DN: 110 | L (cm): 300,Grey pipe DN110 L=300cm,Pipes,📏,116103.jpeg,,,
116105,"צינור אפור DN110 L=400 ס""מ",צינורות אפורות,ליפסקי,,,,DN: 110 | L (cm): 400,Grey pipe DN110 L=400cm,Pipes,📏,116105.jpeg,,,
116113,"צינור אפור DN110 L=15 ס""מ",צינורות אפורות,ליפסקי,,,,DN: 110 | L (cm): 15,Pipe with socket DN110 L=50cm,Pipes,📏,116113.jpeg,,,
116124,"מחסום (סיפון) 2"" לכיור מטבח עם כניסה למדיח כלים/מכונת כביסה (מס. 2)",מחסומים גלויים,ליפסקי,,,,"ייעוד: לכיור מטבח | מק""ט: NO.116124 | צבע: לבן | תיאור: מחסום (סיפון) 2"" לכיור מטבח עם כניסה למדיח כלים/מכונת כביסה (מס. 2)","2"" Bottle trap with dishwasher/ washing machine outlet",Visible Traps,🚰,116124.jpeg,,,
116127,"מחסום (סיפון) 2"" לכיור מטבח כפול עם כניסה למדיח כלים/מכונת כביסה (מס. 4)",מחסומים גלויים,ליפסקי,,,,"תצורה: כפול | ייעוד: לכיור מטבח | מק""ט: NO.116127 | צבע: לבן | תיאור: מחסום (סיפון) 2"" לכיור מטבח כפול עם כניסה למדיח כלים/מכונת כביסה (מס. 4)","2"" Bottle trap for double sink with dishwasher/ washing machine outlet",Visible Traps,🚰,116127.jpeg,,,
116144,"מחסום (סיפון) אמריקאי כפול 2"" + כניסה / למדיח כלים (מס. 6)",מחסומים גלויים,ליפסקי,,,,"תצורה: כפול | תיאור: מחסום (סיפון) אמריקאי כפול 2"" + כניסה / למדיח כלים (מס. 6) | צבע: לבן","1.5"" Bottle trap for double, stainless steel sink with dishwasher outlet",Visible Traps,🚰,116144.jpeg,,,
116146,מחסום קומקום סגור למקלחת 40/155,מחסומי רצפה,ליפסקי,,,,ייעוד: למקלחת | DN: 40,Floor trap with slanted outlet for shower DN40/155,Floor Traps,⬇️,116146.jpeg,,,
116148,קולט A 40/70 למקלחת,מאספי רצפה,ליפסקי,,,,"ייעוד: למקלחת | מק""ט: No.116148 | מידות: 126 / Ø100 / Ø40 / 68 / 24 | תיאור: קולט A 40/70 למקלחת",Shower trap drain A 40/70,Collectors & Drains,🕳️,116148.jpeg,,,
116151,מחסום רצפה -130/40 לא תקני (מערכת C) כניסות 40,מאספי רצפה,ליפסקי,,,,DN: 130/40,Gully trap 130/40,Collectors & Drains,🕳️,116151.jpeg,,,
116155,"צינור ש""ת DN110 אורך 200 ס""מ",צינורות,ליפסקי,,,,DN: 110 | L (cm): 200,Pipe with socket DN110 L=200cm,Pipes,📏,116155.jpeg,,,
116163,מחסום תופי-קומקום פתוח 50/175,מחסומי רצפה,ליפסקי,,,,DN: 50,Gully trap with slanted outlet DN50/175,Floor Traps,⬇️,116163.jpeg,,,
116167,מחסום תופי-קומקום פתוח 40/155,מחסומי רצפה,ליפסקי,,,,DN: 40,Gully trap with slanted outlet DN40/155,Floor Traps,⬇️,116167.jpeg,,,
116169,מחסום קומקום סגור למקלחת 50/175,מחסומי רצפה,ליפסקי,,,,ייעוד: למקלחת | DN: 50,Floor trap with slanted outlet for shower DN50/175,Floor Traps,⬇️,116169.jpeg,,,
116175,"מאסף רצפה B 110 נפילה 4""",מאספי רצפה,ליפסקי,,,,DN: 110,"Floor collector 110 with vertical outlet 4""",Collectors & Drains,🕳️,116175.jpeg,,,
116178,"אביק לאמבטיה 1.5"" עם מחסום",מחסומים גלויים,ליפסקי,,,,"מאפיין: עם מחסום | ייעוד: לאמבטיה | תיאור: אביק לאמבט 1.5"" עם מחסום | מק""ט פיה: NO.116178 | תרשים: 65, Ø70, Ø46, Ø40, 290, 220","1.5"" Bath waste and overflow with pipe trap",Visible Traps,🚰,116178.jpeg,,,
116180,צינור הכנסה אפור,צינורות אפורות,ליפסקי,,,,DN: 32 | L (cm): 400,Smooth pipe DN32 L=400cm,Pipes,📏,116180.jpeg,,,
116182,ברך 90° תבריג כפול 32/40,אביזרי תבריג,ליפסקי,,,,זווית: 90° | תצורה: כפול | DN: 32/40,Band 90° Double Screw-on DN40/40,Screw-on Accessories,🔩,116182.jpeg,,,
116186,ברך 90° תבריג צד אחד 40/40,אביזרי תבריג,ליפסקי,,,,זווית: 90° | DN: 40/40,Band 90° Single Side Screw-on DN40/40,Screw-on Accessories,🔩,116186.jpeg,,,
116191,ברך 90° תבריג צד אחד 50/50,אביזרי תבריג,ליפסקי,,,,זווית: 90° | DN: 50/50,Band 90° Single Side Screw-on DN50/50,Screw-on Accessories,🔩,116191.jpeg,,,
116194,"ברך 90° תבריג ש""ת לסיפון 32/40",אביזרי תבריג,ליפסקי,,,,זווית: 90° | DN: 32/40,Band 90° Screw-on to Siphon DN40/40,Screw-on Accessories,🔩,116194.jpeg,,,
116197,ברך 45° תבריג כפול 40/40,אביזרי תבריג,ליפסקי,,,,זווית: 45° | תצורה: כפול | DN: 40/40,Band 45° Double Screw-on DN50/40,Screw-on Accessories,🔩,116197.jpeg,,,
116199,ברך 45° תבריג כפול 32/40,אביזרי תבריג,ליפסקי,,,,זווית: 45° | תצורה: כפול | DN: 32/40,Band 45° Double Screw-on DN40/40,Screw-on Accessories,🔩,116199.jpeg,,,
116201,ברך 45° תבריג כפול 32/50,אביזרי תבריג,ליפסקי,,,,זווית: 45° | תצורה: כפול | DN: 32/50,Band 45° Double Screw-on DN50/50,Screw-on Accessories,🔩,116201.jpeg,,,
116203,ברך 45° תבריג צד אחד 40/49,אביזרי תבריג,ליפסקי,,,,זווית: 45° | DN: 40/49,Band 45° - single side screw-on,Screw-on Accessories,🔩,116203.jpeg,,,
116205,ברך 45° תבריג צד אחד 50/50,אביזרי תבריג,ליפסקי,,,,זווית: 45° | DN: 50/50,Band 45° - single side screw-on,Screw-on Accessories,🔩,116205.jpeg,,,
116207,ברך 45° תבריג צד אחד 32/32,אביזרי תבריג,ליפסקי,,,,זווית: 45° | DN: 32/32,Band 45° - single side screw-on,Screw-on Accessories,🔩,116207.jpeg,,,
116209,מחבר כפול תבריג 32/32,אביזרי תבריג,ליפסקי,,,,תצורה: כפול | DN: 32/32,Double Connector Screw-on DN32/32,Screw-on Accessories,🔩,116209.jpeg,,,
116212,מצרה תבריג 50/40,אביזרי תבריג,ליפסקי,,,,DN: 50/40,Screw-on Reducer DN50/40,Screw-on Accessories,🔩,116212.jpeg,,,
116215,מצרה תבריג 50/60,אביזרי תבריג,ליפסקי,,,,DN: 50/60,Screw-on Reducer DN50/50,Screw-on Accessories,🔩,116215.jpeg,,,
116220,מסעף 45° תבריג 50/50/50,אביזרי תבריג,ליפסקי,,,,זווית: 45° | DN: 50/50/50,Branch 45° Screw-on DN50/50/50,Screw-on Accessories,🔩,116220.jpeg,,,
116223,מסעף 45° תבריג 40/40/40,אביזרי תבריג,ליפסקי,,,,זווית: 45° | DN: 40/40/40,Branch 45° Screw-on DN40/40/40,Screw-on Accessories,🔩,116223.jpeg,,,
116225,מסעף 45° תבריג 50/50/40,אביזרי תבריג,ליפסקי,,,,זווית: 45° | DN: 50/50/40,Branch 45° Screw-on DN50/40/50,Screw-on Accessories,🔩,116225.jpeg,,,
116229,מסעף 45° צד ללא תבריג 40/40/40,אביזרי תבריג,ליפסקי,,,,זווית: 45° | DN: 40/40/40,Branch 45° No Screw-on Side DN40/40/40,Screw-on Accessories,🔩,116229.jpeg,,,
116231,מסעף 45° צד ללא תבריג 50/40/50,אביזרי תבריג,ליפסקי,,,,זווית: 45° | DN: 50/40/50,Branch 45° No Screw-on Side DN50/40/50,Screw-on Accessories,🔩,116231.jpeg,,,
116233,"משפך קומפלט 1.25""",מחסומים גלויים,ליפסקי,,,,"צבע: לבן | Ø: 32 | מידות: Ø32, 138 | תיאור: משפך קומפלט 1.25"" | מק""ט: פיה NO.116233","1.25"" Bottle trap inlet 2"" Bottle trap inlet",Visible Traps,🚰,116233.jpeg,,,
116258,מצרות תבריג,אביזרי שקע-תקע,ליפסקי,,,,תיאור: מצרות תבריג,Threaded Reducers,Insertion Accessories,🔌,116258.jpeg,,,
116553,ברך 45° 75,ברכיים,ליפסקי,,,,זווית: 45° | DN: 75,45° Bend DN75,Bends,↩️,116553.jpeg,,,
116556,מסעף 87° 110/110,מסעפים וחיבורי אסלה,ליפסקי,,,,זווית: 87° | DN: 110/110,87° Branch DN110/110,Branches & WC Conn.,⑂,116556.jpeg,,,
116558,מסעף 87° 110/50,מסעפים וחיבורי אסלה,ליפסקי,,,,זווית: 87° | DN: 110/50,Branch 110,Branches & WC Conn.,⑂,116558.jpeg,,,
116565,מסעף 45° - תבריג כפול,אביזרי תבריג,ליפסקי,,,,זווית: 45° | תצורה: כפול | סוג: כפול | תיאור: מסעף 45° - תבריג כפול,Branch 45° - Double Threaded,Screw-on Accessories,🔩,116565.jpeg,,,
116569,מסעף 87° 50/50,מסעפים וחיבורי אסלה,ליפסקי,,,,זווית: 87° | DN: 50/50,87° Branch DN50/50,Branches & WC Conn.,⑂,116569.jpeg,,,
116571,מסעף 45° 110/110,מסעפים וחיבורי אסלה,ליפסקי,,,,זווית: 45° | DN: 110/110,45° Branch DN110/110,Branches & WC Conn.,⑂,116571.jpeg,,,
116573,מסעף 45° 50/50,מסעפים וחיבורי אסלה,ליפסקי,,,,זווית: 45° | DN: 50/50,45° Branch DN50/50,Branches & WC Conn.,⑂,116573.jpeg,,,
116576,מחבר כפול 110 ללא מעצור,אביזרי שקע-תקע,ליפסקי,,,,תצורה: כפול | DN: 110,Double socket DN110 without stop,Insertion Accessories,🔌,116576.jpeg,,,
116581,מצרה 110/50,אביזרי שקע-תקע,ליפסקי,,,,DN: 110/50,Eccentric reducer DN110/50,Insertion Accessories,🔌,116581.jpeg,,,
116589,מסעף 90° תבריג 32/32,אביזרי תבריג,ליפסקי,,,,זווית: 90° | DN: 32/32,Branch 90° Screw-on DN32/32,Screw-on Accessories,🔩,116689.jpeg,,,
116591,ברך 45° 50,ברכיים,ליפסקי,,,,זווית: 45° | DN: 50,45° Bend DN50,Bends,↩️,116591.jpeg,,,
116593,צינור הכנסה אפור,צינורות אפורות,ליפסקי,,,,DN: 40 | L (cm): 400,Smooth pipe DN40 L=400cm,Pipes,📏,116593.jpeg,,,
116601,ברך 87° 50,ברכיים,ליפסקי,,,,זווית: 87° | DN: 50,87° Bend DN50,Bends,↩️,116601.jpeg,,,
116603,"צינור אפור DN40 L=50 ס""מ",צינורות,ליפסקי,,,,DN: 40 | L (cm): 50,Grey pipe DN40 L=50cm,Pipes,📏,116603.jpeg,,,
116606,"צינור אפור DN40 L=100 ס""מ",צינורות,ליפסקי,,,,DN: 40 | L (cm): 100,Grey pipe DN40 L=100cm,Pipes,📏,116606.jpeg,,,
116610,"צינור אפור DN50 L=50 ס""מ",צינורות,ליפסקי,,,,DN: 50 | L (cm): 50,Grey pipe DN50 L=50cm,Pipes,📏,116610.jpeg,,,
116612,"צינור אפור DN75 L=50 ס""מ",צינורות,ליפסקי,,,,DN: 75 | L (cm): 50,Grey pipe DN75 L=50cm,Pipes,📏,116612.jpeg,,,
116617,"צינור אפור DN110 L=25 ס""מ",צינורות אפורות,ליפסקי,,,,DN: 110 | L (cm): 25,Grey pipe DN110 L=25cm,Pipes,📏,116617.jpeg,,,
116620,"צינור אפור DN110 L=50 ס""מ",צינורות אפורות,ליפסקי,,,,DN: 110 | L (cm): 50,Grey pipe DN110 L=50cm,Pipes,📏,116620.jpeg,,,
116622,"צינור אפור DN110 L=200 ס""מ",צינורות אפורות,ליפסקי,,,,DN: 110 | L (cm): 200,Grey pipe DN110 L=200cm,Pipes,📏,116622.jpeg,,,
116624,ברך 87° 40,ברכיים,ליפסקי,,,,זווית: 87° | DN: 40,87° Bend DN40,Bends,↩️,116624.jpeg,,,
116628,פקק שקע-תקע 110,פקקים וצינורות,ליפסקי,,,,DN: 110,Insertion plug DN110,Couplers & Pipes,⚫,116628.jpeg,,,
116632,"מחסום (סיפון) 1.25"" לכיור רחצה",מחסומים גלויים,ליפסקי,,,,ייעוד: לכיור רחצה | תיאור: קיים גם בשרשורי | הערה: *קיים גם בשרשורי | צבע: לבן,"1.25"" Bottle trap",Visible Traps,🚰,116632.jpeg,,,
116635,"אביק לאמבטיה 1.5""",מחסומים גלויים,ליפסקי,,,,"ייעוד: לאמבטיה | אורך הצינור השרשורי: 565 מ""מ | תיאור: אביק לאמבט 1.5"" | מק""ט פיה: NO.116635 | תרשים: 65, Ø70, Ø40, 80, אורך הצינור השרשורי 565 מ""מ","1.5"" Bath waste and overflow",Visible Traps,🚰,116635.jpeg,,,
116638,מאסף רצפה 130/50 מערכת B,מאספי רצפה,ליפסקי,,,,DN: 130/50,Floor collector 130/50,Collectors & Drains,🕳️,116638.jpeg,,,
116640,"מאסף רצפה B נפילה 2""",מאספי רצפה,ליפסקי,,,,DN: 130/50,Floor collector 130/50 with vertical outlet 50°,Collectors & Drains,🕳️,116640.jpeg,,,
116649,"מחסום (סיפון) 2"" לכיור מטבח בודד (מס. 1)",מחסומים גלויים,ליפסקי,,,,"תצורה: בודד | ייעוד: לכיור מטבח | מק""ט: NO.116649 | צבע: לבן | תיאור: מחסום (סיפון) 2"" לכיור מטבח בודד (מס. 1) | הערה: *קיים גם בשרשורי","2"" Bottle trap for single sink 2"" Bottle trap with",Visible Traps,🚰,116649.jpeg,,,
116652,"מחסום (סיפון) 2"" לכיור מטבח כפול *עם אפשרות כניסה למדיח כלים/מכונת כביסה (מס. 3)",מחסומים גלויים,ליפסקי,,,,"תצורה: כפול | ייעוד: לכיור מטבח | מק""ט: NO.116652 | צבע: לבן | תיאור: מחסום (סיפון) 2"" לכיור מטבח כפול *עם אפשרות כניסה למדיח כלים/מכונת כביסה (מס. 3)","2"" Bottle trap for double sink with dishwasher/ washing machine outlet",Visible Traps,🚰,116652.jpeg,,,
116656,ברך 90° תבריג כפול 32/32,אביזרי תבריג,ליפסקי,,,,זווית: 90° | תצורה: כפול | DN: 32/32,Band 90° Double Screw-on DN32/32,Screw-on Accessories,🔩,116656.jpeg,,,
116659,ברך 90° תבריג כפול 50/50,אביזרי תבריג,ליפסקי,,,,זווית: 90° | תצורה: כפול | DN: 50/50,Band 90° Double Screw-on DN110/110,Screw-on Accessories,🔩,116659.jpeg,,,
116661,ברך 90° תבריג כפול 32/50,אביזרי תבריג,ליפסקי,,,,זווית: 90° | תצורה: כפול | DN: 32/50,Band 90° Double Screw-on DN50/50,Screw-on Accessories,🔩,116661.jpeg,,,
116663,ברך 90° תבריג כפול 40/50,אביזרי תבריג,ליפסקי,,,,זווית: 90° | תצורה: כפול | DN: 40/50,Band 90° Double Screw-on DN75/75,Screw-on Accessories,🔩,116663.jpeg,,,
116666,ברך 45° תבריג כפול 50/50,אביזרי תבריג,ליפסקי,,,,זווית: 45° | תצורה: כפול | DN: 50/50,Band 45° Double Screw-on DN110/110,Screw-on Accessories,🔩,116666.jpeg,,,
116668,ברך 45° תבריג כפול 32/32,אביזרי תבריג,ליפסקי,,,,זווית: 45° | תצורה: כפול | DN: 32/32,Band 45° Double Screw-on DN32/32,Screw-on Accessories,🔩,116668.jpeg,,,
116670,ברך 45° תבריג כפול 40/50,אביזרי תבריג,ליפסקי,,,,זווית: 45° | תצורה: כפול | DN: 40/50,Band 45° Double Screw-on DN75/75,Screw-on Accessories,🔩,116670.jpeg,,,
116672,מחבר כפול תבריג 40/40,אביזרי תבריג,ליפסקי,,,,תצורה: כפול | DN: 40/40,Double Connector Screw-on DN40/40,Screw-on Accessories,🔩,116672.jpeg,,,
116675,מחבר כפול תבריג 50/50,אביזרי תבריג,ליפסקי,,,,תצורה: כפול | DN: 50/50,Double Connector Screw-on DN50/50,Screw-on Accessories,🔩,116675.jpeg,,,
116677,מצרה תבריג 40/32,אביזרי תבריג,ליפסקי,,,,DN: 40/32,Screw-on Reducer DN32/32,Screw-on Accessories,🔩,116677.jpeg,,,
116680,מצרה תבריג 50/32,אביזרי שקע-תקע,ליפסקי,,,,DN: 50/32,Eccentric reducer 50/40,Insertion Accessories,🔌,116680.jpeg,,,
116682,מסעף 90° תבריג 40/40,אביזרי תבריג,ליפסקי,,,,זווית: 90° | DN: 40/40,Branch 90° Screw-on DN50/40/50,Screw-on Accessories,🔩,116682.jpeg,,,
116684,מסעף 90° תבריג 50/50,מסעפים וחיבורי אסלה,ליפסקי,,,,זווית: 90° | DN: 50/50,Branch 90° DN110 screw-on Includes 3 nuts and 3 seals,Branches & WC Conn.,⑂,116684.jpeg,,,
116687,מסעף 90° תבריג 50/40,אביזרי תבריג,ליפסקי,,,,זווית: 90° | DN: 50/40,Branch 90° Screw-on DN50/50/50,Screw-on Accessories,🔩,116687.jpeg,,,
116689,מסעף 90° - תבריג,אביזרי תבריג,ליפסקי,,,,זווית: 90° | DN: 40,Branch 90° Screw-on DN40/40/40,Screw-on Accessories,🔩,116689.jpeg,,,
116700,מושב אסלה מס. 3 לבן,מושבי אסלה,ליפסקי,,,,תיאור: מושב אסלה מס.3.0,Toilet seat no.3 - white,Toilet Seats,🚽,116700.jpeg,,,
116703,מושב אסלה מס. 3 פרגמון,מושבי אסלה,ליפסקי,,,,תיאור: מושב אסלה מס.3.0,Toilet seat no.3 - travertine,Toilet Seats,🚽,116703.jpeg,,,
116709,מושב אסלה מס. 3 אפור,מושבי אסלה,ליפסקי,,,,תיאור: מושב אסלה מס.3.0,Toilet seat no.3 - grey,Toilet Seats,🚽,116709.jpeg,,,
116712,מושב אסלה מס. 5 לבן,מושבי אסלה,ליפסקי,,,,משטח גבוה: 216 | תיאור: מושב אסלה מס.5,Toilet seat no.5 - white,Toilet Seats,🚽,116712.jpeg,,,
116716,מושב אסלה מס. 5 פרגמון,מושבי אסלה,ליפסקי,,,,משטח גבוה: 216 | תיאור: מושב אסלה מס.5,Toilet seat no.5 - travertine,Toilet Seats,🚽,116716.jpeg,,,
116722,מושב אסלה מס. 5 אפור,מושבי אסלה,ליפסקי,,,,משטח גבוה: 216 | תיאור: מושב אסלה מס.5,Toilet seat no.5 - grey,Toilet Seats,🚽,116722.jpeg,,,
116792,מיכל הדחה טופז לבן,התקנה נמוכה,ליפסקי,,,,"תכולה: 4.5/9 ליטר | גובה: 35 ס""מ | רוחב: 44 ס""מ | עומק: 14 ס""מ",Topaz dual quantity toilet tank - white,Low Installation,🔻,116792.jpeg,,,
116795,מיכל הדחה טופז פרגמון,התקנה נמוכה,ליפסקי,,,,"תכולה: 4.5/9 ליטר | גובה: 35 ס""מ | רוחב: 44 ס""מ | עומק: 14 ס""מ",Topaz dual quantity toilet tank - travertine,Low Installation,🔻,116795.jpeg,,,
116798,מיכל הדחה טופז אפור,התקנה נמוכה,ליפסקי,,,,"תכולה: 4.5/9 ליטר | גובה: 35 ס""מ | רוחב: 44 ס""מ | עומק: 14 ס""מ",Topaz dual quantity toilet tank - grey,Low Installation,🔻,116798.jpeg,,,
118219,מסעף 45° DN75 עם תבריג · כולל 3 אומים ו-3 אטמים,מסעפים וחיבורי אסלה,ליפסקי,,,,זווית: 45° | מידה: DN75 | תיאור: מסעף 45° DN75 עם תבריג · כולל 3 אומים ו-3 אטמים,Branch 45° DN75 screw-on Includes 3 nuts and 3 seals,Branches & WC Conn.,⑂,118219.jpeg,,,
118220,מסעף 45° DN110 עם תבריג · כולל 3 אומים ו-3 אטמים,מסעפים וחיבורי אסלה,ליפסקי,,,,זווית: 45° | מידה: DN110 | תיאור: מסעף 45° DN110 עם תבריג · כולל 3 אומים ו-3 אטמים,Branch 45° DN110 screw-on Includes 3 nuts and 3 seals,Branches & WC Conn.,⑂,118220.jpeg,,,
118221,מסעף 45° DN40 עם תבריג · כולל 3 אומים ו-3 אטמים,מסעפים וחיבורי אסלה,ליפסקי,,,,זווית: 45° | מידה: DN40 | תיאור: מסעף 45° DN40 עם תבריג · כולל 3 אומים ו-3 אטמים,Branch 45° DN40 screw-on Includes 3 nuts and 3 seals,Branches & WC Conn.,⑂,116223.jpeg,,,
118222,מסעף 45° DN50 עם תבריג · כולל 3 אומים ו-3 אטמים,מסעפים וחיבורי אסלה,ליפסקי,,,,זווית: 45° | מידה: DN50 | תיאור: מסעף 45° DN50 עם תבריג · כולל 3 אומים ו-3 אטמים,Branch 45° DN50 screw-on Includes 3 nuts and 3 seals,Branches & WC Conn.,⑂,118222.jpeg,,,
119215,מצמד חיתוכי 75/50,אביזרי שקע-תקע,ליפסקי,,,,DN: 75/50,Eccentric reducer 75/50,Insertion Accessories,🔌,119215.jpeg,,,
119934,ברך 90° תבריג כפול 40/40,אביזרי תבריג,ליפסקי,,,,זווית: 90° | תצורה: כפול | DN: 40/40,Band 90° Double Screw-on DN50/40,Screw-on Accessories,🔩,119934.jpeg,,,
119967,"צינור אפור DN50 L=100 ס""מ",צינורות,ליפסקי,,,,DN: 50 | L (cm): 100,Grey pipe DN50 L=100cm,Pipes,📏,119967.jpeg,,,
120011,כובע אויר DN110,אביזרי שקע-תקע,ליפסקי,,,,DN: 110,Venting cap DN110,Insertion Accessories,🔌,120311.jpeg,,,
120311,כובע אויר 110,פקקים וצינורות,ליפסקי,,,,DN: 110,Venting cap 110,Couplers & Pipes,⚫,120311.jpeg,,,
121216,זקיף אסלה,זקיף אסלה,ליפסקי,,,,DN: 110,Straight WC connection with outlet DN110,WC Connection,🚽,121216.jpeg,,,
122974,הגבהה גלילית,כיסויים,ליפסקי,,,,מידות: 103.6 / 98.4 / Ø7.5 / 90 / 89.2 / 98 | תיאור: הגבהה גלילית,Tube Extension,Collectors & Drains,⬜,122974.jpeg,,,
124533,מחבר כפול DN50,אביזרי שקע-תקע,ליפסקי,,,,תצורה: כפול | DN: 50,Double socket DN50,Insertion Accessories,🔌,124533.jpeg,,,
124842,מחבר כפול 110 עם מעצור,אביזרי שקע-תקע,ליפסקי,,,,תצורה: כפול | DN: 110,Double socket DN110 with stop,Insertion Accessories,🔌,124842.jpeg,,,
124843,ברך 87° עם ביקורת גב 110,ברכיים,ליפסקי,,,,זווית: 87° | DN: 110,87° Bend with outlet DN110 (2 outlets),Bends,↩️,124843.jpeg,,,
124848,מיכל הדחה ספיר לבן,התקנה נמוכה,ליפסקי,,,,"תכולה: 4.5/9 ליטר | גובה: 34 ס""מ | רוחב: 44 ס""מ | עומק: 14 ס""מ",Sapir dual quantity toilet tank - white,Low Installation,🔻,124848.jpeg,,,
124850,מיכל הדחה ספיר פרגמון,התקנה נמוכה,ליפסקי,,,,"תכולה: 4.5/9 ליטר | גובה: 34 ס""מ | רוחב: 44 ס""מ | עומק: 14 ס""מ",Sapir dual quantity toilet tank - travertine,Low Installation,🔻,124850.jpeg,,,
124851,מיכל הדחה ספיר אפור,התקנה נמוכה,ליפסקי,,,,"תכולה: 4.5/9 ליטר | גובה: 34 ס""מ | רוחב: 44 ס""מ | עומק: 14 ס""מ",Sapir dual quantity toilet tank - grey,Low Installation,🔻,124851.jpeg,,,
140870,ברך אסלה לבן עם אום,זקיף אסלה,ליפסקי,,,,תיאור: ברך אסלה לבן עם אום,W.C. bend with outlet,WC Connection,🚽,140870.jpeg,,,
140958,ברך אסלה לבן עם אום 110/50,זקיף אסלה,ליפסקי,,,,DN: 110/50,W.C. bend with outlet 110/50,WC Connection,🚽,140958.jpeg,,,
142289,ברך 87° 110,ברכיים,ליפסקי,,,,זווית: 87° | DN: 110,87° Bend DN110,Bends,↩️,142289.jpeg,,,
145629,מיכל הדחה יהלום לבן,התקנה גבוהה,ליפסקי,,,,"תכולה: 4.5/9 ליטר | גובה: 35.5 ס""מ | רוחב: 44.5 ס""מ | עומק: 15.5 ס""מ",Yahalom dual quantity toilet tank - white,High Installation,🔺,145629.jpeg,,,
145630,מיכל הדחה יהלום פרגמון,התקנה גבוהה,ליפסקי,,,,"תכולה: 4.5/9 ליטר | גובה: 35.5 ס""מ | רוחב: 44.5 ס""מ | עומק: 15.5 ס""מ",Yahalom dual quantity toilet tank - travertine,High Installation,🔺,145630.jpeg,,,
145631,מיכל הדחה יהלום אפור,התקנה גבוהה,ליפסקי,,,,"תכולה: 4.5/9 ליטר | גובה: 35.5 ס""מ | רוחב: 44.5 ס""מ | עומק: 15.5 ס""מ",Yahalom dual quantity toilet tank - grey,High Installation,🔺,145631.jpeg,,,
145858,ברך WC אסלה,זקיף אסלה,ליפסקי,,,,תיאור: ברך אסלה לבן עם אטם,W.C. bend with outlet - white,WC Connection,🚽,145858.jpeg,,,
152785,מיכל הדחה טיטאן לבן,התקנה גבוהה,ליפסקי,,,,"תכולה: 3/6 ליטר | גובה: 35.5 ס""מ | רוחב: 43.5 ס""מ | עומק: 15.5 ס""מ",Titan dual quantity toilet tank - white,High Installation,🔺,152785.jpeg,,,
152786,מיכל הדחה טיטאן פרגמון,התקנה גבוהה,ליפסקי,,,,"תכולה: 3/6 ליטר | גובה: 35.5 ס""מ | רוחב: 43.5 ס""מ | עומק: 15.5 ס""מ",Titan dual quantity toilet tank - travertine,High Installation,🔺,152786.jpeg,,,
152787,מיכל הדחה טיטאן אפור,התקנה גבוהה,ליפסקי,,,,"תכולה: 3/6 ליטר | גובה: 35.5 ס""מ | רוחב: 43.5 ס""מ | עומק: 15.5 ס""מ",Titan dual quantity toilet tank - grey,High Installation,🔺,152787.jpeg,,,
154068,מיכל הדחה טיטאן נמוך לבן,התקנה נמוכה,ליפסקי,,,,"תכולה: 3/6 ליטר | גובה: 35 ס""מ | רוחב: 43 ס""מ | עומק: 15 ס""מ",Low Titan dual quantity toilet tank - white,Low Installation,🔻,154068.jpeg,,,
154069,מיכל הדחה טיטאן נמוך פרגמון,התקנה נמוכה,ליפסקי,,,,"תכולה: 3/6 ליטר | גובה: 35 ס""מ | רוחב: 43 ס""מ | עומק: 15 ס""מ",Low Titan dual quantity toilet tank - travertine,Low Installation,🔻,154069.jpeg,,,
154413,מיכל הדחה טיטאן נמוך אפור,התקנה נמוכה,ליפסקי,,,,"תכולה: 3/6 ליטר | גובה: 35 ס""מ | רוחב: 43 ס""מ | עומק: 15 ס""מ",Low Titan dual quantity toilet tank - grey,Low Installation,🔻,154413.jpeg,,,
161884,ברך 45° 110,ברכיים,ליפסקי,,,,זווית: 45° | DN: 110,45° Bend DN110,Bends,↩️,161884.jpeg,,,
164588,צינור הכנסה אפור,צינורות אפורות,ליפסקי,,,,DN: 50 | L (cm): 400,Smooth pipe DN50 L=400cm,Pipes,📏,164588.jpeg,,,
164873,ברך אסלה פרגמון עם אטם,זקיף אסלה,ליפסקי,,,,תיאור: ברך אסלה פרגמון עם אטם,W.C. bend with outlet - travertine,WC Connection,🚽,164873.jpeg,,,
168525,מיכל הדחה כנרת מונובלוק לבן,התקנה צמודה,ליפסקי,,,,"תכולה: 3/6 ליטר | גובה: 42.5 ס""מ | רוחב: 37 ס""מ | עומק: 17 ס""מ",Kinert monoblock toilet tank - white,Close-coupled Installation,🔻,168525.jpeg,,,
169604,מיכל הדחה כנרת מונובלוק פרגמון,התקנה צמודה,ליפסקי,,,,"תכולה: 3/6 ליטר | גובה: 42.5 ס""מ | רוחב: 37 ס""מ | עומק: 17 ס""מ",Kinert monoblock toilet tank - travertine,Close-coupled Installation,🔻,169604.jpeg,,,
170643,"ברך 90° טלסקופית תבריג ש""ת 90/50/50",אביזרי תבריג,ליפסקי,,,,זווית: 90° | מאפיין: טלסקופי | DN: 90/50/50,Telescopic bend 90° for bottle trap,Screw-on Accessories,🔩,170643.jpeg,,,
171026,מושב אסלה מס. 1 לבן,מושבי אסלה,ליפסקי,,,,תיאור: מושב אסלה מס.1.0,Toilet seat no.1 - white,Toilet Seats,🚽,171026.jpeg,,,
171027,מושב אסלה מס. 1 פרגמון,מושבי אסלה,ליפסקי,,,,תיאור: מושב אסלה מס.1.0,Toilet seat no.1 - travertine,Toilet Seats,🚽,171027.jpeg,,,
171028,מושב אסלה מס. 1 אפור,מושבי אסלה,ליפסקי,,,,תיאור: מושב אסלה מס.1.0,Toilet seat no.1 - grey,Toilet Seats,🚽,171028.jpeg,,,
171189,"מחסום (סיפון) אמריקאי 1.5"" עם יציאה למדיח",מחסומים גלויים,ליפסקי,,,,"מאפיין: עם יציאה למדיח | תיאור: מחסום אמריקאי 1.5"" | צבע: לבן","1.5"" Pipe trap for washing machine 1.5"" Pipe trap for stainless steel",Visible Traps,🚰,171189.jpeg,,,
171190,"מחסום למכונת כביסה 1.5""",מחסומים גלויים,ליפסקי,,,,"ייעוד: למכונת כביסה | צבע: לבן | תיאור: מחסום למכונת כביסה 1.5""","1.5"" Pipe trap for washing machine",Visible Traps,🚰,171190.jpeg,,,
171191,קולט A 50/100 גבוה,מאספי רצפה,ליפסקי,,,,"מק""ט: No.171191 | תיאור: קולט A 50/100 גבוה",Shower trap drain A 50/100 high,Collectors & Drains,🕳️,171191.jpeg,,,
172033,"זרוע קומפלט לאגנית 1.5""",מחסומים גלויים,ליפסקי,,,,"מק""ט: NO.172033 | צבע: לבן | תיאור: זרוע קומפלט לאגנית 1.5""",Shower tray waste kit Drain valve,Visible Traps,🚰,172033.jpeg,,,
172349,"מחסום (סיפון) אמריקאי בודד 2"" + כניסה / למדיח כלים (מס. 5)",מחסומים גלויים,ליפסקי,,,,"תצורה: בודד | הערה: *קיים גם בשרשורי | תיאור: מחסום (סיפון) אמריקאי בודד 2"" + כניסה / למדיח כלים (מס. 5) | צבע: לבן","2"" Bottle trap for stainless steel sink with dishwasher outlet",Visible Traps,🚰,172349.jpeg,,,
178700,ונטיל לכיור אמריקאי,מחסומים גלויים,ליפסקי,,,,"מק""ט: NO.178700 | צבע: לבן | תיאור: ונטיל לכיור אמריקאי",Shower tray waste kit Drain valve,Visible Traps,🚰,178700.jpeg,,,
178862,מיכל הדחה ברקת לבן,התקנה נמוכה,ליפסקי,,,,"תכולה: 3/6 ליטר | גובה: 41.5 ס""מ | רוחב: 37 ס""מ | עומק: 11.5 ס""מ",Barkat dual quantity toilet tank - white,Low Installation,🔻,178862.jpeg,,,
178864,מיכל הדחה ברקת מונובלוק לבן,התקנה צמודה,ליפסקי,,,,"תכולה: 3/6 ליטר | גובה: 41.5 ס""מ | רוחב: 37 ס""מ | עומק: 11.5 ס""מ",Barkat monoblock toilet tank - white,Close-coupled Installation,🔻,178864.jpeg,,,
178866,מיכל הדחה ברקת פרגמון,התקנה נמוכה,ליפסקי,,,,"תכולה: 3/6 ליטר | גובה: 41.5 ס""מ | רוחב: 37 ס""מ | עומק: 11.5 ס""מ",Barkat dual quantity toilet tank - travertine,Low Installation,🔻,178866.jpeg,,,
178867,מיכל הדחה ברקת מונובלוק פרגמון,התקנה צמודה,ליפסקי,,,,"תכולה: 3/6 ליטר | גובה: 41.5 ס""מ | רוחב: 37 ס""מ | עומק: 11.5 ס""מ",Barkat monoblock toilet tank - travertine,Close-coupled Installation,🔻,178867.jpeg,,,
178869,מיכל הדחה ברקת אפור,התקנה נמוכה,ליפסקי,,,,"תכולה: 3/6 ליטר | גובה: 41.5 ס""מ | רוחב: 37 ס""מ | עומק: 11.5 ס""מ",Barkat dual quantity toilet tank - grey,Low Installation,🔻,178869.jpeg,,,
178870,מיכל הדחה ברקת מונובלוק אפור,התקנה צמודה,ליפסקי,,,,"תכולה: 3/6 ליטר | גובה: 41.5 ס""מ | רוחב: 37 ס""מ | עומק: 11.5 ס""מ",Barkat monoblock toilet tank - grey,Close-coupled Installation,🔻,178870.jpeg,,,
179046,מושב אסלה חרמון לבן,מושבי אסלה,ליפסקי,,,,תיאור: מושב אסלה חרמון,Toilet seat Hermon - white,Toilet Seats,🚽,179046.jpeg,,,
179611,מושב אסלה מס. 9 ציר ניירוסטה אנטי ונדליזם לבן,מושבי אסלה,ליפסקי,,,,תיאור: מושב אסלה מס.9,Toilet seat no.9 stainless hinge anti-vandal - white,Toilet Seats,🚽,179611.jpeg,,,
179612,מושב אסלה מס. 9 ציר ניירוסטה אנטי ונדליזם פרגמון,מושבי אסלה,ליפסקי,,,,תיאור: מושב אסלה מס.9,Toilet seat no.9 stainless hinge anti-vandal - travertine,Toilet Seats,🚽,179612.jpeg,,,
179613,מושב אסלה מס. 9 ציר ניירוסטה אנטי ונדליזם אפור,מושבי אסלה,ליפסקי,,,,תיאור: מושב אסלה מס.9,Toilet seat no.9 stainless hinge anti-vandal - grey,Toilet Seats,🚽,179613.jpeg,,,
186379,מושב אסלה חרמון פרגמון,מושבי אסלה,ליפסקי,,,,תיאור: מושב אסלה חרמון,Toilet seat Hermon - travertine,Toilet Seats,🚽,186379.jpeg,,,
186466,ערכה אוניברסלית לתיקון ברז,חלקים סניטריים,ליפסקי,,,,תיאור: ערכה אוניברסלית לתיקון ברז,Universal repair kit,Sanitary Parts,🔧,,,,
186666,חלקים למוצרים סניטריים,חלקים סניטריים,ליפסקי,,,,תיאור: חלקים למוצרים סניטריים,Parts for Sanitary Products,Sanitary Parts,🔧,186666.jpeg,,,
187133,מושב אסלה תבור סגירה רכה לבן,מושבי אסלה,ליפסקי,,,,תיאור: מושב אסלה תבור | סדרה: סגירה רכה (הידראולי),Toilet seat Tavor soft close - white,Toilet Seats,🚽,187133.jpeg,,,
187134,מושב אסלה תבור סגירה רכה פרגמון,מושבי אסלה,ליפסקי,,,,תיאור: מושב אסלה תבור | סדרה: סגירה רכה (הידראולי),Toilet seat Tavor soft close - travertine,Toilet Seats,🚽,187134.jpeg,,,
187463,מסעף 45° תבריג 32/32/32,מסעפים וחיבורי אסלה,ליפסקי,,,,זווית: 45° | DN: 32/32/32,Branch 45° DN32 screw-on Includes 3 nuts and 3 seals,Branches & WC Conn.,⑂,187463.jpeg,,,
187700,ונטיל לכיור אמריקאי,מחסומים גלויים,ליפסקי,,,,תיאור: ונטיל לכיור אמריקאי,Drain valve for American sink,Visible Traps,🚰,187700.jpeg,,,
190297,ברך 45° 110 לבן,ברכיים,ליפסקי,,,,זווית: 45° | DN: 110,45° Bend DN110 large radius,Bends,↩️,190297.jpeg,,,
192271,מסעף 45° DN110 — צד ללא תבריג · כולל 2 אומים ו-2 אטמים,מסעפים וחיבורי אסלה,ליפסקי,,,,זווית: 45° | מידה: DN110 | תיאור: מסעף 45° DN110 — צד ללא תבריג · כולל 2 אומים ו-2 אטמים,Branch 45° DN110 one side without screw-on 2 nuts and 2 seals,Branches & WC Conn.,⑂,192271.jpeg,,,
192291,מסעף 45° DN75 — צד ללא תבריג · כולל 2 אומים ו-2 אטמים,מסעפים וחיבורי אסלה,ליפסקי,,,,זווית: 45° | מידה: DN75 | תיאור: מסעף 45° DN75 — צד ללא תבריג · כולל 2 אומים ו-2 אטמים,Branch 45° DN75 one side without screw-on 2 nuts and 2 seals,Branches & WC Conn.,⑂,192291.jpeg,,,
193420,"פיה קומפלט למכונת כביסה 1.25"" (לסיפון מס. 2,4)",מחסומים גלויים,ליפסקי,,,,"ייעוד: למכונת כביסה | מק""ט פיה קומפלט: 193420 | תיאור: פיה למכונת כביסה, שקית קומפלט (מתאימה לסיפון מס' 2,4 קומפלט 1.25"") | צבע: לבן",Outlet connection for washing machine Outlet connection for dishwasher,Visible Traps,🚰,193420.jpeg,,,
194058,מצמד ארוך (טלסקופי) DN110/133,אביזרי שקע-תקע,ליפסקי,,,,מאפיין: טלסקופי | DN: 110/133,Long socket (telescopic) DN110/133,Insertion Accessories,🔌,194058.jpeg,,,
194897,מצרה לתיקון 110/100,מצמדים וצינורות,ליפסקי,,,,DN: 110/100,Short coupler 110/100,Couplers & Pipes,🪠,194897.jpeg,,,
194898,מצמד ארוך לתיקון 110/110,אביזרי שקע-תקע,ליפסקי,,,,DN: 110/110,Long socket (telescopic) DN110/110,Insertion Accessories,🔌,194898.jpeg,,,
194899,ברך 15° 110,ברכיים,ליפסקי,,,,זווית: 15° | DN: 110,15° Bend DN110,Bends,↩️,194899.jpeg,,,
194900,ברך 30° 110,ברכיים,ליפסקי,,,,זווית: 30° | DN: 110,30° Bend DN110,Bends,↩️,194900.jpeg,,,
195505,מושב אסלה כרמל סגירה רכה לבן,מושבי אסלה,ליפסקי,,,,תיאור: מושב אסלה כרמל סגירה רכה (הידראולי),Toilet seat Carmel soft close - white,Toilet Seats,🚽,195505.jpeg,,,
195506,מושב אסלה כרמל סגירה רכה פרגמון,מושבי אסלה,ליפסקי,,,,תיאור: מושב אסלה כרמל סגירה רכה (הידראולי),Toilet seat Carmel soft close - travertine,Toilet Seats,🚽,195506.jpeg,,,
196172,מחבר כפול DN40 · כולל 2 אומים ו-2 אטמים,אביזרי תבריג,ליפסקי,,,,תצורה: כפול | מידה: DN40 | תיאור: מחבר כפול DN40 · כולל 2 אומים ו-2 אטמים,Double socket DN40 Includes 2 nuts and 2 seals,Screw-on Accessories,🔩,196172.jpeg,,,
196175,מחבר כפול DN50 · כולל 2 אומים ו-2 אטמים,אביזרי תבריג,ליפסקי,,,,תצורה: כפול | מידה: DN50 | תיאור: מחבר כפול DN50 · כולל 2 אומים ו-2 אטמים,Double socket DN50 Includes 2 nuts and 2 seals,Screw-on Accessories,🔩,196175.jpeg,,,
196206,מחבר כפול DN32 · כולל 2 אומים ו-2 אטמים,אביזרי תבריג,ליפסקי,,,,תצורה: כפול | מידה: DN32 | תיאור: מחבר כפול DN32 · כולל 2 אומים ו-2 אטמים,Double socket DN32 Includes 2 nuts and 2 seals,Screw-on Accessories,🔩,196206.jpeg,,,
196575,מחבר כפול DN110,אביזרי שקע-תקע,ליפסקי,,,,תצורה: כפול | DN: 110,Double socket DN110,Insertion Accessories,🔌,196575.jpeg,,,
196587,מחסום רצפה תיקני 130/50,מחסומי רצפה,ליפסקי,,,,מאפיין: תיקני | DN: 130/50,Gully trap 130/50,Floor Traps,⬇️,,,,
196687,מחסום רצפה -130/50 לא תקני (מערכת D) כניסות 50,מאספי רצפה,ליפסקי,,,,DN: 130/50,Gully trap non-standard 130/40,Collectors & Drains,🕳️,196687.jpeg,,,
196762,מחבר כפול DN75,אביזרי שקע-תקע,ליפסקי,,,,תצורה: כפול | DN: 75,Double socket DN75,Insertion Accessories,🔌,196762.jpeg,,,
197091,ברך 90° תבריג צד אחד 32/32,אביזרי תבריג,ליפסקי,,,,זווית: 90° | DN: 32/32,Band 90° Single Side Screw-on DN32/32,Screw-on Accessories,🔩,197091.jpeg,,,
197222,מושב אסלה הגייני אנטי ונדליזם ציר ניירוסטה לבן,מושבי אסלה,ליפסקי,,,,תיאור: מושב אסלה הגייני (אנטי ונדליזם) צירי נירוסטה,Toilet seat hygienic anti-vandal stainless hinge - white,Toilet Seats,🚽,197222.jpeg,,,
198517,מצמד חיתוכי 40/32,אביזרי שקע-תקע,ליפסקי,,,,DN: 40/32,Eccentric reducer 40/32,Insertion Accessories,🔌,198517.jpeg,,,
204127,"ברך 90° תבריג ש""ת לסיפון 32/50",אביזרי תבריג,ליפסקי,,,,זווית: 90° | DN: 32/50,Band 90° Screw-on to Siphon DN50/50,Screw-on Accessories,🔩,204127.jpeg,,,
209447,"מחסום (סיפון) אמריקאי בודד 2"" (מס. 7)",מחסומים גלויים,ליפסקי,,,,"תצורה: בודד | תיאור: מחסום (סיפון) אמריקאי בודד 2"" (מס. 7) | צבע: לבן","2"" Bottle trap for stainless steel sink with dishwasher outlet",Visible Traps,🚰,209447.jpeg,,,
209448,"מחסום (סיפון) אמריקאי מס. 8 בודד 1.5""",מחסומים גלויים,ליפסקי,,,,"תצורה: בודד | צבע: לבן | תיאור: מחסום (סיפון) אמריקאי מס. 8 בודד 1.5""","1.5"" Pipe trap for stainless steel sink with dishwasher outlet",Visible Traps,🚰,209448.jpeg,,,
211805,ברך WC אסלה,זקיף אסלה,ליפסקי,,,,DN: 110,Straight WC connection short DN110,WC Connection,🚽,211805.jpeg,,,
212937,מחבר כפול 75,אביזרי שקע-תקע,ליפסקי,,,,תצורה: כפול | DN: 75,Double socket DN75,Insertion Accessories,🔌,212937.jpeg,,,
213054,"מחסום (סיפון) 1.25"" לכיור רחצה + יציאה למזגן",מחסומים גלויים,ליפסקי,,,,"ייעוד: לכיור רחצה | תיאור: מחסום (סיפון) 1.25"" לכיור רחצה + יציאה למזגן | צבע: לבן","1.25"" Bottle trap with A/C outlet",Visible Traps,🚰,213054.jpeg,,,
213055,"מחסום (סיפון) אמריקאי 1.25"" לכיור רחצה + יציאה למזגן",מחסומים גלויים,ליפסקי,,,,"ייעוד: לכיור רחצה | תיאור: מחסום (סיפון) אמריקאי 1.25"" לכיור רחצה + יציאה למזגן | צבע: לבן","1.25"" Bottle trap for stainless ateel sink, with A/C outlet",Visible Traps,🚰,213055.jpeg,,,
213056,"סיפון צד 2""",מחסומים גלויים,ליפסקי,,,,"צבע: לבן | תיאור: סיפון צד ""2","2"" Side bottle trap",Visible Traps,🚰,213056.jpeg,,,
213057,"סיפון צד 2"" אמריקאי",מחסומים גלויים,ליפסקי,,,,"צבע: לבן | תיאור: סיפון צד ""2 אמריקאי","2"" Side bottle trap",Visible Traps,🚰,213057.jpeg,,,
213072,ברך 15° תבריג צד אחד 50/50,אביזרי תבריג,ליפסקי,,,,זווית: 15° | DN: 50/50,Band 15° - single side screw-on,Screw-on Accessories,🔩,213072.jpeg,,,
213073,ברך 30° תבריג צד אחד 50/50,אביזרי תבריג,ליפסקי,,,,זווית: 30° | DN: 50/50,Band 30° - single side screw-on,Screw-on Accessories,🔩,213073.jpeg,,,
214533,מחבר כפול 50 עם מעצור,אביזרי שקע-תקע,ליפסקי,,,,תצורה: כפול | DN: 50,Double socket DN50 with stop,Insertion Accessories,🔌,214533.jpeg,,,
214534,מחבר כפול 50 ללא מעצור,אביזרי שקע-תקע,ליפסקי,,,,תצורה: כפול | DN: 50,Double socket DN75 with stop,Insertion Accessories,🔌,214534.jpeg,,,
216984,"מחסום (סיפון) אמריקאי כפול 1.5"" + כניסה / למדיח כלים (מס. 9)",מחסומים גלויים,ליפסקי,,,,"תצורה: כפול | תיאור: מחסום (סיפון) אמריקאי כפול 1.5"" + כניסה / למדיח כלים (מס. 9) | צבע: לבן","1.5"" Bottle trap for double, stainless steel sink with dishwasher outlet",Visible Traps,🚰,216984.jpeg,,,
217004,"סיפון צד 2"" עם כניסה למדיח כלים",מחסומים גלויים,ליפסקי,,,,"צבע: לבן | תיאור: סיפון צד ""2 עם כניסה למדיח כלים","2"" Side bottle trap with dishwasher outlet",Visible Traps,🚰,217004.jpeg,,,
217005,"סיפון צד 2"" אמריקאי עם כניסה למדיח כלים",מחסומים גלויים,ליפסקי,,,,"צבע: לבן | תיאור: סיפון צד ""2 אמריקאי עם כניסה למדיח כלים","2"" Side bottle trap 2"" Side bottle trap with",Visible Traps,🚰,217005.jpeg,,,
217531,מצרה 75/50,אביזרי שקע-תקע,ליפסקי,,,,DN: 75/50,Eccentric reducer DN75/50,Insertion Accessories,🔌,217531.jpeg,,,
217533,מסעף 87° 75/50,מסעפים וחיבורי אסלה,ליפסקי,,,,זווית: 87° | DN: 75/50,WC Bend 75/50,Branches & WC Conn.,⑂,217533.jpeg,,,
217648,מערכת B נפילה 100,מאספי רצפה,ליפסקי,,,,DN: 130/50,Floor collector 130/50 inner,Collectors & Drains,🕳️,217648.jpeg,,,
217674,מצרה 110/75,אביזרי שקע-תקע,ליפסקי,,,,DN: 110/75,Eccentric reducer DN110/75,Insertion Accessories,🔌,217674.jpeg,,,
217675,"משפך קומפלט 2""",מחסומים גלויים,ליפסקי,,,,"תיאור: משפך קומפלט 2"" | מק""ט: (ללא יציאה) NO.217675 | צבע: לבן | Ø: 40 | מידות: 138, Ø40","2"" Bottle trap inlet",Visible Traps,🚰,217675.jpeg,,,
217861,"מחסום (סיפון) אמריקאי 1.25"" לכיור רחצה",מחסומים גלויים,ליפסקי,,,,"ייעוד: לכיור רחצה | תיאור: מחסום (סיפון) אמריקאי 1.25"" לכיור רחצה | צבע: לבן | מידות: 190-270 / 140 / 55 / 110-245 / Ø32.0","1.25"" Bottle trap for stainless ateel sink",Visible Traps,🚰,217861.jpeg,,,
217934,מושב אסלה מס. 4 ציר פלסטיק לבן,מושבי אסלה,ליפסקי,,,,ציר: ציר פלסטיק | תיאור: מושב אסלה מס.4.0,Toilet seat no.4 plastic hinge - white,Toilet Seats,🚽,217934.jpeg,,,
217935,מושב אסלה מס. 4 ציר פלסטיק פרגמון,מושבי אסלה,ליפסקי,,,,ציר: ציר פלסטיק | תיאור: מושב אסלה מס.4.0,Toilet seat no.4 plastic hinge - travertine,Toilet Seats,🚽,217935.jpeg,,,
218051,מצמד כפול,אביזרי שקע-תקע,ליפסקי,,,,תצורה: כפול | סוג: כפול | תיאור: מצמד כפול,Double Coupling,Insertion Accessories,🔌,218051.jpeg,,,
218126,"פקק למאסף ולמחסום רצפה 2""",אטמים ופקקים,ליפסקי,,,,"דגם: פקק 2"" שחור | R: 2"" | M: 18.5 | L: 35 | D2: 38.5 | D1: 68.4 | תיאור: פקק למאסף ולמחסום רצפה+ אטם | מידה: 50","Floor trap plug 2""","Gaskets, Nuts & Plugs",⚫,218126.jpeg,,,
218127,"פקק למאסף ולמחסום רצפה 2.5""",אטמים ופקקים,ליפסקי,,,,"דגם: פקק 2.5"" שחור | R: 2.5"" | M: 20.2 | L: 35 | D2: 49.5 | D1: 79.6 | תיאור: פקק למאסף ולמחסום רצפה+ אטם | מידה: 50","Floor trap plug 2.5""","Gaskets, Nuts & Plugs",⚫,218127.jpeg,,,
218176,מסעף כפול 110/110/110,מסעפים וחיבורי אסלה,ליפסקי,,,,תצורה: כפול | DN: 110/110/110,Double Branch 110/110/110,Branches & WC Conn.,⑂,218176.jpeg,,,
218360,מושב אסלה מס. 4 ציר ניירוסטה לבן,מושבי אסלה,ליפסקי,,,,ציר: ציר נירוסטה | תיאור: מושב אסלה מס.4.0,Toilet seat no.4 stainless hinge - white,Toilet Seats,🚽,218360.jpeg,,,
218361,מושב אסלה מס. 4 ציר ניירוסטה פרגמון,מושבי אסלה,ליפסקי,,,,ציר: ציר נירוסטה | תיאור: מושב אסלה מס.4.0,Toilet seat no.4 stainless hinge - travertine,Toilet Seats,🚽,218361.jpeg,,,
218460,פקק שקע-תקע 50,פקקים וצינורות,ליפסקי,,,,DN: 50,Short coupler,Couplers & Pipes,⚫,218460.jpeg,,,
218495,"מחסום אמריקאי 1.5""",מחסומים גלויים,ליפסקי,,,,תיאור: סיפון מס' 10,"1.5"" American bottle trap",Visible Traps,🚰,218495.jpeg,,,
218553,"מחסום (סיפון) נסתר 1.25"" לכיור אמבטיה",מחסומים גלויים,ליפסקי,,,,"ייעוד: לכיור אמבטיה | תיאור: מחסום (סיפון) נסתר לכיור אמבטיה 1.25"" | צבע: לבן | מידות: 270-310 / 100 / 60 / 110-245 / 32","1.25"" Bottle trap for stainless steel sink",Visible Traps,🚰,218553.jpeg,,,
218560,פקק שקע-תקע 160,פקקים וצינורות,ליפסקי,,,,DN: 160,Coupler 160,Couplers & Pipes,⚫,218560.jpeg,,,
218564,מסעף כפול 110/50/50,מסעפים וחיבורי אסלה,ליפסקי,,,,תצורה: כפול | DN: 110/50/50,Branch 110/50/50,Branches & WC Conn.,⑂,218564.jpeg,,,
218567,מחבר כפול 160/160,מצמדים וצינורות,ליפסקי,,,,תצורה: כפול | DN: 160/160,Double socket 110,Couplers & Pipes,🪠,218567.jpeg,,,
218568,מצרה 50/40,מצמדים וצינורות,ליפסקי,,,,DN: 50/40,Double socket 50/40,Couplers & Pipes,🪠,218568.jpeg,,,
218569,פקק חיצוני 110,מצמדים וצינורות,ליפסקי,,,,DN: 110,External plug 110,Couplers & Pipes,🪠,218569.jpeg,,,
218681,מחסום תיקני 140/50 פתוח,מחסומי רצפה,ליפסקי,,,,"מאפיין: תיקני | מק""ט: NO.218681 | תיאור: מחסום תיקני 140/50 פתוח",Gully trap 245/50 open high,Floor Traps,⬇️,218681.jpeg,,,
218722,מחסום תיקני 140/50 סגור למקלחת,מחסומי רצפה,ליפסקי,,,,"מאפיין: תיקני | ייעוד: למקלחת | מק""ט: NO.218722 | תיאור: מחסום תיקני למקלחת 140/50 סגור",Gully trap 245/50 closed high,Floor Traps,⬇️,218722.png,,,
219791,"צינור שחור DN110 L=25 ס""מ",צינורות אפורות,ליפסקי,,,,DN: 110 | L (cm): 25,Pipe with socket DN110 L=100cm,Pipes,📏,219791.jpeg,,,
219792,"צינור שחור DN110 L=50 ס""מ",צינורות,ליפסקי,,,,DN: 110 | L (cm): 50,Black Pipe DN110 L=50 cm,Pipes,📏,219792.jpeg,,,
220278,"צינור שחור DN40 L=300 ס""מ",צינורות,ליפסקי,,,,DN: 40 | L (cm): 300,Black Pipe DN40 L=300 cm,Pipes,📏,220278.jpeg,,,
220280,"צינור שחור DN50 L=300 ס""מ",צינורות,ליפסקי,,,,DN: 50 | L (cm): 300,Black Pipe DN50 L=300 cm,Pipes,📏,220280.jpeg,,,
220305,מסעף 45° 40/40,מסעפים וחיבורי אסלה,ליפסקי,,,,זווית: 45° | DN: 40/40,Branch,Branches & WC Conn.,⑂,220305.jpeg,,,
220315,פקק שקע-תקע 40,פקקים וצינורות,ליפסקי,,,,DN: 40,Coupler 40,Couplers & Pipes,⚫,220315.jpeg,,,
220316,מצרה 40/32,מצמדים וצינורות,ליפסקי,,,,DN: 40/32,Double socket 40/32,Couplers & Pipes,🪠,220316.jpeg,,,
220542,מחסום תיקני 245/50 פתוח גבוה,מחסומי רצפה,ליפסקי,,,,"מאפיין: תיקני | מק""ט: NO.220542 | תיאור: מחסום תיקני 245/50 פתוח גבוהה",Gully trap 245/50,Floor Traps,⬇️,220542.png,,,
220543,מחסום תיקני 245/50 סגור גבוה,מחסומי רצפה,ליפסקי,,,,"מאפיין: תיקני | מק""ט: NO.220543 | תיאור: מחסום תיקני 245/50 סגור גבוהה",Gully trap 245/50,Floor Traps,⬇️,220543.png,,,
220943,מושב אסלה מס. 3.5 משולב לבן,מושבי אסלה,ליפסקי,,,,תיאור: מושב אסלה משולב מס.3.5.0,Toilet seat no.3.5 combined - white,Toilet Seats,🚽,220943.png,,,
220981,מושב אסלה אדיר לבן,מושבי אסלה,ליפסקי,,,,תיאור: מושב אסלה אדיר,Toilet seat Adir - white,Toilet Seats,🚽,220981.jpeg,,,
221021,"צינור שחור DN50 L=100 ס""מ",צינורות,ליפסקי,,,,DN: 50 | L (cm): 100,Black Pipe DN50 L=100 cm,Pipes,📏,221021.jpeg,,,
221022,"צינור שחור DN50 L=50 ס""מ",צינורות אפורות,ליפסקי,,,,DN: 50 | L (cm): 50,Pipe with socket DN50 L=100cm,Pipes,📏,221022.jpeg,,,
221082,"צינור שחור DN110 L=300 ס""מ",צינורות,ליפסקי,,,,DN: 110 | L (cm): 300,Black Pipe DN110 L=300 cm,Pipes,📏,221082.jpeg,,,
221083,"צינור שחור DN110 L=100 ס""מ",צינורות,ליפסקי,,,,DN: 110 | L (cm): 100,Black Pipe DN110 L=100 cm,Pipes,📏,221083.jpeg,,,
221084,"צינור שחור DN75 L=100 ס""מ",צינורות,ליפסקי,,,,DN: 75 | L (cm): 100,Black Pipe DN75 L=100 cm,Pipes,📏,221084.jpeg,,,
221085,"צינור שחור DN75 L=50 ס""מ",צינורות אפורות,ליפסקי,,,,DN: 75 | L (cm): 50,Pipe with socket DN75 L=50cm,Pipes,📏,221085.jpeg,,,
221086,"צינור שחור DN110 L=400 ס""מ",צינורות,ליפסקי,,,,DN: 110 | L (cm): 400,Black Pipe DN110 L=400 cm,Pipes,📏,221086.jpeg,,,
221414,"צינור שחור DN110 L=200 ס""מ",צינורות,ליפסקי,,,,DN: 110 | L (cm): 200,Black Pipe DN110 L=200 cm,Pipes,📏,221414.jpeg,,,
221415,"צינור שחור DN75 L=300 ס""מ",צינורות,ליפסקי,,,,DN: 75 | L (cm): 300,Black Pipe DN75 L=300 cm,Pipes,📏,221415.jpeg,,,
223101,ברך 90° טלסקופית 40/50/50,אביזרי תבריג,ליפסקי,,,,זווית: 90° | מאפיין: טלסקופי | DN: 40/50/50,Telescopic bend 90° for bottle trap,Screw-on Accessories,🔩,223101.jpeg,,,
224156,"צנרת PP-MD-ML SN8 DN110 אורך 300 ס""מ",צינורות,ליפסקי,,,,DN: 110 | L (cm): 300 | SN: 8,Pipe PP-MD-ML SN8 DN110 L=300cm,Pipes,📏,224156.jpeg,,,
224168,"צינור כתום DN110 L=300 ס""מ",צינורות PP,ליפסקי,,,,DN: 110 | L (cm): 300,Pipe PP-MD-ML SN4 DN110 L=300cm,Pipes,📏,224168.jpeg,,,
224169,"צינור כתום DN110 L=100 ס""מ",צינורות PP,ליפסקי,,,,DN: 110 | L (cm): 100,Pipe PP-MD-ML SN8 DN110 L=100cm,Pipes,📏,224169.jpeg,,,
224170,"צינור כתום DN110 L=50 ס""מ",צינורות PP,ליפסקי,,,,DN: 110 | L (cm): 50,Pipe PP-MD-ML SN4 DN110 L=50cm,Pipes,📏,224170.jpeg,,,
224185,"צינור כתום DN160 L=300 ס""מ",צינורות PP,ליפסקי,,,,DN: 160 | L (cm): 300,Pipe PP-MD-ML SN4 DN160 L=300cm,Pipes,📏,224185.jpeg,,,
224186,"צינור כתום DN160 L=100 ס""מ",צינורות PP,ליפסקי,,,,DN: 160 | L (cm): 100,Pipe PP-MD-ML SN4 DN160 L=100cm,Pipes,📏,224186.jpeg,,,
224187,"צינור כתום DN160 L=50 ס""מ",צינורות PP,ליפסקי,,,,DN: 160 | L (cm): 50,Pipe PP-MD-ML SN4 DN160 L=50cm,Pipes,📏,224187.jpeg,,,
224205,"צינור שחור DN110 L=150 ס""מ",צינורות,ליפסקי,,,,DN: 110 | L (cm): 150,Black Pipe DN110 L=150 cm,Pipes,📏,224205.jpeg,,,
224286,מושב אסלה טרמו ULTRA לבן,מושבי אסלה,ליפסקי,,,,תיאור: מושב אסלה טרמו ULTRA,Toilet seat Termu ULTRA - white,Toilet Seats,🚽,224286.jpeg,,,
224344,"צינור כתום DN110 L=100 ס""מ",צינורות PP,ליפסקי,,,,DN: 110 | L (cm): 100,Pipe PP-MD-ML SN8 DN110 L=100cm,Pipes,📏,224344.jpeg,,,
224345,"צינור כתום DN110 L=300 ס""מ",צינורות PP,ליפסקי,,,,DN: 110 | L (cm): 300,Pipe PP-MD-ML SN8 DN110 L=300cm,Pipes,📏,224345.jpeg,,,
224346,"צינור כתום DN160 L=50 ס""מ",צינורות PP,ליפסקי,,,,DN: 160 | L (cm): 50,Pipe PP-MD-ML SN8 DN160 L=50cm,Pipes,📏,224346.jpeg,,,
224347,"צינור כתום DN160 L=100 ס""מ",צינורות PP,ליפסקי,,,,DN: 160 | L (cm): 100,Pipe PP-MD-ML SN8 DN160 L=100cm,Pipes,📏,224347.jpeg,,,
224348,"צינור כתום DN160 L=300 ס""מ",צינורות PP,ליפסקי,,,,DN: 160 | L (cm): 300,Pipe PP-MD-ML SN8 DN160 L=300cm,Pipes,📏,224348.jpeg,,,
273089,"משפך קומפלט לסיפון אמריקאי 2""",אביזרי ביוב,ליפסקי,,,,"מידה: 2"" | תיאור: משפך קומפלט לסיפון אמריקאי 2"" עם יציאה","Complete Funnel for 2"" American Siphon with Outlet",Drainage Accessories,🚿,273089.jpeg,,,
273201,"צינור שחור DN110 L=300 ס""מ",צינורות רב שכבתי,ליפסקי,,,,DN: 110 | L (cm): 300,Pipe Super Beton/Silent DN110 L=300cm,Pipes,📏,273201.jpeg,,,
273202,"צינור שחור DN110 L=100 ס""מ",צינורות רב שכבתי,ליפסקי,,,,DN: 110 | L (cm): 100,Pipe Super Beton/Silent DN110 L=100cm,Pipes,📏,273202.jpeg,,,
273203,"צינור שחור DN110 L=50 ס""מ",צינורות רב שכבתי,ליפסקי,,,,DN: 110 | L (cm): 50,Pipe Super Beton/Silent DN110 L=50cm,Pipes,📏,273203.jpeg,,,
273215,"צינור שחור DN110 L=25 ס""מ",צינורות רב שכבתי,ליפסקי,,,,DN: 110 | L (cm): 25,Pipe Super Beton/Silent DN110 L=25cm,Pipes,📏,273215.jpeg,,,
273216,"צינור שחור DN75 L=300 ס""מ",צינורות רב שכבתי,ליפסקי,,,,DN: 75 | L (cm): 300,Pipe Super Beton/Silent DN75 L=300cm,Pipes,📏,273216.jpeg,,,
273217,"צינור שחור DN75 L=100 ס""מ",צינורות רב שכבתי,ליפסקי,,,,DN: 75 | L (cm): 100,Pipe Super Beton/Silent DN75 L=100cm,Pipes,📏,273217.jpeg,,,
273219,"צינור שחור DN160 L=300 ס""מ",צינורות רב שכבתי,ליפסקי,,,,DN: 160 | L (cm): 300,Pipe Super Beton/Silent DN160 L=300cm,Pipes,📏,273219.jpeg,,,
273220,"צינור שחור DN160 L=100 ס""מ",צינורות רב שכבתי,ליפסקי,,,,DN: 160 | L (cm): 100,Pipe Super Beton/Silent DN160 L=100cm,Pipes,📏,273220.jpeg,,,
273221,"צינור שחור DN160 L=50 ס""מ",צינורות רב שכבתי,ליפסקי,,,,DN: 160 | L (cm): 50,Pipe Super Beton/Silent DN160 L=50cm,Pipes,📏,273221.jpeg,,,
273226,"צינור שחור DN40 L=100 ס""מ",צינורות,ליפסקי,,,,DN: 40 | L (cm): 100,Black Pipe DN40 L=100 cm,Pipes,📏,273226.jpeg,,,
273227,"צינור שחור DN40 L=50 ס""מ",צינורות אפורות,ליפסקי,,,,DN: 40 | L (cm): 50,Pipe with socket DN40 L=300cm,Pipes,📏,273227.jpeg,,,
34-5017,"ברז גן איטלקי NTM 1/2""",ברזים,AQUATEC,,,,"מידה: 1/2"" | תיאור: איטלקי ברז גן NTM 1/2""","NTM Italian Garden Tap 1/2""",Taps,🚰,34-5017.jpg,,,
4000,"אקווה בנד AQ 1"" גבוה למחלק",עוגנים ובנדים,AQUATEC,,,,"מידה: 1"" | תיאור: אקווה בנד למחזק גבוה AQ","Aqua AQ 1"" High Manifold Bend",Anchors & Bends,🔩,7ISR0002.jpg,,,
4003,"אקווה בנד AQ 1"" נמוך למחלק",עוגנים ובנדים,AQUATEC,,,,"מידה: 1"" | תיאור: אקווה בנד למחזק נמוך AQ","Aqua AQ 1"" Low Manifold Bend",Anchors & Bends,🔩,7ISR0002.jpg,,,
40032104,"מקשר הברגה חיצונית NTM 32×1""",מחברי NTM,AQUATEC,,,,"מידה: 32*1"" | תיאור: מקשר הברגה חיצונית","NTM Male Coupler 32×1""",NTM Fittings,🔧,77400222.jpg,,,
40032344,"מקשר הברגה חיצונית NTM 32×3/4""",מחברי NTM,AQUATEC,,,,"מידה: 32*3/4"" | תיאור: מקשר הברגה חיצונית","NTM Male Coupler 32×¾""",NTM Fittings,🔧,77400222.jpg,,,
40132444,מקשר כפול NTM 32×32,מחברי NTM,AQUATEC,,,,תצורה: כפול | מידה: 32*32 | תיאור: מקשר כפול,NTM Double Coupler 32×32,NTM Fittings,🔧,77401622.jpg,,,
40225444,זווית כפולה NTM 25×25,מחברי NTM,AQUATEC,,,,תצורה: כפול | מידה: 25*25 | תיאור: זווית כפולה,NTM Double Elbow 25×25,NTM Fittings,🔧,77403622.jpg,,,
40232104,"מקשר הברגה פנימית NTM 32×1""",מחברי NTM,AQUATEC,,,,"מידה: 32*1"" | תיאור: מקשר הברגה פנימית","NTM Female Coupler 32×1""",NTM Fittings,🔧,77402222.jpg,,,
40232344,"מקשר הברגה פנימית NTM 32×3/4""",מחברי NTM,AQUATEC,,,,"מידה: 32*3/4"" | תיאור: מקשר הברגה פנימית","NTM Female Coupler 32×¾""",NTM Fittings,🔧,77402222.jpg,,,
40332444,זווית כפולה NTM 32×32,מחברי NTM,AQUATEC,,,,תצורה: כפול | מידה: 32*32 | תיאור: זווית כפולה,NTM Double Elbow 32×32,NTM Fittings,🔧,77403622.jpg,,,
4501A,"ברך מי גשם מגולון 3""",ניקוז גג,AQUATEC,,,,"מידה: 3"" | תיאור: ברך למי גשם מגולן 3""","Galvanized Rainwater Elbow 3""",Roof Drainage,🌧,4502A.jpg,,,
4502A,"ברך מי גשם מגולון 4""",ניקוז גג,AQUATEC,,,,"מידה: 4"" | תיאור: ברך למי גשם מגולן 4""","Galvanized Rainwater Elbow 4""",Roof Drainage,🌧,4502A.jpg,,,
506510,אטם דו צדדי,אטמים ופקקים,ליפסקי,,,,DN: 32,Double side gasket DN32,"Gaskets, Nuts & Plugs",⚫,506510.jpeg,,,
506521,אטם חתך שטוח,אטמים ופקקים,ליפסקי,,,,DN: 46,Flat rubber gasket DN46/0,"Gaskets, Nuts & Plugs",⚫,506521.jpeg,,,
506522,אטם דו צדדי,אטמים ופקקים,ליפסקי,,,,DN: 40,Double side gasket DN40,"Gaskets, Nuts & Plugs",⚫,506522.jpeg,,,
506525,"אטם לכוס 2""",אטמים ופקקים,ליפסקי,,,,"תיאור: אטם זכוכית 2"" | מידות: Ø87, Ø3","2"" Glass gasket","Gaskets, Nuts & Plugs",⚫,506525.jpeg,,,
506527,אטם דו צדדי,אטמים ופקקים,ליפסקי,,,,DN: 50,Double side gasket DN50,"Gaskets, Nuts & Plugs",⚫,506527.jpeg,,,
506537,אטם כדורי,אטמים ופקקים,ליפסקי,,,,DN: 50/40,Round rubber gasket DN50/40,"Gaskets, Nuts & Plugs",⚫,506537.jpeg,,,
506539,אטם חתך שטוח,אטמים ופקקים,ליפסקי,,,,DN: 46,Flat rubber gasket DN46,"Gaskets, Nuts & Plugs",⚫,506539.jpeg,,,
506540,אטם כדורי,אטמים ופקקים,ליפסקי,,,,DN: 60/50,Round rubber gasket DN60/50,"Gaskets, Nuts & Plugs",⚫,506540.jpeg,,,
555703,אטם דו צדדי,אטמים ופקקים,ליפסקי,,,,DN: 60,Double side gasket DN60,"Gaskets, Nuts & Plugs",⚫,555703.jpeg,,,
558463,אטם כדורי,אטמים ופקקים,ליפסקי,,,,דגם (קוטר D): 32/50 | תיאור: בבודדים,Double side gasket 32/50,"Gaskets, Nuts & Plugs",⚫,558463.jpeg,,,
6001301250,צינור PPRCT פייזר מיזוג אוויר 125,צינורות PPR פייזר,פולירול,,,,"חומר: PPRCT · מחוזק בסיבי זכוכית (faser) | dn נומינלי: 125 | de קוטר חיצוני: 125.0–126.2 | e עובי דופן: 7.4–8.3 | di קוטר פנימי: 108.4–111.4 | SDR: 17 | PN: 10 | משקל ק""ג/מ׳: 2.750 | מק""ט חוליות: 6001301250 | יצרן: Polyroll",PPRCT Pipe 125,PPR Faser Pipes,🟦,ppr_p87_a.jpg,,,
6001301600,צינור PPRCT פייזר מיזוג אוויר 160,צינורות PPR פייזר,פולירול,,,,"חומר: PPRCT · מחוזק בסיבי זכוכית (faser) | dn נומינלי: 160 | de קוטר חיצוני: 160.0–161.5 | e עובי דופן: 9.5–10.6 | di קוטר פנימי: 138.8–142.5 | SDR: 17 | PN: 10 | משקל ק""ג/מ׳: 4.390 | מק""ט חוליות: 6001301600 | יצרן: Polyroll",PPRCT Pipe 160,PPR Faser Pipes,🟦,ppr_p87_a.jpg,,,
6001302000,צינור PPRCT פייזר מיזוג אוויר 200,צינורות PPR פייזר,פולירול,,,,"חומר: PPRCT · מחוזק בסיבי זכוכית (faser) | dn נומינלי: 200 | de קוטר חיצוני: 200.0–201.8 | e עובי דופן: 11.9–13.2 | di קוטר פנימי: 173.6–178.0 | SDR: 17 | PN: 10 | משקל ק""ג/מ׳: 6.853 | מק""ט חוליות: 6001302000 | יצרן: Polyroll",PPRCT Pipe 200,PPR Faser Pipes,🟦,ppr_p87_a.jpg,,,
6001302500,צינור PPRCT פייזר מיזוג אוויר 250,צינורות PPR פייזר,פולירול,,,,"חומר: PPRCT · מחוזק בסיבי זכוכית (faser) | dn נומינלי: 250 | de קוטר חיצוני: 250.0–252.3 | e עובי דופן: 14.8–16.4 | di קוטר פנימי: 217.2–222.7 | SDR: 17 | PN: 10 | משקל ק""ג/מ׳: 10.900 | מק""ט חוליות: 6001302500 | יצרן: Polyroll",PPRCT Pipe 250,PPR Faser Pipes,🟦,ppr_p87_a.jpg,,,
6001403150,צינור PPRCT פייזר מיזוג אוויר 315,צינורות PPR פייזר,פולירול,,,,"חומר: PPRCT · מחוזק בסיבי זכוכית (faser) | dn נומינלי: 315 | de קוטר חיצוני: 315.0–317.5 | e עובי דופן: 18.7–20.7 | di קוטר פנימי: 273.6–280.1 | SDR: 17 | PN: 10 | משקל ק""ג/מ׳: 16.750 | מק""ט חוליות: 6001403150 | יצרן: Polyroll",PPRCT Pipe 315,PPR Faser Pipes,🟦,ppr_p87_a.jpg,,,
6001403550,צינור PPRCT פייזר מיזוג אוויר 355,צינורות PPR פייזר,פולירול,,,,"חומר: PPRCT · מחוזק בסיבי זכוכית (faser) | dn נומינלי: 355 | de קוטר חיצוני: 355.0–358.2 | e עובי דופן: 21.1–23.4 | di קוטר פנימי: 308.2–316.0 | SDR: 17 | PN: 10 | משקל ק""ג/מ׳: 21.520 | מק""ט חוליות: 6001403550 | יצרן: Polyroll",PPRCT Pipe 355,PPR Faser Pipes,🟦,ppr_p87_a.jpg,,,
6001404000,צינור PPRCT פייזר מיזוג אוויר 400,צינורות PPR פייזר,פולירול,,,,"חומר: PPRCT · מחוזק בסיבי זכוכית (faser) | dn נומינלי: 400 | de קוטר חיצוני: 400.0–403.6 | e עובי דופן: 23.7–26.2 | di קוטר פנימי: 347.6–356.2 | SDR: 17 | PN: 10 | משקל ק""ג/מ׳: 27.300 | מק""ט חוליות: 6001404000 | יצרן: Polyroll",PPRCT Pipe 400,PPR Faser Pipes,🟦,ppr_p87_a.jpg,,,
6001600250,צינור PPR פייזר 25×3.5,צינורות PPR פייזר,פולירול,,,,"שם מלא: צינור פולירול PPR פייזר הולירומה למים חמים וקרים | יצרן: Heliroma | מק""ט יצרן: P-16025-F | PN: 16 | SDR: 7.4 | חומר: PPR · מחוזק בסיבי זכוכית (faser) | dn נומינלי: 25 | de קוטר חיצוני: 25.0–25.3 | e עובי דופן: 3.5–4.0 | di קוטר פנימי: 17.0–18.3 | משקל (ק""ג/מ׳): 0.246 | תקנים: EN ISO 15874 · DIN 8077/8078 | לחץ עבודה (50 שנה): 24.5 בר ב-20°C · 8.1 בר ב-70°C | אורך: 4 מ׳ | מק""ט חוליות: 6001600250",Polyroll Heliroma PPR Faser Pipe for Hot & Cold Water,PPR Faser Pipes,🟦,ppr_p35_a.jpg,,,
6001601100,צינור PPR פייזר 110×15.1,צינורות PPR פייזר,פולירול,,,,"שם מלא: צינור פולירול PPR פייזר הולירומה למים חמים וקרים | יצרן: Heliroma | מק""ט יצרן: P-160110-F | PN: 16 | SDR: 7.4 | חומר: PPR · מחוזק בסיבי זכוכית (faser) | dn נומינלי: 110 | de קוטר חיצוני: 110.0–111.0 | e עובי דופן: 15.1–16.8 | di קוטר פנימי: 76.4–80.8 | משקל (ק""ג/מ׳): 4.344 | תקנים: EN ISO 15874 · DIN 8077/8078 | לחץ עבודה (50 שנה): 24.5 בר ב-20°C · 8.1 בר ב-70°C | אורך: 4 מ׳ | מק""ט חוליות: 6001601100",Polyroll Heliroma PPR Faser Pipe for Hot & Cold Water,PPR Faser Pipes,🟦,ppr_p35_a.jpg,,,
6001602200,צינור PPR פייזר 20×2.8,צינורות PPR פייזר,פולירול,,,,"שם מלא: צינור פולירול PPR פייזר הולירומה למים חמים וקרים | יצרן: Heliroma | מק""ט יצרן: P-16020-F | PN: 16 | SDR: 7.4 | חומר: PPR · מחוזק בסיבי זכוכית (faser) | dn נומינלי: 20 | de קוטר חיצוני: 20.0–20.3 | e עובי דופן: 2.8–3.2 | di קוטר פנימי: 13.6–14.7 | משקל (ק""ג/מ׳): 0.153 | תקנים: EN ISO 15874 · DIN 8077/8078 | לחץ עבודה (50 שנה): 24.5 בר ב-20°C · 8.1 בר ב-70°C | אורך: 4 מ׳",Polyroll Heliroma PPR Faser Pipe for Hot & Cold Water,PPR Faser Pipes,🟦,ppr_p35_a.jpg,,,
6001603200,צינור PPR פייזר 32×4.4,צינורות PPR פייזר,פולירול,,,,"שם מלא: צינור פולירול PPR פייזר הולירומה למים חמים וקרים | יצרן: Heliroma | מק""ט יצרן: P-16032-F | PN: 16 | SDR: 7.4 | חומר: PPR · מחוזק בסיבי זכוכית (faser) | dn נומינלי: 32 | de קוטר חיצוני: 32.0–32.3 | e עובי דופן: 4.4–5.0 | di קוטר פנימי: 22.0–23.5 | משקל (ק""ג/מ׳): 0.390 | תקנים: EN ISO 15874 · DIN 8077/8078 | לחץ עבודה (50 שנה): 24.5 בר ב-20°C · 8.1 בר ב-70°C | אורך: 4 מ׳ | מק""ט חוליות: 6001603200",Polyroll Heliroma PPR Faser Pipe for Hot & Cold Water,PPR Faser Pipes,🟦,ppr_p35_a.jpg,,,
6001604000,צינור PPR פייזר 40×5.5,צינורות PPR פייזר,פולירול,,,,"שם מלא: צינור פולירול PPR פייזר הולירומה למים חמים וקרים | יצרן: Heliroma | מק""ט יצרן: P-16040-F | PN: 16 | SDR: 7.4 | חומר: PPR · מחוזק בסיבי זכוכית (faser) | dn נומינלי: 40 | de קוטר חיצוני: 40.0–40.4 | e עובי דופן: 5.5–6.2 | di קוטר פנימי: 27.6–29.4 | משקל (ק""ג/מ׳): 0.600 | תקנים: EN ISO 15874 · DIN 8077/8078 | לחץ עבודה (50 שנה): 24.5 בר ב-20°C · 8.1 בר ב-70°C | אורך: 4 מ׳ | מק""ט חוליות: 6001604000",Polyroll Heliroma PPR Faser Pipe for Hot & Cold Water,PPR Faser Pipes,🟦,ppr_p35_a.jpg,,,
6001605000,צינור PPR פייזר 50×6.9,צינורות PPR פייזר,פולירול,,,,"שם מלא: צינור פולירול PPR פייזר הולירומה למים חמים וקרים | יצרן: Heliroma | מק""ט יצרן: P-16050-F | PN: 16 | SDR: 7.4 | חומר: PPR · מחוזק בסיבי זכוכית (faser) | dn נומינלי: 50 | de קוטר חיצוני: 50.0–50.5 | e עובי דופן: 6.9–7.7 | di קוטר פנימי: 34.6–36.7 | משקל (ק""ג/מ׳): 0.919 | תקנים: EN ISO 15874 · DIN 8077/8078 | לחץ עבודה (50 שנה): 24.5 בר ב-20°C · 8.1 בר ב-70°C | אורך: 4 מ׳ | מק""ט חוליות: 6001605000",Polyroll Heliroma PPR Faser Pipe for Hot & Cold Water,PPR Faser Pipes,🟦,ppr_p35_a.jpg,,,
6001606300,צינור PPR פייזר 63×8.6,צינורות PPR פייזר,פולירול,,,,"שם מלא: צינור פולירול PPR פייזר הולירומה למים חמים וקרים | יצרן: Heliroma | מק""ט יצרן: P-16063-F | PN: 16 | SDR: 7.4 | חומר: PPR · מחוזק בסיבי זכוכית (faser) | dn נומינלי: 63 | de קוטר חיצוני: 63.0–63.6 | e עובי דופן: 8.6–9.6 | di קוטר פנימי: 43.8–46.4 | משקל (ק""ג/מ׳): 1.433 | תקנים: EN ISO 15874 · DIN 8077/8078 | לחץ עבודה (50 שנה): 24.5 בר ב-20°C · 8.1 בר ב-70°C | אורך: 4 מ׳ | מק""ט חוליות: 6001606300",Polyroll Heliroma PPR Faser Pipe for Hot & Cold Water,PPR Faser Pipes,🟦,ppr_p35_a.jpg,,,
6001607500,צינור PPR פייזר 75×10.3,צינורות PPR פייזר,פולירול,,,,"שם מלא: צינור פולירול PPR פייזר הולירומה למים חמים וקרים | יצרן: Heliroma | מק""ט יצרן: P-16075-F | PN: 16 | SDR: 7.4 | חומר: PPR · מחוזק בסיבי זכוכית (faser) | dn נומינלי: 75 | de קוטר חיצוני: 75.0–75.7 | e עובי דופן: 10.3–11.5 | di קוטר פנימי: 52.0–55.1 | משקל (ק""ג/מ׳): 2.061 | תקנים: EN ISO 15874 · DIN 8077/8078 | לחץ עבודה (50 שנה): 24.5 בר ב-20°C · 8.1 בר ב-70°C | אורך: 4 מ׳ | מק""ט חוליות: 6001607500",Polyroll Heliroma PPR Faser Pipe for Hot & Cold Water,PPR Faser Pipes,🟦,ppr_p35_a.jpg,,,
6001609000,צינור PPR פייזר 90×12.3,צינורות PPR פייזר,פולירול,,,,"שם מלא: צינור פולירול PPR פייזר הולירומה למים חמים וקרים | יצרן: Heliroma | מק""ט יצרן: P-16090-F | PN: 16 | SDR: 7.4 | חומר: PPR · מחוזק בסיבי זכוכית (faser) | dn נומינלי: 90 | de קוטר חיצוני: 90.0–90.9 | e עובי דופן: 12.3–13.7 | di קוטר פנימי: 62.6–66.3 | משקל (ק""ג/מ׳): 2.933 | תקנים: EN ISO 15874 · DIN 8077/8078 | לחץ עבודה (50 שנה): 24.5 בר ב-20°C · 8.1 בר ב-70°C | אורך: 4 מ׳ | מק""ט חוליות: 6001609000",Polyroll Heliroma PPR Faser Pipe for Hot & Cold Water,PPR Faser Pipes,🟦,ppr_p35_a.jpg,,,
6002000110,מצמד PPR 110,מצמדים PPR,פולירול,,,,"F: 108.4 | B: 144 | A: 88 | מק""ט חוליות: 6002000110 | יצרן: Polyroll",PPR Coupler 110,PPR Couplers,🔗,ppr_p44_a.jpg,,,
6002000125,מצמד PPR 125,מצמדים PPR,פולירול,,,,"F: 122.4 | B: 162 | A: 90 | מק""ט חוליות: 6002000125 | יצרן: Polyroll",PPR Coupler 125,PPR Couplers,🔗,ppr_p44_a.jpg,,,
6002000200,מצמד PPR 20,מצמדים PPR,פולירול,,,,"F: 19.2 | B: 27 | A: 31 | מק""ט חוליות: 6002000200 | יצרן: Polyroll",PPR Coupler 20,PPR Couplers,🔗,ppr_p44_a.jpg,,,
6002000250,מצמד PPR 25,מצמדים PPR,פולירול,,,,"F: 24.2 | B: 33 | A: 34 | מק""ט חוליות: 6002000250 | יצרן: Polyroll",PPR Coupler 25,PPR Couplers,🔗,ppr_p44_a.jpg,,,
6002000320,מצמד PPR 32,מצמדים PPR,פולירול,,,,"F: 31.1 | B: 42 | A: 39 | מק""ט חוליות: 6002000320 | יצרן: Polyroll",PPR Coupler 32,PPR Couplers,🔗,ppr_p44_a.jpg,,,
6002000400,מצמד PPR 40,מצמדים PPR,פולירול,,,,"F: 39.0 | B: 54 | A: 43 | מק""ט חוליות: 6002000400 | יצרן: Polyroll",PPR Coupler 40,PPR Couplers,🔗,ppr_p44_a.jpg,,,
6002000500,מצמד PPR 50,מצמדים PPR,פולירול,,,,"F: 48.9 | B: 66 | A: 49 | מק""ט חוליות: 6002000500 | יצרן: Polyroll",PPR Coupler 50,PPR Couplers,🔗,ppr_p44_a.jpg,,,
6002000630,מצמד PPR 63,מצמדים PPR,פולירול,,,,"F: 61.9 | B: 85 | A: 58 | מק""ט חוליות: 6002000630 | יצרן: Polyroll",PPR Coupler 63,PPR Couplers,🔗,ppr_p44_a.jpg,,,
6002000750,מצמד PPR 75,מצמדים PPR,פולירול,,,,"F: 73.7 | B: 101 | A: 65 | מק""ט חוליות: 6002000750 | יצרן: Polyroll",PPR Coupler 75,PPR Couplers,🔗,ppr_p44_a.jpg,,,
6002000900,מצמד PPR 90,מצמדים PPR,פולירול,,,,"F: 88.6 | B: 120 | A: 75 | מק""ט חוליות: 6002000900 | יצרן: Polyroll",PPR Coupler 90,PPR Couplers,🔗,ppr_p44_a.jpg,,,
6002020110,ברך PPR 45° שקע תקע 110,ברכיים PPR,פולירול,,,,"F: 92 | D: 108.4 | B: 144 | A: 179 | מק""ט חוליות: 6002020110 | יצרן: Polyroll",PPR Elbow 110,PPR Elbows,↪️,ppr_p36_a.jpg,,,
6002020125,ברך PPR 45° שקע תקע 125,ברכיים PPR,פולירול,,,,"F: 110 | D: 122.4 | B: 162 | A: 209 | מק""ט חוליות: 6002020125 | יצרן: Polyroll",PPR Elbow 125,PPR Elbows,↪️,ppr_p36_a.jpg,,,
6002020160,ברך PPR 45° פ.פ 160,ברכיים PPR,פולירול,,,,"מודל: A | מק""ט יצרן: P-2020160 | F: 39 | E: 116.2 | D: 160 | C: 223 | A: 160 | מק""ט חוליות: 6002020160 | יצרן: Polyroll",PPR Elbow 160,PPR Elbows,↪️,ppr_p37_a.jpg,,,
6002020200,ברך PPR 45° פ.פ 200,ברכיים PPR,פולירול,,,,"מודל: A | E: 151 | D: 162.0 | C: 200 | A: 354 | מק""ט חוליות: 6002020200 | יצרן: Polyroll",PPR Elbow 200,PPR Elbows,↪️,ppr_p37_a.jpg,,,
6002020220,ברך PPR 45° שקע תקע 20,ברכיים PPR,פולירול,,,,"F: 26 | D: 19.2 | B: 27 | A: 48 | מק""ט חוליות: 6002020220 | יצרן: Polyroll",PPR Elbow 20,PPR Elbows,↪️,ppr_p36_a.jpg,,,
6002020225,ברך PPR 45° שקע תקע 25,ברכיים PPR,פולירול,,,,"F: 29 | D: 24.2 | B: 35 | A: 55 | מק""ט חוליות: 6002020225 | יצרן: Polyroll",PPR Elbow 25,PPR Elbows,↪️,ppr_p36_a.jpg,,,
6002020250,ברך PPR 45° פ.פ 250,ברכיים PPR,פולירול,,,,"מודל: A | E: 156 | D: 202.0 | C: 250 | A: 418 | מק""ט חוליות: 6002020250 | יצרן: Polyroll",PPR Elbow 250,PPR Elbows,↪️,ppr_p37_a.jpg,,,
6002020315,ברך PPR 45° פ.פ 315,ברכיים PPR,פולירול,,,,"מודל: A | E: 202 | D: 255.0 | C: 315 | A: 522 | מק""ט חוליות: 6002020315 | יצרן: Polyroll",PPR Elbow 315,PPR Elbows,↪️,ppr_p37_a.jpg,,,
6002020320,ברך PPR 45° שקע תקע 32,ברכיים PPR,פולירול,,,,"F: 36 | D: 31.1 | B: 42 | A: 67 | מק""ט חוליות: 6002020320 | יצרן: Polyroll",PPR Elbow 32,PPR Elbows,↪️,ppr_p36_a.jpg,,,
6002020355,ברך PPR 45° פ.פ 355,ברכיים PPR,פולירול,,,,"מודל: B | G: 421 | F: 272 | E: 350 | C: 355 | A: 1060 | מק""ט חוליות: 6002020355 | יצרן: Polyroll",PPR Elbow 355,PPR Elbows,↪️,ppr_p37_a.jpg,,,
6002020400,ברך PPR 45° פ.פ 400,ברכיים PPR,פולירול,,,,"מודל: B | G: 480 | F: 306 | E: 400 | C: 400 | A: 1200 | מק""ט חוליות: 6002020400 | יצרן: Polyroll",PPR Elbow 400,PPR Elbows,↪️,ppr_p37_a.jpg,,,
6002020440,ברך PPR 45° שקע תקע 40,ברכיים PPR,פולירול,,,,"F: 40 | D: 39 | B: 52 | A: 70 | מק""ט חוליות: 6002020440 | יצרן: Polyroll",PPR Elbow 40,PPR Elbows,↪️,ppr_p36_a.jpg,,,
6002020500,ברך PPR 45° שקע תקע 50,ברכיים PPR,פולירול,,,,"F: 44 | D: 48.9 | B: 65 | A: 85 | מק""ט חוליות: 6002020500 | יצרן: Polyroll",PPR Elbow 50,PPR Elbows,↪️,ppr_p36_a.jpg,,,
6002020630,ברך PPR 45° שקע תקע 63,ברכיים PPR,פולירול,,,,"F: 53 | D: 61.9 | B: 82 | A: 97 | מק""ט חוליות: 6002020630 | יצרן: Polyroll",PPR Elbow 63,PPR Elbows,↪️,ppr_p36_a.jpg,,,
6002020750,ברך PPR 45° שקע תקע 75,ברכיים PPR,פולירול,,,,"F: 68 | D: 73.7 | B: 101 | A: 130 | מק""ט חוליות: 6002020750 | יצרן: Polyroll",PPR Elbow 75,PPR Elbows,↪️,ppr_p36_a.jpg,,,
6002020900,ברך PPR 45° שקע תקע 90,ברכיים PPR,פולירול,,,,"F: 79 | D: 88.6 | B: 122 | A: 150 | מק""ט חוליות: 6002020900 | יצרן: Polyroll",PPR Elbow 90,PPR Elbows,↪️,ppr_p36_a.jpg,,,
6002060110,ברך PPR 90° שקע תקע 110,ברכיים PPR,פולירול,,,,"F: 108.4 | B: 131.0 | A: 168.0 | מק""ט חוליות: 6002060110 | יצרן: Polyroll",PPR Elbow 110,PPR Elbows,↪️,ppr_p38_a.jpg,,,
6002060125,ברך PPR 90° שקע תקע 125,ברכיים PPR,פולירול,,,,"F: 122.4 | B: 155.0 | A: 191.0 | מק""ט חוליות: 6002060125 | יצרן: Polyroll",PPR Elbow 125,PPR Elbows,↪️,ppr_p38_a.jpg,,,
6002060160,ברך PPR 90° פ.פ 160,ברכיים PPR,פולירול,,,,"מודל: A | E: 39 | D: 116.2 | C: 160 | A: 223 | מק""ט חוליות: 6002060160 | יצרן: Polyroll",PPR Elbow 160,PPR Elbows,↪️,ppr_p39_a.jpg,,,
6002060200,ברך PPR 90° פ.פ 200,ברכיים PPR,פולירול,,,,"מודל: A | E: 151 | D: 162.0 | C: 200 | A: 354 | מק""ט חוליות: 6002060200 | יצרן: Polyroll",PPR Elbow 200,PPR Elbows,↪️,ppr_p39_a.jpg,,,
6002060220,ברך PPR 90° שקע תקע 20,ברכיים PPR,פולירול,,,,"F: 19.2 | B: 27.2 | A: 39.1 | מק""ט חוליות: 6002060220 | יצרן: Polyroll",PPR Elbow 20,PPR Elbows,↪️,ppr_p38_a.jpg,,,
6002060250,ברך PPR 90° פ.פ 250,ברכיים PPR,פולירול,,,,"מודל: A | E: 156 | D: 202.0 | C: 250 | A: 418 | מק""ט חוליות: 6002060250 | יצרן: Polyroll",PPR Elbow 250,PPR Elbows,↪️,ppr_p39_a.jpg,,,
6002060255,ברך PPR 90° שקע תקע 25,ברכיים PPR,פולירול,,,,"F: 24.2 | B: 32.8 | A: 44.9 | מק""ט חוליות: 6002060255 | יצרן: Polyroll",PPR Elbow 25,PPR Elbows,↪️,ppr_p38_a.jpg,,,
6002060315,ברך PPR 90° פ.פ 315,ברכיים PPR,פולירול,,,,"מודל: A | E: 202 | D: 255.0 | C: 315 | A: 522 | מק""ט חוליות: 6002060315 | יצרן: Polyroll",PPR Elbow 315,PPR Elbows,↪️,ppr_p39_a.jpg,,,
6002060320,ברך PPR 90° שקע תקע 32,ברכיים PPR,פולירול,,,,"F: 31.1 | B: 42.6 | A: 57.3 | מק""ט חוליות: 6002060320 | יצרן: Polyroll",PPR Elbow 32,PPR Elbows,↪️,ppr_p38_a.jpg,,,
6002060355,ברך PPR 90° פ.פ 355,ברכיים PPR,פולירול,,,,"מודל: B | G: 421 | F: 272 | E: 350 | C: 355 | A: 1060 | מק""ט חוליות: 6002060355 | יצרן: Polyroll",PPR Elbow 355,PPR Elbows,↪️,ppr_p39_a.jpg,,,
6002060400,ברך PPR 90° פ.פ 400,ברכיים PPR,פולירול,,,,"מודל: B | G: 480 | F: 306 | E: 400 | C: 400 | A: 1200 | מק""ט חוליות: 6002060400 | יצרן: Polyroll",PPR Elbow 400,PPR Elbows,↪️,ppr_p39_a.jpg,,,
6002060440,ברך PPR 90° שקע תקע 40,ברכיים PPR,פולירול,,,,"F: 39.0 | B: 53.0 | A: 68.0 | מק""ט חוליות: 6002060440 | יצרן: Polyroll",PPR Elbow 40,PPR Elbows,↪️,ppr_p38_a.jpg,,,
6002060500,ברך PPR 90° שקע תקע 50,ברכיים PPR,פולירול,,,,"F: 48.9 | B: 68.0 | A: 84.0 | מק""ט חוליות: 6002060500 | יצרן: Polyroll",PPR Elbow 50,PPR Elbows,↪️,ppr_p38_a.jpg,,,
6002060630,ברך PPR 90° שקע תקע 63,ברכיים PPR,פולירול,,,,"F: 61.9 | B: 85.0 | A: 104.0 | מק""ט חוליות: 6002060630 | יצרן: Polyroll",PPR Elbow 63,PPR Elbows,↪️,ppr_p38_a.jpg,,,
6002060750,ברך PPR 90° שקע תקע 75,ברכיים PPR,פולירול,,,,"F: 73.7 | B: 100.0 | A: 120.0 | מק""ט חוליות: 6002060750 | יצרן: Polyroll",PPR Elbow 75,PPR Elbows,↪️,ppr_p38_a.jpg,,,
6002060900,ברך PPR 90° שקע תקע 90,ברכיים PPR,פולירול,,,,"F: 88.6 | B: 121.0 | A: 145.0 | מק""ט חוליות: 6002060900 | יצרן: Polyroll",PPR Elbow 90,PPR Elbows,↪️,ppr_p38_a.jpg,,,
6002300110,מסעף PPR 110,מסעפים PPR,פולירול,,,,"F: 169 | E: 28 | D: 108.4 | B: 140 | A: 201 | מק""ט חוליות: 6002300110 | יצרן: Polyroll",PPR Tee 110,PPR Tees,🔱,ppr_p40_a.jpg,,,
6002300125,מסעף PPR 125,מסעפים PPR,פולירול,,,,"F: 180 | E: 30 | D: 122.4 | B: 163 | A: 223 | מק""ט חוליות: 6002300125 | יצרן: Polyroll",PPR Tee 125,PPR Tees,🔱,ppr_p40_a.jpg,,,
6002300160,מסעף PPR פ.פ 160,מסעפים PPR,פולירול,,,,"מודל: A | מק""ט יצרן: P-2300160 | E: 116.8 | D: 160 | C: 296 | A: 160 | מק""ט חוליות: 6002300160 | יצרן: Polyroll",PPR Tee 160,PPR Tees,🔱,ppr_p41_a.jpg,,,
6002300200,מסעף PPR פ.פ 200,מסעפים PPR,פולירול,,,,"מודל: A | E: 120 | D: 159.7 | C: 200 | A: 500 | מק""ט חוליות: 6002300200 | יצרן: Polyroll",PPR Tee 200,PPR Tees,🔱,ppr_p41_a.jpg,,,
6002300220,מסעף PPR 20,מסעפים PPR,פולירול,,,,"F: 39 | E: 12 | D: 19.2 | B: 27 | A: 51 | מק""ט חוליות: 6002300220 | יצרן: Polyroll",PPR Tee 20,PPR Tees,🔱,ppr_p40_a.jpg,,,
6002300250,מסעף PPR פ.פ 250,מסעפים PPR,פולירול,,,,"מודל: A | E: 131 | D: 214 | C: 250 | A: 573 | מק""ט חוליות: 6002300250 | יצרן: Polyroll",PPR Tee 250,PPR Tees,🔱,ppr_p41_a.jpg,,,
6002300255,מסעף PPR 25,מסעפים PPR,פולירול,,,,"F: 46 | E: 14 | D: 24.2 | B: 33 | A: 60 | מק""ט חוליות: 6002300255 | יצרן: Polyroll",PPR Tee 25,PPR Tees,🔱,ppr_p40_a.jpg,,,
6002300315,מסעף PPR פ.פ 315,מסעפים PPR,פולירול,,,,"מודל: B | E: 295 | D: 277 | C: 315 | A: 945 | מק""ט חוליות: 6002300315 | יצרן: Polyroll",PPR Tee 315,PPR Tees,🔱,ppr_p41_a.jpg,,,
6002300320,מסעף PPR 32,מסעפים PPR,פולירול,,,,"F: 43 | E: 16 | D: 31.1 | B: 43 | A: 73 | מק""ט חוליות: 6002300320 | יצרן: Polyroll",PPR Tee 32,PPR Tees,🔱,ppr_p40_a.jpg,,,
6002300355,מסעף PPR פ.פ 355,מסעפים PPR,פולירול,,,,"מודל: B | E: 309 | D: 307 | C: 355 | A: 948 | מק""ט חוליות: 6002300355 | יצרן: Polyroll",PPR Tee 355,PPR Tees,🔱,ppr_p41_a.jpg,,,
6002300400,מסעף PPR פ.פ 400,מסעפים PPR,פולירול,,,,"מודל: B | E: 324 | D: 349 | C: 400 | A: 1145 | מק""ט חוליות: 6002300400 | יצרן: Polyroll",PPR Tee 400,PPR Tees,🔱,ppr_p41_a.jpg,,,
6002300440,מסעף PPR 40,מסעפים PPR,פולירול,,,,"F: 76 | E: 18 | D: 39.0 | B: 53 | A: 83 | מק""ט חוליות: 6002300440 | יצרן: Polyroll",PPR Tee 40,PPR Tees,🔱,ppr_p40_a.jpg,,,
6002300500,מסעף PPR 50,מסעפים PPR,פולירול,,,,"F: 98 | E: 19 | D: 48.9 | B: 66 | A: 100 | מק""ט חוליות: 6002300500 | יצרן: Polyroll",PPR Tee 50,PPR Tees,🔱,ppr_p40_a.jpg,,,
6002300630,מסעף PPR 63,מסעפים PPR,פולירול,,,,"F: 103 | E: 19 | D: 61.9 | B: 85 | A: 124 | מק""ט חוליות: 6002300630 | יצרן: Polyroll",PPR Tee 63,PPR Tees,🔱,ppr_p40_a.jpg,,,
6002300750,מסעף PPR 75,מסעפים PPR,פולירול,,,,"F: 129 | E: 21 | D: 73.7 | B: 101 | A: 141 | מק""ט חוליות: 6002300750 | יצרן: Polyroll",PPR Tee 75,PPR Tees,🔱,ppr_p40_a.jpg,,,
6002300900,מסעף PPR 90,מסעפים PPR,פולירול,,,,"F: 145 | E: 23 | D: 88.6 | B: 120 | A: 165 | מק""ט חוליות: 6002300900 | יצרן: Polyroll",PPR Tee 90,PPR Tees,🔱,ppr_p40_a.jpg,,,
6002310110,מסעף PPR מצרה 110x90x110,מסעפים PPR,פולירול,,,,"E: 166 | F3: 42 | F2: 37 | F1: 42 | C3: 23 | C2: 89 | C1: 121 | B3: 31 | B2: 108 | B1: 144 | A: 182 | מק""ט חוליות: 6002310110 | יצרן: Polyroll",PPR Tee 110x90x110,PPR Tees,🔱,ppr_p43_a.jpg,,,
6002310125,מסעף PPR מצרה 125x110x125,מסעפים PPR,פולירול,,,,"E: 193 | F3: 40 | F2: 42 | F1: 40 | C3: 30 | C2: 108 | C1: 162 | B3: 30 | B2: 122 | B1: 163 | A: 222 | מק""ט חוליות: 6002310125 | יצרן: Polyroll",PPR Tee 125x110x125,PPR Tees,🔱,ppr_p43_a.jpg,,,
6002310200,מסעף PPR מצרה 25x20x20,מסעפים PPR,פולירול,,,,"E: 44 | F3: 15 | F2: 15 | F1: 16 | C3: 12 | C2: 19 | C1: 27 | B3: 14 | B2: 24 | B1: 33 | A: 53 | מק""ט חוליות: 6002310200 | יצרן: Polyroll",PPR Tee 25x20x20,PPR Tees,🔱,ppr_p42_a.jpg,,,
6002310230,מסעף PPR מצרה 25x25x20,מסעפים PPR,פולירול,,,,"E: 46 | F3: 16 | F2: 15 | F1: 16 | C3: 14 | C2: 24 | C1: 33 | B3: 13 | B2: 24 | B1: 33 | A: 56 | מק""ט חוליות: 6002310230 | יצרן: Polyroll",PPR Tee 25x25x20,PPR Tees,🔱,ppr_p42_a.jpg,,,
6002310250,מסעף PPR מצרה 25x20x25,מסעפים PPR,פולירול,,,,"E: 45 | F3: 15 | F2: 16 | F1: 16 | C3: 12 | C2: 19 | C1: 27 | B3: 14 | B2: 24 | B1: 33 | A: 54 | מק""ט חוליות: 6002310250 | יצרן: Polyroll",PPR Tee 25x20x25,PPR Tees,🔱,ppr_p42_a.jpg,,,
6002310320,מסעף PPR מצרה 32x20x32,מסעפים PPR,פולירול,,,,"E: 55 | F3: 18 | F2: 15 | F1: 18 | C3: 11 | C2: 19 | C1: 29 | B3: 15 | B2: 31 | B1: 43 | A: 60 | מק""ט חוליות: 6002310320 | יצרן: Polyroll",PPR Tee 32x20x32,PPR Tees,🔱,ppr_p42_a.jpg,,,
6002310330,מסעף PPR מצרה 32x25x25,מסעפים PPR,פולירול,,,,"E: 54 | F3: 18 | F2: 16 | F1: 18 | C3: 12 | C2: 24 | C1: 35 | B3: 15 | B2: 31 | B1: 42 | A: 64 | מק""ט חוליות: 6002310330 | יצרן: Polyroll",PPR Tee 32x25x25,PPR Tees,🔱,ppr_p42_a.jpg,,,
6002310350,מסעף PPR מצרה 32x25x32,מסעפים PPR,פולירול,,,,"E: 54 | F3: 16 | F2: 16 | F1: 18 | C3: 12 | C2: 24 | C1: 34 | B3: 15 | B2: 31 | B1: 42 | A: 64 | מק""ט חוליות: 6002310350 | יצרן: Polyroll",PPR Tee 32x25x32,PPR Tees,🔱,ppr_p42_a.jpg,,,
6002310410,מסעף PPR מצרה 40x20x40,מסעפים PPR,פולירול,,,,"E: 64 | F3: 21 | F2: 15 | F1: 21 | C3: 10 | C2: 19 | C1: 29 | B3: 16 | B2: 39 | B1: 54 | A: 61 | מק""ט חוליות: 6002310410 | יצרן: Polyroll",PPR Tee 40x20x40,PPR Tees,🔱,ppr_p42_a.jpg,,,
6002310420,מסעף PPR מצרה 40x25x40,מסעפים PPR,פולירול,,,,"E: 64 | F3: 21 | F2: 16 | F1: 21 | C3: 10 | C2: 24 | C1: 34 | B3: 15 | B2: 39 | B1: 54 | A: 65 | מק""ט חוליות: 6002310420 | יצרן: Polyroll",PPR Tee 40x25x40,PPR Tees,🔱,ppr_p42_a.jpg,,,
6002310430,מסעף PPR מצרה 40x32x40,מסעפים PPR,פולירול,,,,"E: 67 | F3: 21 | F2: 18 | F1: 21 | C3: 13 | C2: 31 | C1: 43 | B3: 17 | B2: 39 | B1: 54 | A: 77 | מק""ט חוליות: 6002310430 | יצרן: Polyroll",PPR Tee 40x32x40,PPR Tees,🔱,ppr_p42_a.jpg,,,
6002310520,מסעף PPR מצרה 50x25x50,מסעפים PPR,פולירול,,,,"E: 76 | F3: 24 | F2: 16 | F1: 24 | C3: 10 | C2: 24 | C1: 34 | B3: 18 | B2: 49 | B1: 67 | A: 70 | מק""ט חוליות: 6002310520 | יצרן: Polyroll",PPR Tee 50x25x50,PPR Tees,🔱,ppr_p42_a.jpg,,,
6002310530,מסעף PPR מצרה 50x32x50,מסעפים PPR,פולירול,,,,"E: 76 | F3: 24 | F2: 18 | F1: 24 | C3: 11 | C2: 31 | C1: 42 | B3: 19 | B2: 49 | B1: 67 | A: 80 | מק""ט חוליות: 6002310530 | יצרן: Polyroll",PPR Tee 50x32x50,PPR Tees,🔱,ppr_p42_a.jpg,,,
6002310540,מסעף PPR מצרה 50x40x50,מסעפים PPR,פולירול,,,,"E: 81 | F3: 24 | F2: 21 | F1: 24 | C3: 14 | C2: 39 | C1: 54 | B3: 19 | B2: 49 | B1: 67 | A: 91 | מק""ט חוליות: 6002310540 | יצרן: Polyroll",PPR Tee 50x40x50,PPR Tees,🔱,ppr_p43_a.jpg,,,
6002310620,מסעף PPR מצרה 63x25x63,מסעפים PPR,פולירול,,,,"E: 94 | F3: 28 | F2: 16 | F1: 28 | C3: 10 | C2: 24 | C1: 34 | B3: 24 | B2: 62 | B1: 85 | A: 83 | מק""ט חוליות: 6002310620 | יצרן: Polyroll",PPR Tee 63x25x63,PPR Tees,🔱,ppr_p43_a.jpg,,,
6002310630,מסעף PPR מצרה 63x32x63,מסעפים PPR,פולירול,,,,"E: 94 | F3: 28 | F2: 18 | F1: 28 | C3: 10 | C2: 31 | C1: 43 | B3: 25 | B2: 62 | B1: 85 | A: 92 | מק""ט חוליות: 6002310630 | יצרן: Polyroll",PPR Tee 63x32x63,PPR Tees,🔱,ppr_p43_a.jpg,,,
6002310640,מסעף PPR מצרה 63x40x63,מסעפים PPR,פולירול,,,,"E: 94 | F3: 28 | F2: 21 | F1: 28 | C3: 10 | C2: 39 | C1: 54 | B3: 21 | B2: 62 | B1: 84 | A: 98 | מק""ט חוליות: 6002310640 | יצרן: Polyroll",PPR Tee 63x40x63,PPR Tees,🔱,ppr_p43_a.jpg,,,
6002310650,מסעף PPR מצרה 63x50x63,מסעפים PPR,פולירול,,,,"E: 111 | F3: 28 | F2: 24 | F1: 28 | C3: 15 | C2: 49 | C1: 67 | B3: 23 | B2: 62 | B1: 85 | A: 111 | מק""ט חוליות: 6002310650 | יצרן: Polyroll",PPR Tee 63x50x63,PPR Tees,🔱,ppr_p43_a.jpg,,,
6002310740,מסעף PPR מצרה 75x40x75,מסעפים PPR,פולירול,,,,"E: 109 | F3: 31 | F2: 21 | F1: 31 | C3: 10 | C2: 39 | C1: 54 | B3: 27 | B2: 74 | B1: 101 | A: 107 | מק""ט חוליות: 6002310740 | יצרן: Polyroll",PPR Tee 75x40x75,PPR Tees,🔱,ppr_p43_a.jpg,,,
6002310750,מסעף PPR מצרה 75x50x75,מסעפים PPR,פולירול,,,,"E: 111 | F3: 31 | F2: 24 | F1: 31 | C3: 12 | C2: 49 | C1: 67 | B3: 25 | B2: 74 | B1: 101 | A: 117 | מק""ט חוליות: 6002310750 | יצרן: Polyroll",PPR Tee 75x50x75,PPR Tees,🔱,ppr_p43_a.jpg,,,
6002310760,מסעף PPR מצרה 75x63x75,מסעפים PPR,פולירול,,,,"E: 117 | F3: 31 | F2: 28 | F1: 31 | C3: 17 | C2: 62 | C1: 86 | B3: 23 | B2: 74 | B1: 101 | A: 131 | מק""ט חוליות: 6002310760 | יצרן: Polyroll",PPR Tee 75x63x75,PPR Tees,🔱,ppr_p43_a.jpg,,,
6002310970,מסעף PPR מצרה 90x75x90,מסעפים PPR,פולירול,,,,"E: 138 | F3: 37 | F2: 31 | F1: 37 | C3: 18 | C2: 74 | C1: 102 | B3: 27 | B2: 89 | B1: 120 | A: 155 | מק""ט חוליות: 6002310970 | יצרן: Polyroll",PPR Tee 90x75x90,PPR Tees,🔱,ppr_p43_a.jpg,,,
6002350500,מצמד PPR פ.ח מצרה,מצמדים PPR,פולירול,,,,"מידה: 50x40 | שיטת חיבור: ריתוך שקע פ.ח | חומר: PPR | מק""ט חוליות: 6002350500 | יצרן: Polyroll","PPR Reducing Coupling, Male Brass",PPR Couplers,🔗,ppr_p45_a.jpg,,,
6002380110,מצמד PPR פ.ח מצרה 110x90,מצמדים PPR,פולירול,,,,"F1: 33 | D1: 35 | C1: 88 | B1: 118 | F2: 38 | D2: 44 | C2: 75 | B2: 110 | A (אורך): 93 | מידה: 110x90 | מק""ט חוליות: 6002380110 | יצרן: Polyroll",PPR Coupler 110x90,PPR Couplers,🔗,ppr_p46_a.jpg,,,
6002380116,מצמד PPR פ.ח מצרה 110x63,מצמדים PPR,פולירול,,,,"F1: 28 | D1: 27 | C1: 62 | B1: 83 | F2: 28 | D2: 42 | C2: 80 | B2: 110 | A (אורך): 72 | מידה: 110x63 | מק""ט חוליות: 6002380116 | יצרן: Polyroll",PPR Coupler 110x63,PPR Couplers,🔗,ppr_p46_a.jpg,,,
6002380117,מצמד PPR פ.ח מצרה 110x75,מצמדים PPR,פולירול,,,,"F1: 31 | D1: 31 | C1: 74 | B1: 98 | F2: 30 | D2: 42 | C2: 80 | B2: 110 | A (אורך): 77 | מידה: 110x75 | מק""ט חוליות: 6002380117 | יצרן: Polyroll",PPR Coupler 110x75,PPR Couplers,🔗,ppr_p46_a.jpg,,,
6002380125,מצמד PPR פ.ח מצרה 125x110,מצמדים PPR,פולירול,,,,"F1: 37 | D1: 47 | C1: 109 | B1: 141 | F2: 72 | D2: 62 | C2: 85 | B2: 125 | A (אורך): 114 | מידה: 125x110 | מק""ט חוליות: 6002380125 | יצרן: Polyroll",PPR Coupler 125x110,PPR Couplers,🔗,ppr_p46_a.jpg,,,
6002380160,מצמד PPR פ.פ מצרה 160,מצמדים PPR,פולירול,,,,"מק""ט יצרן: P-2380160 | D2: 39.9 | D1: 116 | C2: 108.4 | C1: 160 | B2: 138 | B1: 82 | מק""ט חוליות: 6002380160 | יצרן: Polyroll",PPR Coupler 160,PPR Couplers,🔗,ppr_p47_a.jpg,,,
6002380161,מצמד PPR מצרה,מצמדים PPR,פולירול,,,,"מידה נומינלית: 160 | שיטת חיבור: ריתוך שקע | חומר: PPR | מק""ט חוליות: 6002380161 | יצרן: Polyroll",PPR Reducing Coupling,PPR Couplers,🔗,ppr_p47_a.jpg,,,
6002380200,מצמד PPR פ.פ מצרה 200x160,מצמדים PPR,פולירול,,,,"D2: 126 | D1: 120 | C2: 162 | C1: 130 | B2: 200 | B1: 160 | A: 280 | מק""ט חוליות: 6002380200 | יצרן: Polyroll",PPR Coupler 200x160,PPR Couplers,🔗,ppr_p47_a.jpg,,,
6002380210,מצמד PPRCT פ.ח מצרה 25x20,מצמדים PPR,פולירול,,,,"F1: 15 | D1: 16 | C1: 19 | B1: 27 | F2: 19 | D2: 16 | C2: 17 | B2: 25 | A (אורך): 34 | מידה: 25x20 | חומר: PPRCT | מק""ט חוליות: 6002380210 | יצרן: Polyroll",PPR Coupler 25x20,PPR Couplers,🔗,ppr_p45_a.jpg,,,
6002380250,מצמד PPR פ.פ מצרה 250x160,מצמדים PPR,פולירול,,,,"D2: 152 | D1: 100 | C2: 203 | C1: 130 | B2: 250 | B1: 160 | A: 310 | מק""ט חוליות: 6002380250 | יצרן: Polyroll",PPR Coupler 250x160,PPR Couplers,🔗,ppr_p47_a.jpg,,,
6002380251,מצמד PPR פ.פ מצרה 250x200,מצמדים PPR,פולירול,,,,"D2: 150 | D1: 115 | C2: 201 | C1: 160 | B2: 250 | B1: 200 | A: 320 | מק""ט חוליות: 6002380251 | יצרן: Polyroll",PPR Coupler 250x200,PPR Couplers,🔗,ppr_p47_a.jpg,,,
6002380315,מצמד PPR פ.פ מצרה 315x200,מצמדים PPR,פולירול,,,,"D2: 142 | D1: 129 | C2: 256 | C1: 157 | B2: 315 | B1: 200 | A: 376 | מק""ט חוליות: 6002380315 | יצרן: Polyroll",PPR Coupler 315x200,PPR Couplers,🔗,ppr_p47_a.jpg,,,
6002380316,מצמד PPR פ.פ מצרה 315x250,מצמדים PPR,פולירול,,,,"D2: 142 | D1: 118 | C2: 256 | C1: 200 | B2: 315 | B1: 250 | A: 344 | מק""ט חוליות: 6002380316 | יצרן: Polyroll",PPR Coupler 315x250,PPR Couplers,🔗,ppr_p47_a.jpg,,,
6002380320,מצמד PPRCT פ.ח מצרה 32x20,מצמדים PPR,פולירול,,,,"F1: 15 | D1: 17 | C1: 19 | B1: 28 | F2: 16 | D2: 19 | C2: 24 | B2: 32 | A (אורך): 37 | מידה: 32x20 | חומר: PPRCT | מק""ט חוליות: 6002380320 | יצרן: Polyroll",PPR Coupler 32x20,PPR Couplers,🔗,ppr_p45_a.jpg,,,
6002380330,מצמד PPRCT פ.ח מצרה 32x25,מצמדים PPR,פולירול,,,,"F1: 16 | D1: 13 | C1: 24 | B1: 32 | F2: 18 | D2: 21 | C2: 24 | B2: 32 | A (אורך): 34 | מידה: 32x25 | חומר: PPRCT | מק""ט חוליות: 6002380330 | יצרן: Polyroll",PPR Coupler 32x25,PPR Couplers,🔗,ppr_p45_a.jpg,,,
6002380400,מצמד PPR פ.ח מצרה 40x20,מצמדים PPR,פולירול,,,,"F1: 15 | D1: 15 | C1: 19 | B1: 29 | F2: 23 | D2: 22 | C2: 27 | B2: 40 | A (אורך): 41 | מידה: 40x20 | מק""ט חוליות: 6002380400 | יצרן: Polyroll",PPR Coupler 40x20,PPR Couplers,🔗,ppr_p45_a.jpg,,,
6002380410,מצמד PPR פ.ח מצרה 40x25,מצמדים PPR,פולירול,,,,"F1: 16 | D1: 17 | C1: 24 | B1: 34 | F2: 20 | D2: 20 | C2: 29 | B2: 40 | A (אורך): 43 | מידה: 40x25 | מק""ט חוליות: 6002380410 | יצרן: Polyroll",PPR Coupler 40x25,PPR Couplers,🔗,ppr_p45_a.jpg,,,
6002380420,מצמד PPR פ.ח מצרה 40x32,מצמדים PPR,פולירול,,,,"F1: 18 | D1: 18 | C1: 31 | B1: 42 | F2: 21 | D2: 29 | C2: 29 | B2: 40 | A (אורך): 47 | מידה: 40x32 | מק""ט חוליות: 6002380420 | יצרן: Polyroll",PPR Coupler 40x32,PPR Couplers,🔗,ppr_p45_a.jpg,,,
6002380510,מצמד PPR פ.ח מצרה 50x20,מצמדים PPR,פולירול,,,,"F1: 15 | D1: 15 | C1: 19 | B1: 29 | F2: 18 | D2: 23 | C2: 37 | B2: 50 | A (אורך): 45 | מידה: 50x20 | מק""ט חוליות: 6002380510 | יצרן: Polyroll",PPR Coupler 50x20,PPR Couplers,🔗,ppr_p45_a.jpg,,,
6002380520,מצמד PPR פ.ח מצרה 50x32,מצמדים PPR,פולירול,,,,"F1: 18 | D1: 20 | C1: 32 | B1: 42 | F2: 26 | D2: 26 | C2: 36 | B2: 51 | A (אורך): 54 | מידה: 50x32 | מק""ט חוליות: 6002380520 | יצרן: Polyroll",PPR Coupler 50x32,PPR Couplers,🔗,ppr_p45_a.jpg,,,
6002380550,מצמד PPR פ.ח מצרה 50x25,מצמדים PPR,פולירול,,,,"F1: 16 | D1: 16 | C1: 24 | B1: 34 | F2: 19 | D2: 23 | C2: 37 | B2: 50 | A (אורך): 47 | מידה: 50x25 | מק""ט חוליות: 6002380550 | יצרן: Polyroll",PPR Coupler 50x25,PPR Couplers,🔗,ppr_p45_a.jpg,,,
6002380620,מצמד PPR פ.ח מצרה 63x25,מצמדים PPR,פולירול,,,,"F1: 16 | D1: 19 | C1: 24 | B1: 34 | F2: 23 | D2: 22 | C2: 44 | B2: 64 | A (אורך): 53 | מידה: 63x25 | מק""ט חוליות: 6002380620 | יצרן: Polyroll",PPR Coupler 63x25,PPR Couplers,🔗,ppr_p46_a.jpg,,,
6002380630,מצמד PPR פ.ח מצרה 63x40,מצמדים PPR,פולירול,,,,"F1: 21 | D1: 18 | C1: 39 | B1: 53 | F2: 20 | D2: 25 | C2: 47 | B2: 64 | A (אורך): 48 | מידה: 63x40 | מק""ט חוליות: 6002380630 | יצרן: Polyroll",PPR Coupler 63x40,PPR Couplers,🔗,ppr_p46_a.jpg,,,
6002380650,מצמד PPR פ.ח מצרה 63x32,מצמדים PPR,פולירול,,,,"F1: 18 | D1: 18 | C1: 31 | B1: 42 | F2: 21 | D2: 27 | C2: 47 | B2: 64 | A (אורך): 50 | מידה: 63x32 | מק""ט חוליות: 6002380650 | יצרן: Polyroll",PPR Coupler 63x32,PPR Couplers,🔗,ppr_p46_a.jpg,,,
6002380670,מצמד PPR פ.ח מצרה 63x50,מצמדים PPR,פולירול,,,,"F1: 24 | D1: 24 | C1: 49 | B1: 66 | F2: 28 | D2: 29 | C2: 43 | B2: 64 | A (אורך): 53 | מידה: 63x50 | מק""ט חוליות: 6002380670 | יצרן: Polyroll",PPR Coupler 63x50,PPR Couplers,🔗,ppr_p46_a.jpg,,,
6002380750,מצמד PPR פ.ח מצרה 75x50,מצמדים PPR,פולירול,,,,"F1: 24 | D1: 24 | C1: 49 | B1: 66 | F2: 24 | D2: 31 | C2: 55 | B2: 76 | A (אורך): 60 | מידה: 75x50 | מק""ט חוליות: 6002380750 | יצרן: Polyroll",PPR Coupler 75x50,PPR Couplers,🔗,ppr_p46_a.jpg,,,
6002380760,מצמד PPR פ.ח מצרה 75x63,מצמדים PPR,פולירול,,,,"F1: 28 | D1: 28 | C1: 62 | B1: 84 | F2: 32 | D2: 34 | C2: 50 | B2: 76 | A (אורך): 70 | מידה: 75x63 | מק""ט חוליות: 6002380760 | יצרן: Polyroll",PPR Coupler 75x63,PPR Couplers,🔗,ppr_p46_a.jpg,,,
6002380960,מצמד PPR פ.ח מצרה 90x63,מצמדים PPR,פולירול,,,,"F1: 28 | D1: 28 | C1: 62 | B1: 83 | F2: 27 | D2: 35 | C2: 65 | B2: 91 | A (אורך): 66 | מידה: 90x63 | מק""ט חוליות: 6002380960 | יצרן: Polyroll",PPR Coupler 90x63,PPR Couplers,🔗,ppr_p46_a.jpg,,,
6002420110,פקק PPR 110,פקקים PPR,פולירול,,,,"F: 108.4 | B1: 144 | A: 61 | מק""ט חוליות: 6002420110 | יצרן: Polyroll",PPR Plug 110,PPR Plugs,🔘,ppr_p70_a.jpg,,,
6002420125,פקק PPR 125,פקקים PPR,פולירול,,,,"F: 122.4 | B1: 162 | A: 68 | מק""ט חוליות: 6002420125 | יצרן: Polyroll",PPR Plug 125,PPR Plugs,🔘,ppr_p70_a.jpg,,,
6002420160,פקק PPR פנים 160,פקקים PPR,פולירול,,,,"מק""ט יצרן: P-2420160 | G: 47 | F: 115.2 | C: 161 | B: 73 | A: 160 | מק""ט חוליות: 6002420160 | יצרן: Polyroll",PPR Plug 160,PPR Plugs,🔘,ppr_p71_a.jpg,,,
6002420200,פקק PPR 20,פקקים PPR,פולירול,,,,"F: 19.2 | B1: 28 | A: 20 | מק""ט חוליות: 6002420200 | יצרן: Polyroll",PPR Plug 20,PPR Plugs,🔘,ppr_p70_a.jpg,,,
6002420250,פקק PPR 25,פקקים PPR,פולירול,,,,"F: 24.2 | B1: 34 | A: 22 | מק""ט חוליות: 6002420250 | יצרן: Polyroll",PPR Plug 25,PPR Plugs,🔘,ppr_p70_a.jpg,,,
6002420320,פקק PPR 32,פקקים PPR,פולירול,,,,"F: 31.1 | B1: 42 | A: 26 | מק""ט חוליות: 6002420320 | יצרן: Polyroll",PPR Plug 32,PPR Plugs,🔘,ppr_p70_a.jpg,,,
6002420400,פקק PPR 40,פקקים PPR,פולירול,,,,"F: 39.0 | B1: 53 | A: 29 | מק""ט חוליות: 6002420400 | יצרן: Polyroll",PPR Plug 40,PPR Plugs,🔘,ppr_p70_a.jpg,,,
6002420500,פקק PPR 50,פקקים PPR,פולירול,,,,"F: 48.9 | B1: 68 | A: 32 | מק""ט חוליות: 6002420500 | יצרן: Polyroll",PPR Plug 50,PPR Plugs,🔘,ppr_p70_a.jpg,,,
6002420630,פקק PPR 63,פקקים PPR,פולירול,,,,"F: 61.9 | B1: 87 | A: 42 | מק""ט חוליות: 6002420630 | יצרן: Polyroll",PPR Plug 63,PPR Plugs,🔘,ppr_p70_a.jpg,,,
6002420750,פקק PPR 75,פקקים PPR,פולירול,,,,"F: 73.7 | B1: 100 | A: 43 | מק""ט חוליות: 6002420750 | יצרן: Polyroll",PPR Plug 75,PPR Plugs,🔘,ppr_p70_a.jpg,,,
6002420900,פקק PPR 90,פקקים PPR,פולירול,,,,"F: 88.6 | B1: 122 | A: 53 | מק""ט חוליות: 6002420900 | יצרן: Polyroll",PPR Plug 90,PPR Plugs,🔘,ppr_p70_a.jpg,,,
6002422200,פקק PPR פנים 200,פקקים PPR,פולירול,,,,"G: 120 | F: 96 | C: 164 | B: 200 | A: 180 | מק""ט חוליות: 6002422200 | יצרן: Polyroll",PPR Plug 200,PPR Plugs,🔘,ppr_p71_a.jpg,,,
6002422250,פקק PPR פנים 250,פקקים PPR,פולירול,,,,"G: 135 | F: 115 | C: 205 | B: 250 | A: 217 | מק""ט חוליות: 6002422250 | יצרן: Polyroll",PPR Plug 250,PPR Plugs,🔘,ppr_p71_a.jpg,,,
6002422315,פקק PPR פנים 315,פקקים PPR,פולירול,,,,"G: 161 | F: 143 | C: 258 | B: 315 | A: 256 | מק""ט חוליות: 6002422315 | יצרן: Polyroll",PPR Plug 315,PPR Plugs,🔘,ppr_p71_a.jpg,,,
6002580970,מצמד PPR פ.ח מצרה 90x75,מצמדים PPR,פולירול,,,,"A: 80 | מידה: 90x75 | שיטת חיבור: ריתוך שקע פ.ח | חומר: PPR | מק""ט חוליות: 6002580970 | יצרן: Polyroll",PPR Coupler 90x75,PPR Couplers,🔗,ppr_p46_a.jpg,,,
6004800630,רוכב PPR 63-75-90x20,רוכבים PPR,פולירול,,,,"מודל: A | G: 10 | F2: 15 | F1: 25 | D: 27 | C3: 19.2 | C1: 16 | B: 38 | A: 38 | מק""ט חוליות: 6004800630 | יצרן: Polyroll",PPR Saddle 63-75-90x20,PPR Saddles,🪢,ppr_p58_a.jpg,,,
6004800640,רוכב PPR 63-75-90x25,רוכבים PPR,פולירול,,,,"מודל: A | G: 10 | F2: 16 | F1: 25 | D: 33 | C3: 24.2 | C1: 16 | B: 38 | A: 38 | מק""ט חוליות: 6004800640 | יצרן: Polyroll",PPR Saddle 63-75-90x25,PPR Saddles,🪢,ppr_p58_a.jpg,,,
6004800650,רוכב PPR 63-75-90x32,רוכבים PPR,פולירול,,,,"מודל: B | G: 11 | F2: 18 | F1: 32 | D: 42 | C3: 31.1 | C1: 20 | B: 38 | A: 46 | מק""ט חוליות: 6004800650 | יצרן: Polyroll",PPR Saddle 63-75-90x32,PPR Saddles,🪢,ppr_p58_a.jpg,,,
6004801100,רוכב PPR 110-125-160x20,רוכבים PPR,פולירול,,,,"מודל: A | G: 14 | F2: 15 | F1: 25 | D: 27 | C3: 19.2 | C1: 16 | B: 38 | A: 42 | מק""ט חוליות: 6004801100 | יצרן: Polyroll",PPR Saddle 110-125-160x20,PPR Saddles,🪢,ppr_p58_a.jpg,,,
6004801110,רוכב PPR 110-125-160x25,רוכבים PPR,פולירול,,,,"מודל: B | G: 14 | F2: 16 | F1: 25 | D: 33 | C3: 24.2 | C1: 16 | B: 38 | A: 42 | מק""ט חוליות: 6004801110 | יצרן: Polyroll",PPR Saddle 110-125-160x25,PPR Saddles,🪢,ppr_p58_a.jpg,,,
6004801120,רוכב PPR 110-125-160x32,רוכבים PPR,פולירול,,,,"מודל: B | G: 14 | F2: 18 | F1: 32 | D: 42 | C3: 31.1 | C1: 20 | B: 38 | A: 50 | מק""ט חוליות: 6004801120 | יצרן: Polyroll",PPR Saddle 110-125-160x32,PPR Saddles,🪢,ppr_p58_a.jpg,,,
6005011000,צווארון PPR שקע תקע 110,צווארונים ואוגנים PPR,פולירול,,,,"P: 27 | J: 19 | I: 30 | H: 12 | G: 15 | F: 108 | E: 49 | C: 106 | B: 134 | A: 159 | מק""ט חוליות: 6005011000 | יצרן: Polyroll",PPR Collar 110,PPR Collars,⭕,ppr_p66_a.jpg,,,
6005012500,צווארון PPR שקע תקע 125,צווארונים ואוגנים PPR,פולירול,,,,"P: 32 | J: 20 | I: 32 | H: 11 | G: 21 | F: 124 | E: 52 | C: 124 | B: 166 | A: 188 | מק""ט חוליות: 6005012500 | יצרן: Polyroll",PPR Collar 125,PPR Collars,⭕,ppr_p66_a.jpg,,,
6005016000,צווארון PPR פנים 160,צווארונים ואוגנים PPR,פולירול,,,,"K: 25 | I: 50 | H: 21 | F: 151 | E: 188 | D: 118 | C: 160 | B: 221 | A: 160 | מק""ט חוליות: 6005016000 | יצרן: Polyroll",PPR Collar P-PBRIDA160H,PPR Collars,⭕,ppr_p67_a.jpg,,,
6005020000,צווארון PPR פנים 200,צווארונים ואוגנים PPR,פולירול,,,,"K: 121 | I: 33 | H: 155 | F: 236 | E: 162 | D: 188 | C: 162 | B: 200 | A: 268 | מק""ט חוליות: 6005020000 | יצרן: Polyroll",PPR Collar 200,PPR Collars,⭕,ppr_p67_a.jpg,,,
6005025000,צווארון PPR פנים 250,צווארונים ואוגנים PPR,פולירול,,,,"K: 145 | I: 39 | H: 187 | F: 288 | E: 204 | D: 226 | C: 204 | B: 250 | A: 323 | מק""ט חוליות: 6005025000 | יצרן: Polyroll",PPR Collar 250,PPR Collars,⭕,ppr_p67_a.jpg,,,
6005031500,צווארון PPR פנים 315,צווארונים ואוגנים PPR,פולירול,,,,"K: 160 | I: 39 | H: 209 | F: 340 | E: 257 | D: 248 | C: 257 | B: 315 | A: 369 | מק""ט חוליות: 6005031500 | יצרן: Polyroll",PPR Collar 315,PPR Collars,⭕,ppr_p67_a.jpg,,,
6005035500,צווארון PPR פנים 355,צווארונים ואוגנים PPR,פולירול,,,,"K: 56 | I: 42 | H: 110 | F: 375 | E: 284 | D: 152 | C: 283 | B: 355 | A: 429 | מק""ט חוליות: 6005035500 | יצרן: Polyroll",PPR Collar 355,PPR Collars,⭕,ppr_p67_a.jpg,,,
6005040000,צווארון PPR פנים 400,צווארונים ואוגנים PPR,פולירול,,,,"K: 40 | I: 47 | H: 91 | F: 426 | E: 324 | D: 138 | C: 324 | B: 400 | A: 478 | מק""ט חוליות: 6005040000 | יצרן: Polyroll",PPR Collar 400,PPR Collars,⭕,ppr_p67_a.jpg,,,
6005044000,צווארון PPR שקע תקע 40,צווארונים ואוגנים PPR,פולירול,,,,"P: 20 | J: 10 | I: 16 | H: 13 | G: 7 | F: 38 | E: 26 | C: 37 | B: 50 | A: 77 | מק""ט חוליות: 6005044000 | יצרן: Polyroll",PPR Collar 40,PPR Collars,⭕,ppr_p66_a.jpg,,,
6005050000,צווארון PPR שקע תקע 50,צווארונים ואוגנים PPR,פולירול,,,,"P: 19 | J: 12 | I: 18 | H: 11 | G: 8 | F: 48 | E: 30 | C: 49 | B: 64 | A: 87 | מק""ט חוליות: 6005050000 | יצרן: Polyroll",PPR Collar 50,PPR Collars,⭕,ppr_p66_a.jpg,,,
6005063000,צווארון PPR שקע תקע 63,צווארונים ואוגנים PPR,פולירול,,,,"P: 20 | J: 14 | I: 20 | H: 11 | G: 9 | F: 60 | E: 34 | C: 61 | B: 77 | A: 100 | מק""ט חוליות: 6005063000 | יצרן: Polyroll",PPR Collar 63,PPR Collars,⭕,ppr_p66_a.jpg,,,
6005075000,צווארון PPR שקע תקע 75,צווארונים ואוגנים PPR,פולירול,,,,"P: 20 | J: 13 | I: 23 | H: 9 | G: 11 | F: 72 | E: 36 | C: 73 | B: 94 | A: 113 | מק""ט חוליות: 6005075000 | יצרן: Polyroll",PPR Collar 75,PPR Collars,⭕,ppr_p66_a.jpg,,,
6005090000,צווארון PPR שקע תקע 90,צווארונים ואוגנים PPR,פולירול,,,,"P: 22 | J: 16 | I: 26 | H: 9 | G: 13 | F: 88 | E: 42 | C: 89 | B: 114 | A: 133 | מק""ט חוליות: 6005090000 | יצרן: Polyroll",PPR Collar 90,PPR Collars,⭕,ppr_p66_a.jpg,,,
6005120200,צווארון PPR פנים פרפר 200,צווארונים ואוגנים PPR,פולירול,,,,"K: 121 | I: 33 | H: 155 | F: 236 | E: 162 | D: 188 | C: 162 | B: 200 | A: 268 | מק""ט חוליות: 6005120200 | יצרן: Polyroll",PPR Collar 200,PPR Collars,⭕,ppr_p68_a.jpg,,,
6005125250,צווארון PPR פנים פרפר 250,צווארונים ואוגנים PPR,פולירול,,,,"K: 145 | I: 39 | H: 187 | F: 288 | E: 204 | D: 226 | C: 204 | B: 250 | A: 323 | מק""ט חוליות: 6005125250 | יצרן: Polyroll",PPR Collar 250,PPR Collars,⭕,ppr_p68_a.jpg,,,
6005131500,צווארון PPR פנים פרפר 315,צווארונים ואוגנים PPR,פולירול,,,,"K: 160 | I: 39 | H: 209 | F: 340 | E: 257 | D: 248 | C: 257 | B: 315 | A: 369 | מק""ט חוליות: 6005131500 | יצרן: Polyroll",PPR Collar 315,PPR Collars,⭕,ppr_p68_a.jpg,,,
6005135160,צווארון PPR פנים פרפר 160,צווארונים ואוגנים PPR,פולירול,,,,"K: 25 | I: 50 | H: 21 | F: 151 | E: 188 | D: 118 | C: 160 | B: 221 | A: 160 | מק""ט חוליות: 6005135160 | יצרן: Polyroll",PPR Collar P-PBRIDA160-VB,PPR Collars,⭕,ppr_p68_a.jpg,,,
6005135355,צווארון PPR פנים פרפר 355,צווארונים ואוגנים PPR,פולירול,,,,"K: 56 | I: 42 | H: 110 | F: 375 | E: 284 | D: 152 | C: 283 | B: 355 | A: 429 | מק""ט חוליות: 6005135355 | יצרן: Polyroll",PPR Collar 355,PPR Collars,⭕,ppr_p68_a.jpg,,,
6005135401,צווארון PPR פנים פרפר 400,צווארונים ואוגנים PPR,פולירול,,,,"K: 40 | I: 47 | H: 91 | F: 426 | E: 324 | D: 138 | C: 324 | B: 400 | A: 478 | מק""ט חוליות: 6005135401 | יצרן: Polyroll",PPR Collar 400,PPR Collars,⭕,ppr_p68_a.jpg,,,
6005302063,ברך PPR חשמלי 45° 63,אביזרי ריתוך חשמלי PPR,פולירול,,,,"שיטת חיבור: ריתוך אלקטרופיוזן | חומר: PPR | dn נומינלי: 63 | מק""ט חוליות: 6005302063 | יצרן: Polyroll | תיאור: ברך לריתוך חשמלי",PPR Elbow 63,PPR Electrofusion,⚡,ppr_p72_a.jpg,,,
6005302090,ברך PPR חשמלי 45° 90,אביזרי ריתוך חשמלי PPR,פולירול,,,,"שיטת חיבור: ריתוך אלקטרופיוזן | חומר: PPR | dn נומינלי: 90 | מק""ט חוליות: 6005302090 | יצרן: Polyroll | תיאור: ברך לריתוך חשמלי",PPR Elbow 90,PPR Electrofusion,⚡,ppr_p72_a.jpg,,,
6005302110,ברך PPR חשמלי 45° 110,אביזרי ריתוך חשמלי PPR,פולירול,,,,"שיטת חיבור: ריתוך אלקטרופיוזן | חומר: PPR | dn נומינלי: 110 | מק""ט חוליות: 6005302110 | יצרן: Polyroll | תיאור: ברך לריתוך חשמלי",PPR Elbow 110,PPR Electrofusion,⚡,ppr_p72_a.jpg,,,
6005302125,ברך PPR חשמלי 45° 125,אביזרי ריתוך חשמלי PPR,פולירול,,,,"שיטת חיבור: ריתוך אלקטרופיוזן | חומר: PPR | dn נומינלי: 125 | מק""ט חוליות: 6005302125 | יצרן: Polyroll | תיאור: ברך לריתוך חשמלי",PPR Elbow 125,PPR Electrofusion,⚡,ppr_p72_a.jpg,,,
6005302160,ברך PPR חשמלי 45° 160,אביזרי ריתוך חשמלי PPR,פולירול,,,,"שיטת חיבור: ריתוך אלקטרופיוזן | חומר: PPR | dn נומינלי: 160 | מק""ט חוליות: 6005302160 | יצרן: Polyroll | תיאור: ברך לריתוך חשמלי",PPR Elbow 160,PPR Electrofusion,⚡,ppr_p72_a.jpg,,,
6005320025,מצמד PPR חשמלי 25,אביזרי ריתוך חשמלי PPR,פולירול,,,,"שיטת חיבור: ריתוך אלקטרופיוזן | חומר: PPR | dn נומינלי: 25 | מק""ט חוליות: 6005320025 | יצרן: Polyroll | תיאור: מצמד לריתוך חשמלי",PPR Coupler 25,PPR Electrofusion,⚡,ppr_p73_b.jpg,,,
6005320032,מצמד PPR חשמלי 32,אביזרי ריתוך חשמלי PPR,פולירול,,,,"שיטת חיבור: ריתוך אלקטרופיוזן | חומר: PPR | dn נומינלי: 32 | מק""ט חוליות: 6005320032 | יצרן: Polyroll | תיאור: מצמד לריתוך חשמלי",PPR Coupler 32,PPR Electrofusion,⚡,ppr_p73_b.jpg,,,
6005320040,מצמד PPR חשמלי 40,אביזרי ריתוך חשמלי PPR,פולירול,,,,"שיטת חיבור: ריתוך אלקטרופיוזן | חומר: PPR | dn נומינלי: 40 | מק""ט חוליות: 6005320040 | יצרן: Polyroll | תיאור: מצמד לריתוך חשמלי",PPR Coupler 40,PPR Electrofusion,⚡,ppr_p73_b.jpg,,,
6005320050,מצמד PPR חשמלי 50,אביזרי ריתוך חשמלי PPR,פולירול,,,,"שיטת חיבור: ריתוך אלקטרופיוזן | חומר: PPR | dn נומינלי: 50 | מק""ט חוליות: 6005320050 | יצרן: Polyroll | תיאור: מצמד לריתוך חשמלי",PPR Coupler 50,PPR Electrofusion,⚡,ppr_p73_b.jpg,,,
6005320063,מצמד PPR חשמלי 63,אביזרי ריתוך חשמלי PPR,פולירול,,,,"שיטת חיבור: ריתוך אלקטרופיוזן | חומר: PPR | dn נומינלי: 63 | מק""ט חוליות: 6005320063 | יצרן: Polyroll | תיאור: מצמד לריתוך חשמלי",PPR Coupler 63,PPR Electrofusion,⚡,ppr_p73_b.jpg,,,
6005320075,מצמד PPR חשמלי 75,אביזרי ריתוך חשמלי PPR,פולירול,,,,"שיטת חיבור: ריתוך אלקטרופיוזן | חומר: PPR | dn נומינלי: 75 | מק""ט חוליות: 6005320075 | יצרן: Polyroll | תיאור: מצמד לריתוך חשמלי",PPR Coupler 75,PPR Electrofusion,⚡,ppr_p73_b.jpg,,,
6005320090,מצמד PPR חשמלי 90,אביזרי ריתוך חשמלי PPR,פולירול,,,,"שיטת חיבור: ריתוך אלקטרופיוזן | חומר: PPR | dn נומינלי: 90 | מק""ט חוליות: 6005320090 | יצרן: Polyroll | תיאור: מצמד לריתוך חשמלי",PPR Coupler 90,PPR Electrofusion,⚡,ppr_p73_b.jpg,,,
6005320110,מצמד PPR חשמלי 110,אביזרי ריתוך חשמלי PPR,פולירול,,,,"שיטת חיבור: ריתוך אלקטרופיוזן | חומר: PPR | dn נומינלי: 110 | מק""ט חוליות: 6005320110 | יצרן: Polyroll | תיאור: מצמד לריתוך חשמלי",PPR Coupler 110,PPR Electrofusion,⚡,ppr_p73_b.jpg,,,
6005320125,מצמד PPR חשמלי 125,אביזרי ריתוך חשמלי PPR,פולירול,,,,"שיטת חיבור: ריתוך אלקטרופיוזן | חומר: PPR | dn נומינלי: 125 | מק""ט חוליות: 6005320125 | יצרן: Polyroll | תיאור: מצמד לריתוך חשמלי",PPR Coupler 125,PPR Electrofusion,⚡,ppr_p73_b.jpg,,,
6005320160,מצמד PPR חשמלי 160,אביזרי ריתוך חשמלי PPR,פולירול,,,,"שיטת חיבור: ריתוך אלקטרופיוזן | חומר: PPR | dn נומינלי: 160 | מק""ט חוליות: 6005320160 | יצרן: Polyroll | תיאור: מצמד לריתוך חשמלי",PPR Coupler 160,PPR Electrofusion,⚡,ppr_p73_b.jpg,,,
6005320200,מצמד PPR חשמלי 200,אביזרי ריתוך חשמלי PPR,פולירול,,,,"שיטת חיבור: ריתוך אלקטרופיוזן | חומר: PPR | dn נומינלי: 200 | מק""ט חוליות: 6005320200 | יצרן: Polyroll | תיאור: מצמד לריתוך חשמלי",PPR Coupler 200,PPR Electrofusion,⚡,ppr_p73_b.jpg,,,
6005320250,מצמד PPR חשמלי 250,אביזרי ריתוך חשמלי PPR,פולירול,,,,"שיטת חיבור: ריתוך אלקטרופיוזן | חומר: PPR | dn נומינלי: 250 | מק""ט חוליות: 6005320250 | יצרן: Polyroll | תיאור: מצמד לריתוך חשמלי",PPR Coupler 250,PPR Electrofusion,⚡,ppr_p73_b.jpg,,,
6005320315,מצמד PPR חשמלי 315,אביזרי ריתוך חשמלי PPR,פולירול,,,,"שיטת חיבור: ריתוך אלקטרופיוזן | חומר: PPR | dn נומינלי: 315 | מק""ט חוליות: 6005320315 | יצרן: Polyroll | תיאור: מצמד לריתוך חשמלי",PPR Coupler 315,PPR Electrofusion,⚡,ppr_p73_b.jpg,,,
6005338063,מצמד PPR חשמלי 63x40,אביזרי ריתוך חשמלי PPR,פולירול,,,,"שיטת חיבור: ריתוך אלקטרופיוזן | חומר: PPR | dn נומינלי: 63x40 | מק""ט חוליות: 6005338063 | יצרן: Polyroll | תיאור: מצמד לריתוך חשמלי",PPR Coupler 63x40,PPR Electrofusion,⚡,ppr_p74_a.jpg,,,
6005338065,מצמד PPR חשמלי 63x32,אביזרי ריתוך חשמלי PPR,פולירול,,,,"שיטת חיבור: ריתוך אלקטרופיוזן | חומר: PPR | dn נומינלי: 63x32 | מק""ט חוליות: 6005338065 | יצרן: Polyroll | תיאור: מצמד לריתוך חשמלי",PPR Coupler 63x32,PPR Electrofusion,⚡,ppr_p74_a.jpg,,,
6005338067,מצמד PPR חשמלי 63x50,אביזרי ריתוך חשמלי PPR,פולירול,,,,"שיטת חיבור: ריתוך אלקטרופיוזן | חומר: PPR | dn נומינלי: 63x50 | מק""ט חוליות: 6005338067 | יצרן: Polyroll | תיאור: מצמד לריתוך חשמלי",PPR Coupler 63x50,PPR Electrofusion,⚡,ppr_p74_a.jpg,,,
6005338076,מצמד PPR חשמלי 75x63,אביזרי ריתוך חשמלי PPR,פולירול,,,,"שיטת חיבור: ריתוך אלקטרופיוזן | חומר: PPR | dn נומינלי: 75x63 | מק""ט חוליות: 6005338076 | יצרן: Polyroll | תיאור: מצמד לריתוך חשמלי",PPR Coupler 75x63,PPR Electrofusion,⚡,ppr_p74_a.jpg,,,
6005338096,מצמד PPR חשמלי 90x63,אביזרי ריתוך חשמלי PPR,פולירול,,,,"שיטת חיבור: ריתוך אלקטרופיוזן | חומר: PPR | dn נומינלי: 90x63 | מק""ט חוליות: 6005338096 | יצרן: Polyroll | תיאור: מצמד לריתוך חשמלי",PPR Coupler 90x63,PPR Electrofusion,⚡,ppr_p74_a.jpg,,,
6005360063,ברך PPR חשמלי 90° 63,אביזרי ריתוך חשמלי PPR,פולירול,,,,"שיטת חיבור: ריתוך אלקטרופיוזן | חומר: PPR | dn נומינלי: 63 | מק""ט חוליות: 6005360063 | יצרן: Polyroll | תיאור: ברך לריתוך חשמלי",PPR Elbow 63,PPR Electrofusion,⚡,ppr_p72_b.jpg,,,
6005360075,ברך PPR חשמלי 90° 75,אביזרי ריתוך חשמלי PPR,פולירול,,,,"שיטת חיבור: ריתוך אלקטרופיוזן | חומר: PPR | dn נומינלי: 75 | מק""ט חוליות: 6005360075 | יצרן: Polyroll | תיאור: ברך לריתוך חשמלי",PPR Elbow 75,PPR Electrofusion,⚡,ppr_p72_b.jpg,,,
6005360090,ברך PPR חשמלי 90° 90,אביזרי ריתוך חשמלי PPR,פולירול,,,,"שיטת חיבור: ריתוך אלקטרופיוזן | חומר: PPR | dn נומינלי: 90 | מק""ט חוליות: 6005360090 | יצרן: Polyroll | תיאור: ברך לריתוך חשמלי",PPR Elbow 90,PPR Electrofusion,⚡,ppr_p72_b.jpg,,,
6005360110,ברך PPR חשמלי 90° 110,אביזרי ריתוך חשמלי PPR,פולירול,,,,"שיטת חיבור: ריתוך אלקטרופיוזן | חומר: PPR | dn נומינלי: 110 | מק""ט חוליות: 6005360110 | יצרן: Polyroll | תיאור: ברך לריתוך חשמלי",PPR Elbow 110,PPR Electrofusion,⚡,ppr_p72_b.jpg,,,
6005360125,ברך PPR חשמלי 90° 125,אביזרי ריתוך חשמלי PPR,פולירול,,,,"שיטת חיבור: ריתוך אלקטרופיוזן | חומר: PPR | dn נומינלי: 125 | מק""ט חוליות: 6005360125 | יצרן: Polyroll | תיאור: ברך לריתוך חשמלי",PPR Elbow 125,PPR Electrofusion,⚡,ppr_p72_b.jpg,,,
6005360160,ברך PPR חשמלי 90° 160,אביזרי ריתוך חשמלי PPR,פולירול,,,,"שיטת חיבור: ריתוך אלקטרופיוזן | חומר: PPR | dn נומינלי: 160 | מק""ט חוליות: 6005360160 | יצרן: Polyroll | תיאור: ברך לריתוך חשמלי",PPR Elbow 160,PPR Electrofusion,⚡,ppr_p72_b.jpg,,,
6005370063,מסעף PPR חשמלי 63,אביזרי ריתוך חשמלי PPR,פולירול,,,,"שיטת חיבור: ריתוך אלקטרופיוזן | חומר: PPR | dn נומינלי: 63 | מק""ט חוליות: 6005370063 | יצרן: Polyroll | תיאור: מסעף לריתוך חשמלי",PPR Tee 63,PPR Electrofusion,⚡,ppr_p73_a.jpg,,,
6005370075,מסעף PPR חשמלי 75,אביזרי ריתוך חשמלי PPR,פולירול,,,,"שיטת חיבור: ריתוך אלקטרופיוזן | חומר: PPR | dn נומינלי: 75 | מק""ט חוליות: 6005370075 | יצרן: Polyroll | תיאור: מסעף לריתוך חשמלי",PPR Tee 75,PPR Electrofusion,⚡,ppr_p73_a.jpg,,,
6005370090,מסעף PPR חשמלי 90,אביזרי ריתוך חשמלי PPR,פולירול,,,,"שיטת חיבור: ריתוך אלקטרופיוזן | חומר: PPR | dn נומינלי: 90 | מק""ט חוליות: 6005370090 | יצרן: Polyroll | תיאור: מסעף לריתוך חשמלי",PPR Tee 90,PPR Electrofusion,⚡,ppr_p73_a.jpg,,,
6005370110,מסעף PPR חשמלי 110,אביזרי ריתוך חשמלי PPR,פולירול,,,,"שיטת חיבור: ריתוך אלקטרופיוזן | חומר: PPR | dn נומינלי: 110 | מק""ט חוליות: 6005370110 | יצרן: Polyroll | תיאור: מסעף לריתוך חשמלי",PPR Tee 110,PPR Electrofusion,⚡,ppr_p73_a.jpg,,,
6005370125,מסעף PPR חשמלי 125,אביזרי ריתוך חשמלי PPR,פולירול,,,,"שיטת חיבור: ריתוך אלקטרופיוזן | חומר: PPR | dn נומינלי: 125 | מק""ט חוליות: 6005370125 | יצרן: Polyroll | תיאור: מסעף לריתוך חשמלי",PPR Tee 125,PPR Electrofusion,⚡,ppr_p73_a.jpg,,,
6005370160,מסעף PPR חשמלי 160,אביזרי ריתוך חשמלי PPR,פולירול,,,,"שיטת חיבור: ריתוך אלקטרופיוזן | חומר: PPR | dn נומינלי: 160 | מק""ט חוליות: 6005370160 | יצרן: Polyroll | תיאור: מסעף לריתוך חשמלי",PPR Tee 160,PPR Electrofusion,⚡,ppr_p73_a.jpg,,,
6005380110,מצמד PPR חשמלי 110x90,אביזרי ריתוך חשמלי PPR,פולירול,,,,"שיטת חיבור: ריתוך אלקטרופיוזן | חומר: PPR | dn נומינלי: 110x90 | מק""ט חוליות: 6005380110 | יצרן: Polyroll | תיאור: מצמד לריתוך חשמלי",PPR Coupler 110x90,PPR Electrofusion,⚡,ppr_p74_a.jpg,,,
6005380116,מצמד PPR חשמלי 110x63,אביזרי ריתוך חשמלי PPR,פולירול,,,,"שיטת חיבור: ריתוך אלקטרופיוזן | חומר: PPR | dn נומינלי: 110x63 | מק""ט חוליות: 6005380116 | יצרן: Polyroll | תיאור: מצמד לריתוך חשמלי",PPR Coupler 110x63,PPR Electrofusion,⚡,ppr_p74_a.jpg,,,
6005380117,מצמד PPR חשמלי 110x75,אביזרי ריתוך חשמלי PPR,פולירול,,,,"שיטת חיבור: ריתוך אלקטרופיוזן | חומר: PPR | dn נומינלי: 110x75 | מק""ט חוליות: 6005380117 | יצרן: Polyroll | תיאור: מצמד לריתוך חשמלי",PPR Coupler 110x75,PPR Electrofusion,⚡,ppr_p74_a.jpg,,,
6005380126,מצמד PPR חשמלי 125x90,אביזרי ריתוך חשמלי PPR,פולירול,,,,"שיטת חיבור: ריתוך אלקטרופיוזן | חומר: PPR | dn נומינלי: 125x90 | מק""ט חוליות: 6005380126 | יצרן: Polyroll | תיאור: מצמד לריתוך חשמלי",PPR Coupler 125x90,PPR Electrofusion,⚡,ppr_p74_a.jpg,,,
6005380161,מצמד PPR חשמלי 160x110,אביזרי ריתוך חשמלי PPR,פולירול,,,,"שיטת חיבור: ריתוך אלקטרופיוזן | חומר: PPR | dn נומינלי: 160x110 | מק""ט חוליות: 6005380161 | יצרן: Polyroll | תיאור: מצמד לריתוך חשמלי",PPR Coupler 160x110,PPR Electrofusion,⚡,ppr_p74_a.jpg,,,
6006024411,ברז PPR כדורי 110,ברזים PPR,פולירול,,,,"F: 220 | E: 350 | D2: 186 | D1: 108.4 | B: 130 | A: 214 | מק""ט חוליות: 6006024411 | יצרן: Polyroll",PPR Valve 110,PPR Valves,🚰,ppr_p64_a.jpg,,,
6006024412,ברז PPR כדורי 125,ברזים PPR,פולירול,,,,"F: 240 | E: 365 | D2: 186 | D1: 122.4 | B: 160 | A: 240 | מק""ט חוליות: 6006024412 | יצרן: Polyroll",PPR Valve 125,PPR Valves,🚰,ppr_p64_a.jpg,,,
6006024420,ברז PPR כדורי 20,ברזים PPR,פולירול,,,,"F: 75 | E: 90 | D2: 85 | D1: 19.2 | B: 30 | A: 74 | מק""ט חוליות: 6006024420 | יצרן: Polyroll",PPR Valve 20,PPR Valves,🚰,ppr_p64_a.jpg,,,
6006024425,ברז PPR כדורי 25,ברזים PPR,פולירול,,,,"F: 75 | E: 100 | D2: 85 | D1: 24.2 | B: 36 | A: 78 | מק""ט חוליות: 6006024425 | יצרן: Polyroll",PPR Valve 25,PPR Valves,🚰,ppr_p64_a.jpg,,,
6006024432,ברז PPR כדורי 32,ברזים PPR,פולירול,,,,"F: 85 | E: 115 | D2: 108 | D1: 31.1 | B: 45 | A: 89 | מק""ט חוליות: 6006024432 | יצרן: Polyroll",PPR Valve 32,PPR Valves,🚰,ppr_p64_a.jpg,,,
6006024440,ברז PPR כדורי 40,ברזים PPR,פולירול,,,,"F: 105 | E: 120 | D2: 108 | D1: 39.0 | B: 56 | A: 98 | מק""ט חוליות: 6006024440 | יצרן: Polyroll",PPR Valve 40,PPR Valves,🚰,ppr_p64_a.jpg,,,
6006024450,ברז PPR כדורי 50,ברזים PPR,פולירול,,,,"F: 120 | E: 125 | D2: 108 | D1: 48.9 | B: 71 | A: 112 | מק""ט חוליות: 6006024450 | יצרן: Polyroll",PPR Valve 50,PPR Valves,🚰,ppr_p64_a.jpg,,,
6006024463,ברז PPR כדורי 63,ברזים PPR,פולירול,,,,"F: 145 | E: 160 | D2: 150 | D1: 61.9 | B: 90 | A: 132 | מק""ט חוליות: 6006024463 | יצרן: Polyroll",PPR Valve 63,PPR Valves,🚰,ppr_p64_a.jpg,,,
6006024475,ברז PPR כדורי 75,ברזים PPR,פולירול,,,,"F: 170 | E: 175 | D2: 186 | D1: 73.7 | B: 103 | A: 151 | מק""ט חוליות: 6006024475 | יצרן: Polyroll",PPR Valve 75,PPR Valves,🚰,ppr_p64_a.jpg,,,
6006024490,ברז PPR כדורי 90,ברזים PPR,פולירול,,,,"F: 215 | E: 340 | D2: 186 | D1: 88.6 | B: 108 | A: 189 | מק""ט חוליות: 6006024490 | יצרן: Polyroll",PPR Valve 90,PPR Valves,🚰,ppr_p64_a.jpg,,,
6006224420,ברז PPR סמוי (ציפוי כרום - כולל ידית) 20,ברזים PPR,פולירול,,,,"R: 13 | H3: 35 | H2: 27 | H1: 38 | G: 15 | F: 103 | E2: 43 | E1: 47 | D3: 24 | D2: 64 | D1: 19.2 | B: 29 | A: 68 | מק""ט חוליות: 6006224420 | יצרן: Polyroll",PPR Valve 20,PPR Valves,🚰,ppr_p62_a.jpg,,,
6006224425,ברז PPR סמוי (ציפוי כרום - כולל ידית) 25,ברזים PPR,פולירול,,,,"R: 13 | H3: 35 | H2: 27 | H1: 45 | G: 16 | F: 106 | E2: 46 | E1: 47 | D3: 24 | D2: 64 | D1: 24.2 | B: 47 | A: 77 | מק""ט חוליות: 6006224425 | יצרן: Polyroll",PPR Valve 25,PPR Valves,🚰,ppr_p62_a.jpg,,,
6006224432,ברז PPR סמוי (ציפוי כרום - כולל ידית) 32,ברזים PPR,פולירול,,,,"R: 13 | H3: 35 | H2: 27 | H1: 53 | G: 18 | F: 126 | E2: 66 | E1: 47 | D3: 24 | D2: 64 | D1: 31.1 | B: 67 | A: 80 | מק""ט חוליות: 6006224432 | יצרן: Polyroll",PPR Valve 32,PPR Valves,🚰,ppr_p62_a.jpg,,,
6006324420,ברז PPR סמוי (ציפוי כרום - ללא ידית) 20,ברזים PPR,פולירול,,,,"I: 12 | H2: 41 | H1: 38 | G: 15 | F: 89 | E1: 43 | E: 24 | D2: 64 | D1: 19.2 | B: 29 | A: 68 | מק""ט חוליות: 6006324420 | יצרן: Polyroll",PPR Valve 20,PPR Valves,🚰,ppr_p63_a.jpg,,,
6006324425,ברז PPR סמוי (ציפוי כרום - ללא ידית) 25,ברזים PPR,פולירול,,,,"I: 12 | H2: 41 | H1: 45 | G: 16 | F: 92 | E1: 46 | E: 24 | D2: 64 | D1: 24.2 | B: 47 | A: 77 | מק""ט חוליות: 6006324425 | יצרן: Polyroll",PPR Valve 25,PPR Valves,🚰,ppr_p63_a.jpg,,,
6006324432,ברז PPR סמוי (ציפוי כרום - ללא ידית) 32,ברזים PPR,פולירול,,,,"I: 12 | H2: 41 | H1: 53 | G: 18 | F: 112 | E1: 66 | E: 24 | D2: 64 | D1: 31.1 | B: 67 | A: 80 | מק""ט חוליות: 6006324432 | יצרן: Polyroll",PPR Valve 32,PPR Valves,🚰,ppr_p63_a.jpg,,,
6007002020,אומגה PPR 20,אומגה PPR,פולירול,,,,"R: 61.2 | E: 20 | D: 22 | C: 42 | B: 80 | A: 300 | מק""ט חוליות: 6007002020 | יצרן: Polyroll",PPR Omega 20,PPR Omega,🛟,ppr_p74_b.jpg,,,
6007002025,אומגה PPR 25,אומגה PPR,פולירול,,,,"R: 81.8 | E: 25 | D: 27 | C: 52 | B: 75 | A: 330 | מק""ט חוליות: 6007002025 | יצרן: Polyroll",PPR Omega 25,PPR Omega,🛟,ppr_p74_b.jpg,,,
6007002032,אומגה PPR 32,אומגה PPR,פולירול,,,,"R: 97.5 | E: 32 | D: 34 | C: 64 | B: 80 | A: 380 | מק""ט חוליות: 6007002032 | יצרן: Polyroll",PPR Omega 32,PPR Omega,🛟,ppr_p74_b.jpg,,,
60150328,סט Aqua Slim 330 ניירוסטה דגם ריבועים,מאסף קווי AQUA SLIM,חוליות,,,,"יצרן: חוליות | מק""ט חוליות: 60150328 | שם: Aqua Slim 330 סט נירוסטה דגם ריבועים | חומר: ABS+נירוסטה | L: 330 | L1: 360 | L2: 83.4 | H: 62.2 | H1: 12","Aqua Slim 330 Stainless Steel Set, Squares Model",מאסף קווי AQUA SLIM,🚰,sml_p27_a.jpg,,,
60150331,סט Aqua Slim 330 ניירוסטה דגם פסים,מאסף קווי AQUA SLIM,חוליות,,,,"יצרן: חוליות | מק""ט חוליות: 60150331 | שם: Aqua Slim 330 סט נירוסטה דגם פסים | חומר: ABS+נירוסטה | L: 330 | L1: 360 | L2: 83.4 | H: 62.2 | H1: 12","Aqua Slim 330 Stainless Steel Set, Stripes Model",מאסף קווי AQUA SLIM,🚰,sml_p27_c.jpg,,,
60150698,סט Aqua Slim 700 ניירוסטה דגם ריבועים,מאסף קווי AQUA SLIM,חוליות,,,,"יצרן: חוליות | מק""ט חוליות: 60150698 | שם: Aqua Slim 700 סט נירוסטה דגם ריבועים | חומר: ABS+נירוסטה | L: 700 | L1: 730 | L2: 84.4 | H: 65.7 | H1: 15","Aqua Slim 700 Stainless Steel Set, Squares Model",מאסף קווי AQUA SLIM,🚰,sml_p27_b.jpg,,,
60150701,סט Aqua Slim 700 ניירוסטה דגם פסים,מאסף קווי AQUA SLIM,חוליות,,,,"יצרן: חוליות | מק""ט חוליות: 60150701 | שם: Aqua Slim 700 סט נירוסטה דגם פסים | חומר: ABS+נירוסטה | L: 700 | L1: 730 | L2: 84.4 | H: 65.7 | H1: 15","Aqua Slim 700 Stainless Steel Set, Stripes Model",מאסף קווי AQUA SLIM,🚰,sml_p27_c.jpg,,,
60159391,פס Aqua Slim 330 נירוסטה דגם מלא/אריח,מאסף קווי AQUA SLIM,חוליות,,,,"יצרן: חוליות | מק""ט חוליות: 60159391 | שם: Aqua Slim 330 פס נירוסטה דגם מלא/אריח | חומר: נירוסטה | L1: 316 | L2: 38.5","Aqua Slim 330 Stainless Steel Strip, Solid/Tile Model",מאסף קווי AQUA SLIM,🚰,sml_p27_c.jpg,,,
60159394,פס Aqua Slim 330 נירוסטה דגם ריבועים,מאסף קווי AQUA SLIM,חוליות,,,,"יצרן: חוליות | מק""ט חוליות: 60159394 | שם: Aqua Slim 330 פס נירוסטה דגם ריבועים | חומר: נירוסטה | L1: 316 | L2: 38.5","Aqua Slim 330 Stainless Steel Strip, Squares Model",מאסף קווי AQUA SLIM,🚰,sml_p27_c.jpg,,,
60159399,פס Aqua Slim 330 נירוסטה דגם פסים,מאסף קווי AQUA SLIM,חוליות,,,,"יצרן: חוליות | מק""ט חוליות: 60159399 | שם: Aqua Slim 330 פס נירוסטה דגם פסים | חומר: נירוסטה | L1: 316 | L2: 38.5","Aqua Slim 330 Stainless Steel Strip, Stripes Model",מאסף קווי AQUA SLIM,🚰,sml_p27_c.jpg,,,
60159491,פס Aqua Slim 700 נירוסטה דגם מלא/אריח,מאסף קווי AQUA SLIM,חוליות,,,,"יצרן: חוליות | מק""ט חוליות: 60159491 | שם: Aqua Slim 700 פס נירוסטה דגם מלא/אריח | חומר: נירוסטה | L1: 684.4 | L2: 38.5","Aqua Slim 700 Stainless Steel Strip, Solid/Tile Model",מאסף קווי AQUA SLIM,🚰,sml_p27_c.jpg,,,
60159494,פס Aqua Slim 700 נירוסטה דגם ריבועים,מאסף קווי AQUA SLIM,חוליות,,,,"יצרן: חוליות | מק""ט חוליות: 60159494 | שם: Aqua Slim 700 פס נירוסטה דגם ריבועים | חומר: נירוסטה | L1: 684.4 | L2: 38.5","Aqua Slim 700 Stainless Steel Strip, Squares Model",מאסף קווי AQUA SLIM,🚰,sml_p27_c.jpg,,,
60159499,פס Aqua Slim 700 נירוסטה דגם פסים,מאסף קווי AQUA SLIM,חוליות,,,,"יצרן: חוליות | מק""ט חוליות: 60159499 | שם: Aqua Slim 700 פס נירוסטה דגם פסים | חומר: נירוסטה | L1: 684.4 | L2: 38.5","Aqua Slim 700 Stainless Steel Strip, Stripes Model",מאסף קווי AQUA SLIM,🚰,sml_p27_c.jpg,,,
60200251,הגבהה פתח רבוע אפור,"מכסים, הגבהות ורשתות",חוליות,,,,"יצרן: חוליות | מק""ט חוליות: 60200251 | סימון: אפור | חומר: PP | DN: 98.2 | L1: 104 | L2: 80 | H: 11","Square Opening Riser, Gray","מכסים, הגבהות ורשתות",🚰,sml_p28_a.jpg,,,
60200260,הגבהה פתח רבוע בז',"מכסים, הגבהות ורשתות",חוליות,,,,"יצרן: חוליות | מק""ט חוליות: 60200260 | סימון: בז' | חומר: PP | DN: 98.2 | L1: 104 | L2: 80 | H: 11 | יח׳/ארגז: 80 | יח׳/משטח: 1,920","Square Opening Riser, Beige","מכסים, הגבהות ורשתות",🚰,sml_p28_a.jpg,,,
60200351,Top Floor הגבהה אוניברסלית לאריח עם מכסה אטום מונע ריחות,"מכסים, הגבהות ורשתות",חוליות,,,,"יצרן: חוליות | מק""ט חוליות: 60200351 | סימון: אפור | חומר: ABS | DN: 98 | L1: 66.5 | L2: 103 | H: 6.7",Top Floor Universal Tile Riser with Sealed Odor-Preventing Cover,"מכסים, הגבהות ורשתות",🚰,sml_p28_b.jpg,,,
60203651,הגבהה גלילית,"מכסים, הגבהות ורשתות",חוליות,,,,"יצרן: חוליות | מק""ט חוליות: 60203651 | סימון: שחור | חומר: PP | DN: 98.2 | H1: 69 | H2: 90",Cylindrical Riser,"מכסים, הגבהות ורשתות",🚰,sml_p28_c.jpg,,,
60300160,מכסה עגול זמני,"מכסים, הגבהות ורשתות",חוליות,,,,"יצרן: חוליות | מק""ט חוליות: 60300160 | חומר: PP | DN: 98 | D: 98 | H: 13.3",Temporary Round Cover,"מכסים, הגבהות ורשתות",🚰,sml_p28_d.jpg,,,
60300251,מכסה עגול קבוע אפור 130,"מכסים, הגבהות ורשתות",חוליות,,,,"יצרן: חוליות | מק""ט חוליות: 60300251 | חומר: PP | DN: 130 | D: 98.2 | H: 2.5",Fixed Round Cover Gray 130,"מכסים, הגבהות ורשתות",🚰,sml_p29_b.jpg,,,
60300263,מכסה עגול קבוע בז' 117,"מכסים, הגבהות ורשתות",חוליות,,,,"יצרן: חוליות | מק""ט חוליות: 60300263 | חומר: PP | DN: 117 | D: 98.2 | H: 2.5",Fixed Round Cover Beige 117,"מכסים, הגבהות ורשתות",🚰,sml_p29_b.jpg,,,
60300351,מכסה עגול מוגבה אפור,"מכסים, הגבהות ורשתות",חוליות,,,,"יצרן: חוליות | מק""ט חוליות: 60300351 | חומר: PP | DN: 111 | D: 98.2 | L: 42 | H: 2.5",Raised Round Cover Gray,"מכסים, הגבהות ורשתות",🚰,sml_p29_a.jpg,,,
60300367,מכסה עגול מוגבה בז',"מכסים, הגבהות ורשתות",חוליות,,,,"יצרן: חוליות | מק""ט חוליות: 60300367 | חומר: PP | DN: 111 | D: 98.2 | L: 42 | H: 2.5",Raised Round Cover Beige,"מכסים, הגבהות ורשתות",🚰,sml_p29_a.jpg,,,
60300451,מכסה ריבועי פנימי אפור,"מכסים, הגבהות ורשתות",חוליות,,,,"יצרן: חוליות | מק""ט חוליות: 60300451 | חומר: PP | L: 103 | H: 5",Inner Square Cover Gray,"מכסים, הגבהות ורשתות",🚰,sml_p29_d.jpg,,,
60300467,מכסה ריבועי פנימי בז',"מכסים, הגבהות ורשתות",חוליות,,,,"יצרן: חוליות | מק""ט חוליות: 60300467 | חומר: PP | L: 103 | H: 5",Inner Square Cover Beige,"מכסים, הגבהות ורשתות",🚰,sml_p29_d.jpg,,,
60300551,מכסה ריבועי חיצוני אפור,"מכסים, הגבהות ורשתות",חוליות,,,,"יצרן: חוליות | מק""ט חוליות: 60300551 | חומר: PP | L: 112 | H: 2.5",Outer Square Cover Gray,"מכסים, הגבהות ורשתות",🚰,sml_p29_c.jpg,,,
60300567,מכסה ריבועי חיצוני בז',"מכסים, הגבהות ורשתות",חוליות,,,,"יצרן: חוליות | מק""ט חוליות: 60300567 | חומר: PP | L: 112 | H: 2.5",Outer Square Cover Beige,"מכסים, הגבהות ורשתות",🚰,sml_p29_c.jpg,,,
60400140,רשת מצופה ניקל,"מכסים, הגבהות ורשתות",חוליות,,,,"יצרן: חוליות | מק""ט חוליות: 60400140 | חומר: ABS | DN: 104 | D: 98.2 | H: 2.5",Nickel-Plated Strainer,"מכסים, הגבהות ורשתות",🚰,sml_p30_b.jpg,,,
60400151,רשת עגולה אפור,"מכסים, הגבהות ורשתות",חוליות,,,,"יצרן: חוליות | מק""ט חוליות: 60400151 | חומר: ABS | DN: 104 | D: 98.2 | H: 2.5",Round Strainer Gray,"מכסים, הגבהות ורשתות",🚰,sml_p30_c.jpg,,,
60400163,רשת עגולה בז',"מכסים, הגבהות ורשתות",חוליות,,,,"יצרן: חוליות | מק""ט חוליות: 60400163 | חומר: ABS | DN: 104 | D: 98.2 | H: 2.5",Round Strainer Beige,"מכסים, הגבהות ורשתות",🚰,sml_p30_c.jpg,,,
60400251,רשת מוגבהת עגולה אפור,"מכסים, הגבהות ורשתות",חוליות,,,,"יצרן: חוליות | מק""ט חוליות: 60400251 | חומר: ABS | DN: 104 | D: 98.2 | L: 43 | H: 2.5",Raised Round Strainer Gray,"מכסים, הגבהות ורשתות",🚰,sml_p30_a.jpg,,,
60400260,רשת מוגבהת עגולה בז',"מכסים, הגבהות ורשתות",חוליות,,,,"יצרן: חוליות | מק""ט חוליות: 60400260 | חומר: ABS | DN: 104 | D: 98.2 | L: 43 | H: 2.5",Raised Round Strainer Beige,"מכסים, הגבהות ורשתות",🚰,sml_p30_a.jpg,,,
60400351,רשת רבועה אפור,"מכסים, הגבהות ורשתות",חוליות,,,,"יצרן: חוליות | מק""ט חוליות: 60400351 | חומר: ABS | DN: 102 | L: 98.2 | H: 10",Square Strainer Gray,"מכסים, הגבהות ורשתות",🚰,sml_p30_d.jpg,,,
60400360,רשת רבועה בז',"מכסים, הגבהות ורשתות",חוליות,,,,"יצרן: חוליות | מק""ט חוליות: 60400360 | חומר: ABS | DN: 102 | L: 98.2 | H: 10",Square Strainer Beige,"מכסים, הגבהות ורשתות",🚰,sml_p30_d.jpg,,,
60760060,אום מעבר מברזל 60 למעבר מברזל,אום SmartLock,חוליות,,,,"יצרן: חוליות | מק""ט חוליות: 60760060 | סימון: אום 60 | DN: 60 | Th: 2⅜"" | L: 22 | W: 76",Iron Transition Nut 60 for Iron Transition,אום SmartLock,🚰,sml_p25_c.jpg,,,
6091601100,צינור PPRCT פייזר מיזוג אוויר 110,צינורות PPR פייזר,פולירול,,,,"חומר: PPRCT · מחוזק בסיבי זכוכית (faser) | dn נומינלי: 110 | de קוטר חיצוני: 110.0–111 | e עובי דופן: 10.0–11.1 | di קוטר פנימי: 87.8–91.0 | SDR: 11 | PN: 16 | משקל ק""ג/מ׳: 3.083 | מק""ט חוליות: 6091601100 | יצרן: Polyroll",PPRCT Pipe 110,PPR Faser Pipes,🟦,ppr_p86_a.jpg,,,
6091601250,צינור PPRCT פייזר מיזוג אוויר 125,צינורות PPR פייזר,פולירול,,,,"חומר: PPRCT · מחוזק בסיבי זכוכית (faser) | dn נומינלי: 125 | de קוטר חיצוני: 125.0–126.2 | e עובי דופן: 11.4–12.7 | di קוטר פנימי: 99.6–103.4 | SDR: 11 | PN: 16 | משקל ק""ג/מ׳: 4.000 | מק""ט חוליות: 6091601250 | יצרן: Polyroll",PPRCT Pipe 125,PPR Faser Pipes,🟦,ppr_p86_a.jpg,,,
6091601600,צינור PPRCT פייזר מיזוג אוויר 160,צינורות PPR פייזר,פולירול,,,,"חומר: PPRCT · מחוזק בסיבי זכוכית (faser) | dn נומינלי: 160 | de קוטר חיצוני: 160.0–161.5 | e עובי דופן: 14.6–16.2 | di קוטר פנימי: 127.6–132.3 | SDR: 11 | PN: 16 | משקל ק""ג/מ׳: 6.450 | מק""ט חוליות: 6091601600 | יצרן: Polyroll",PPRCT Pipe 160,PPR Faser Pipes,🟦,ppr_p86_a.jpg,,,
6091602000,צינור PPRCT פייזר מיזוג אוויר 200,צינורות PPR פייזר,פולירול,,,,"חומר: PPRCT · מחוזק בסיבי זכוכית (faser) | dn נומינלי: 200 | de קוטר חיצוני: 200.0–201.8 | e עובי דופן: 18.2–20.2 | di קוטר פנימי: 159.6–165.4 | SDR: 11 | PN: 16 | משקל ק""ג/מ׳: 9.950 | מק""ט חוליות: 6091602000 | יצרן: Polyroll",PPRCT Pipe 200,PPR Faser Pipes,🟦,ppr_p86_a.jpg,,,
6091602200,צינור PPRCT פייזר מיזוג אוויר 20×2.8,צינורות PPR פייזר,פולירול,,,,"שם מלא: צינור פולירול PPRCT פייזר הולירומה למים חמים וקרים | תיאור: צינור מיזוג אוויר (blue pipe) | יצרן: Heliroma | מק""ט יצרן: P-16020-FCT | PN: 16 | SDR: 7.4 | חומר: PPRCT · מחוזק בסיבי זכוכית (faser) | dn נומינלי: 20 | de קוטר חיצוני: 20.0–20.3 | e עובי דופן: 2.8–3.2 | di קוטר פנימי: 13.6–14.7 | משקל (ק""ג/מ׳): 0.153 | תקנים: EN ISO 15874 · DIN 8077/8078 | לחץ עבודה (50 שנה): 24.5 בר ב-20°C · 8.1 בר ב-70°C | אורך: 4 מ׳","Polyroll Heliroma PPRCT Faser Pipe (AQUATHERM blue, AC)",PPR Faser Pipes,🟦,ppr_p86_a.jpg,,,
6091602500,צינור PPRCT פייזר מיזוג אוויר 250,צינורות PPR פייזר,פולירול,,,,"חומר: PPRCT · מחוזק בסיבי זכוכית (faser) | dn נומינלי: 250 | de קוטר חיצוני: 250.0–252.3 | e עובי דופן: 22.7–25.1 | di קוטר פנימי: 199.8–206.9 | SDR: 11 | PN: 16 | משקל ק""ג/מ׳: 15.500 | מק""ט חוליות: 6091602500 | יצרן: Polyroll",PPRCT Pipe 250,PPR Faser Pipes,🟦,ppr_p86_a.jpg,,,
6091602550,צינור PPRCT פייזר מיזוג אוויר 25,צינורות PPR פייזר,פולירול,,,,"חומר: PPRCT · מחוזק בסיבי זכוכית (faser) | dn נומינלי: 25 | de קוטר חיצוני: 25.0–25.3 | e עובי דופן: 3.5–4.0 | di קוטר פנימי: 17.0–18.3 | SDR: 7.4 | PN: 20 | משקל ק""ג/מ׳: 0.233 | מק""ט חוליות: 6091602550 | יצרן: Polyroll",PPRCT Pipe 25,PPR Faser Pipes,🟦,ppr_p86_a.jpg,,,
6091603200,צינור PPRCT פייזר מיזוג אוויר 32,צינורות PPR פייזר,פולירול,,,,"חומר: PPRCT · מחוזק בסיבי זכוכית (faser) | dn נומינלי: 32 | de קוטר חיצוני: 32.0–32.3 | e עובי דופן: 4.4–5.0 | di קוטר פנימי: 22.0–23.5 | SDR: 7.4 | PN: 20 | משקל ק""ג/מ׳: 0.387 | מק""ט חוליות: 6091603200 | יצרן: Polyroll",PPRCT Pipe 32,PPR Faser Pipes,🟦,ppr_p86_a.jpg,,,
6091604400,צינור PPRCT פייזר מיזוג אוויר 40,צינורות PPR פייזר,פולירול,,,,"חומר: PPRCT · מחוזק בסיבי זכוכית (faser) | dn נומינלי: 40 | de קוטר חיצוני: 40.0–40.4 | e עובי דופן: 3.7–4.2 | di קוטר פנימי: 31.6–33.0 | SDR: 11 | PN: 16 | משקל ק""ג/מ׳: 0.421 | מק""ט חוליות: 6091604400 | יצרן: Polyroll",PPRCT Pipe 40,PPR Faser Pipes,🟦,ppr_p86_a.jpg,,,
6091605000,צינור PPRCT פייזר מיזוג אוויר 50,צינורות PPR פייזר,פולירול,,,,"חומר: PPRCT · מחוזק בסיבי זכוכית (faser) | dn נומינלי: 50 | de קוטר חיצוני: 50.0–50.5 | e עובי דופן: 4.6–5.2 | di קוטר פנימי: 39.6–41.3 | SDR: 11 | PN: 16 | משקל ק""ג/מ׳: 0.663 | מק""ט חוליות: 6091605000 | יצרן: Polyroll",PPRCT Pipe 50,PPR Faser Pipes,🟦,ppr_p86_a.jpg,,,
6091606300,צינור PPRCT פייזר מיזוג אוויר 63,צינורות PPR פייזר,פולירול,,,,"חומר: PPRCT · מחוזק בסיבי זכוכית (faser) | dn נומינלי: 63 | de קוטר חיצוני: 63.0–63.6 | e עובי דופן: 5.8–6.5 | di קוטר פנימי: 50.0–52.0 | SDR: 11 | PN: 16 | משקל ק""ג/מ׳: 1.032 | מק""ט חוליות: 6091606300 | יצרן: Polyroll",PPRCT Pipe 63,PPR Faser Pipes,🟦,ppr_p86_a.jpg,,,
6091607500,צינור PPRCT פייזר מיזוג אוויר 75,צינורות PPR פייזר,פולירול,,,,"חומר: PPRCT · מחוזק בסיבי זכוכית (faser) | dn נומינלי: 75 | de קוטר חיצוני: 75.0–75.7 | e עובי דופן: 6.8–7.6 | di קוטר פנימי: 59.8–62.1 | SDR: 11 | PN: 16 | משקל ק""ג/מ׳: 1.459 | מק""ט חוליות: 6091607500 | יצרן: Polyroll",PPRCT Pipe 75,PPR Faser Pipes,🟦,ppr_p86_a.jpg,,,
6091609000,צינור PPRCT פייזר מיזוג אוויר 90,צינורות PPR פייזר,פולירול,,,,"חומר: PPRCT · מחוזק בסיבי זכוכית (faser) | dn נומינלי: 90 | de קוטר חיצוני: 90.0–90.9 | e עובי דופן: 8.2–9.2 | di קוטר פנימי: 71.6–74.5 | SDR: 11 | PN: 16 | משקל ק""ג/מ׳: 2.110 | מק""ט חוליות: 6091609000 | יצרן: Polyroll",PPRCT Pipe 90,PPR Faser Pipes,🟦,ppr_p86_a.jpg,,,
61040360,מפתח לאום תבריג 40-32,אביזרים משלימים,חוליות,,,,"יצרן: חוליות | מק""ט חוליות: 61040360 | סימון: 40-32 | חומר: נילון 66 | DH1: 32-1¼"" | DH2: 40-1¼""",Wrench for Threaded Nut 40-32,אביזרים משלימים,🚰,sml_p43_c.jpg,,,
61060560,מפתח לאום תבריג 69-50,אביזרים משלימים,חוליות,,,,"יצרן: חוליות | מק""ט חוליות: 61060560 | סימון: 69-50 | חומר: נילון 66 | DH1: 50-2"" | DH2: 69-2⅜""",Wrench for Threaded Nut 69-50,אביזרים משלימים,🚰,sml_p43_c.jpg,,,
610708,"פקק שטוח לתבריג 2⅜""",אטמים ופקקים,ליפסקי,,,,"דגם: פקק 23/8"" | R: 23/8"" | M: 22 | L: 7 | D1: 80 | תיאור: פקק שטוח לתבריג",Black rubber gasket for plug,"Gaskets, Nuts & Plugs",⚫,610708.jpeg,,,
610758,מפתח לאביק,כלי עבודה,ליפסקי,,,,תיאור: מפתח לאביק,Wrench for Avic,Tools,🔧,610758.jpeg,,,
610893,סט מפתחות,כלי עבודה,ליפסקי,,,,"מידה: מתאים לאום במידות: 2 3/8"", 2"", 1.5"" | תיאור: מתאים לאום במידות: 2 3/8"", 2"", 1.5""",Wrench Set for Avic,Tools,🔧,610893.jpeg,,,
610906,רשת פנימית עגולה לבן,כיסויים,ליפסקי,,,,תיאור: רשת פנימית עגולה,Inner drainage cover - white,Collectors & Drains,⬜,610906.jpeg,,,
610911,רשת עליונה לבן,כיסויים,ליפסקי,,,,תיאור: רשת עליונה,Cap/Cover white,Collectors & Drains,⬜,610911.jpeg,,,
610918,מכסה עגול עליון קבוע לבן,כיסויים,ליפסקי,,,,מידות: Ø113 / Ø95 / Ø98 | תיאור: מכסה עגול עליון קבוע,Top drainage cap - white,Collectors & Drains,⬜,610918.jpeg,,,
610920,מכסה עגול עליון קבוע אפור,כיסויים,ליפסקי,,,,מידות: Ø113 / Ø95 / Ø98 | תיאור: מכסה עגול עליון קבוע,Temporary drainage cap - travertine,Collectors & Drains,⬜,610920.jpeg,,,
610921,מכסה זמני,כיסויים,ליפסקי,,,,מידות: Ø105 / Ø99 | תיאור: בבודדים,Temporary drainage cap,Collectors & Drains,⬜,610921.jpeg,,,
610933,רשת שרוול עגולה לבנה,כיסויים,ליפסקי,,,,תיאור: רשת שרוול עגולה לבנה,Extended drainage cover,Collectors & Drains,⬜,610933.jpeg,,,
610949,"מאריך למחסום (סיפון) 1.25"" לבן",מחסומים גלויים,ליפסקי,,,,"מק""ט פיה: NO.610949 | צבע: לבן | תיאור: מאריך למחסום (סיפון) 1.25"" לבן","1.25"" Bottle trap extension",Visible Traps,🚰,610949.jpeg,,,
61100062,מערכת ניקוז לאמבט 2002,סיפונים SmartLock,חוליות,,,,"יצרן: חוליות | מק""ט חוליות: 61100062 | דגם: 2002 | חומר: PP | DN: 40 | D: 45 | D2: 28 | L: 65",Bathtub Drainage System 2002,סיפונים SmartLock,🚰,sml_p38_b.jpg,,,
611045,"פיה קומפלט למכונת כביסה 1.25"" (לסיפון מס. 2,4)",מחסומים גלויים,ליפסקי,,,,"ייעוד: למכונת כביסה | מק""ט פיה: 611045 | צבע: לבן | תיאור: פיה למכונת כביסה, שקית קומפלט (מתאימה לסיפון מס' 2,4 קומפלט 1.25"")",Outlet connection for washing machine Outlet connection for dishwasher,Visible Traps,🚰,611045.jpeg,,,
611051,"פקק שטוח לתבריג 1.25""",אטמים ופקקים,ליפסקי,,,,"דגם: פקק 1.25"" | R: 1.25"" | M: 16 | L: 6 | D1: 50 | תיאור: פקק שטוח לתבריג","Flat screwing plug 1.25""","Gaskets, Nuts & Plugs",⚫,611051.jpeg,,,
61110141,פקק + שרשרת (שרשרת+10),אביזרים משלימים,חוליות,,,,"יצרן: חוליות | מק""ט חוליות: 61110141 | שם: פקק + שרשרת (שרשרת+10) | חומר: גומי אלסטומרי",Plug + Chain (Chain+10),אביזרים משלימים,🚰,sml_p43_a.jpg,,,
61116041,מצחיה קומפלט לאביק לאמבט,אביזרים משלימים,חוליות,,,,"יצרן: חוליות | מק""ט חוליות: 61116041 | שם: מצחיה קומפלט לאביק לאמבט",Complete Cap for Bathtub Drain Inlet,אביזרים משלימים,🚰,sml_p43_a.jpg,,,
61230060,"מחסום (סיפון) 1¼"" לכיור רחצה",סיפונים SmartLock,חוליות,,,,"יצרן: חוליות | מק""ט חוליות: 61230060 | חומר: ABS | DN: 32 | t: 75-145 | L: 245 | H: 173-243 | יח׳/ארגז: 42 | יח׳/משטח: 1,008","Floor Drain (Trap) 1¼"" for Washbasin",סיפונים SmartLock,🚰,sml_p31_a.jpg,,,
61230065,"מחסום (סיפון) 1¼"" למכונת כביסה",סיפונים SmartLock,חוליות,,,,"יצרן: חוליות | מק""ט חוליות: 61230065 | חומר: PP+ABS | DN: 32 | DN1: 40 | t: 50 | L: 145 | H: 145","Floor Drain (Trap) 1¼"" for Washing Machine",סיפונים SmartLock,🚰,sml_p37_a.jpg,,,
61233060,"צינור זחיח לסיפון 1¼""",אביזרים משלימים,חוליות,,,,"יצרן: חוליות | מק""ט חוליות: 61233060 | שם: צינור זחיח לסיפון 1¼"" | חומר: PP","Sliding Pipe for Trap 1¼""",אביזרים משלימים,🚰,sml_p40_b.jpg,,,
61233161,"משפך 1¼"" קומפלט",אביזרים משלימים,חוליות,,,,"יצרן: חוליות | מק""ט חוליות: 61233161 | שם: משפך 1¼"" קומפלט | חומר: PP","Funnel 1¼"" Complete",אביזרים משלימים,🚰,sml_p42_b.jpg,,,
61233162,"משפך ארוך 1¼"" קומפלט",אביזרים משלימים,חוליות,,,,"יצרן: חוליות | מק""ט חוליות: 61233162 | שם: משפך ארוך 1¼"" קומפלט | חומר: PP","Long Funnel 1¼"" Complete",אביזרים משלימים,🚰,sml_p42_b.jpg,,,
61233172,"ניקוז כיור 1¼"" ללא סיפון",סיפונים SmartLock,חוליות,,,,"יצרן: חוליות | מק""ט חוליות: 61233172 | L: 283 | W: 252","Sink Drain 1¼"" without Trap",סיפונים SmartLock,🚰,sml_p32_a.jpg,,,
61233260,"מכלול לסיפון 1¼"" (ללא משפך)",אביזרים משלימים,חוליות,,,,"יצרן: חוליות | מק""ט חוליות: 61233260 | שם: מכלול לסיפון 1¼"" | חומר: ABS","Assembly for Trap 1¼"" (without Funnel)",אביזרים משלימים,🚰,sml_p40_a.jpg,,,
61233360,"מחסום (סיפון) 1¼"" עם כניסה למזגן",סיפונים SmartLock,חוליות,,,,"יצרן: חוליות | מק""ט חוליות: 61233360 | חומר: ABS | DN: 32 | D1: 19 | t: 92-145 | L: 245 | H: 190-243","Floor Drain (Trap) 1¼"" with Air Conditioner Inlet",סיפונים SmartLock,🚰,sml_p31_c.jpg,,,
61233361,"מבוא זחיח 1¼"" עם חיבור למזגן",אביזרים משלימים,חוליות,,,,"יצרן: חוליות | מק""ט חוליות: 61233361 | חומר: PP | DN: 32 | D: 19 | L: 119","Sliding Inlet 1¼"" with Air Conditioner Connection",אביזרים משלימים,🚰,sml_p41_b.jpg,,,
61235061,"רוזטה 1¼""",אביזרים משלימים,חוליות,,,,"יצרן: חוליות | מק""ט חוליות: 61235061 | שם: רוזטה 1¼"" | חומר: PP","Rosette 1¼""",אביזרים משלימים,🚰,sml_p39_c.jpg,,,
61237040,אביק 1¼ (70) נירוסטה ניירוסטה,אביזרים משלימים,חוליות,,,,"יצרן: חוליות | מק""ט חוליות: 61237040 | שם: אביק 1¼ (70) | חומר: ניירוסטה נירוסטה",Stainless Steel Drain Inlet 1¼ (70),אביזרים משלימים,🚰,sml_p42_d.jpg,,,
612385,"פקק שטוח לתבריג 2"" לבן",אטמים ופקקים,ליפסקי,,,,"דגם: פקק 2"" שטוח לבן | R: 2"" | M: 20 | L: 6 | D1: 70 | תיאור: פקק שטוח לתבריג","Flat screwing plug 2"" male","Gaskets, Nuts & Plugs",⚫,612385.jpeg,,,
612386,"פקק שטוח לתבריג 2"" אפור",אטמים ופקקים,ליפסקי,,,,"דגם: פקק 2"" שטוח אפור | R: 2"" | M: 20 | L: 6 | D1: 70 | תיאור: פקק שטוח לתבריג","Flat screwing plug 2"" female","Gaskets, Nuts & Plugs",⚫,612386.jpeg,,,
61239460,"מאריך למבוא זחיח 1¼"" ראש שקע תקע",אביזרים משלימים,חוליות,,,,"יצרן: חוליות | מק""ט חוליות: 61239460 | שם: 1¼"" | חומר: PP | DN: 32 | L: 122","Extension for Sliding Inlet 1¼"" Socket-Spigot Head",אביזרים משלימים,🚰,sml_p40_c.jpg,,,
61239940,"פקק 1¼""",אביזרים משלימים,חוליות,,,,"יצרן: חוליות | מק""ט חוליות: 61239940 | שם: פקק 1¼"" | חומר: גומי אלסטומרי","Plug 1¼""",אביזרים משלימים,🚰,sml_p43_a.jpg,,,
612812,"מאריך למחסום 2""",מחסומים גלויים,ליפסקי,,,,"צבע: לבן | Ø: 50 | מידות: Ø50, 35, 136 | תיאור: מאריך למחסום 2"" | מק""ט: פיה NO.612812","2"" Bottle trap extension 1.25"" Bottle trap inlet",Visible Traps,🚰,612812.jpeg,,,
61300030,"מתאם זחיח 1½"" לכיור אמריקאי עם כניסה למדיח J יציאה",אביזרים משלימים,חוליות,,,,"יצרן: חוליות | מק""ט חוליות: 61300030 | חומר: PP","Sliding Adapter 1½"" for American Sink with Dishwasher Inlet, J Outlet",אביזרים משלימים,🚰,sml_p41_c.jpg,,,
61350060,"מחסום (סיפון) 2"" כפול לכיור מטבח עם 2 מבואים צידיים",סיפונים SmartLock,חוליות,,,,"יצרן: חוליות | מק""ט חוליות: 61350060 | חומר: PP | DN: 50 | L1: 460-500 | L2: 280-400 | L3: 350-410 | L4: 155 | L5: 325 | H: 500-550","Double Floor Drain (Trap) 2"" for Kitchen Sink with 2 Side Inlets",סיפונים SmartLock,🚰,sml_p33_a.jpg,,,
61350861,"מבוא מספר 3 לסיפון 2""",אביזרים משלימים,חוליות,,,,"יצרן: חוליות | מק""ט חוליות: 61350861 | שם: מבוא מספר 3 | חומר: PP","Inlet No. 3 for Trap 2""",אביזרים משלימים,🚰,sml_p39_d.jpg,,,
61433260,"מכלול לסיפון 2"" (ללא משפך)",אביזרים משלימים,חוליות,,,,"יצרן: חוליות | מק""ט חוליות: 61433260 | שם: מכלול לסיפון 2"" | חומר: PP","Assembly for Trap 2"" (without Funnel)",אביזרים משלימים,🚰,sml_p40_a.jpg,,,
61436565,פקק לאביק 1½,אביזרים משלימים,חוליות,,,,"יצרן: חוליות | מק""ט חוליות: 61436565 | שם: פקק לאביק 1½ | חומר: גומי אלסטומרי",Plug for Drain Inlet 1½,אביזרים משלימים,🚰,sml_p43_a.jpg,,,
61450060,"מחסום (סיפון) 2"" לכיור מטבח",סיפונים SmartLock,חוליות,,,,"יצרן: חוליות | מק""ט חוליות: 61450060 | חומר: PP | DN: 50 | L1: 315-380 | L2: 325 | L3: 160-210 | L4: 155 | H: 280-400","Floor Drain (Trap) 2"" for Kitchen Sink",סיפונים SmartLock,🚰,sml_p32_b.jpg,,,
61450361,"צינור זחיח לסיפון 2""",אביזרים משלימים,חוליות,,,,"יצרן: חוליות | מק""ט חוליות: 61450361 | שם: צינור זחיח לסיפון 2"" | חומר: PP","Sliding Pipe for Trap 2""",אביזרים משלימים,🚰,sml_p40_b.jpg,,,
61450365,"משפך 2"" קומפלט",אביזרים משלימים,חוליות,,,,"יצרן: חוליות | מק""ט חוליות: 61450365 | שם: משפך 2"" קומפלט | חומר: PP","Funnel 2"" Complete",אביזרים משלימים,🚰,sml_p42_b.jpg,,,
61451161,"רוזטה 2""",אביזרים משלימים,חוליות,,,,"יצרן: חוליות | מק""ט חוליות: 61451161 | שם: רוזטה 2"" | חומר: PP","Rosette 2""",אביזרים משלימים,🚰,sml_p39_c.jpg,,,
61451640,"פקק 2""",אביזרים משלימים,חוליות,,,,"יצרן: חוליות | מק""ט חוליות: 61451640 | שם: פקק 2"" | חומר: גומי אלסטומרי","Plug 2""",אביזרים משלימים,🚰,sml_p43_a.jpg,,,
61451740,"אביק 2"" (17) נירוסטה ניירוסטה",אביזרים משלימים,חוליות,,,,"יצרן: חוליות | מק""ט חוליות: 61451740 | שם: אביק 2"" (17) | חומר: ניירוסטה נירוסטה","Stainless Steel Drain Inlet 2"" (17)",אביזרים משלימים,🚰,sml_p42_d.jpg,,,
61458460,"מאריך למבוא זחיח 2"" ראש שקע תקע + אטם",אביזרים משלימים,חוליות,,,,"יצרן: חוליות | מק""ט חוליות: 61458460 | שם: 2"" | חומר: PP | DN: 50 | L: 250","Extension for Sliding Inlet 2"" Socket-Spigot Head + Seal",אביזרים משלימים,🚰,sml_p40_c.jpg,,,
614783,"פקק שטוח לתבריג 1½""",אטמים ופקקים,ליפסקי,,,,"דגם: פקק 11/2"" | R: 11/2"" | M: 16 | L: 6 | D1: 56 | תיאור: פקק שטוח לתבריג","Flat screwing plug 1.5""","Gaskets, Nuts & Plugs",⚫,614783.jpeg,,,
61480100,מחסום H למכונת כביסה,סיפונים SmartLock,חוליות,,,,"יצרן: חוליות | מק""ט חוליות: 61480100 | חומר: PP | DN: 40 | D: 32 | L1: 123 | L2: 115 | L3: 175 | H: 61",H Floor Drain for Washing Machine,סיפונים SmartLock,🚰,sml_p36_b.jpg,,,
615301,מאריך למחסום מס. 4,מחסומים גלויים,ליפסקי,,,,"מאפיין: מס. 4 | צבע: לבן | Ø: 34 | מידות: Ø34, 38, 138 | תיאור: מאריך למחסום מס. 4 | מק""ט: פיה NO.615301","2"" Bottle trap extension",Visible Traps,🚰,615301.jpeg,,,
61531561,סט חיבור למדיח / מכונת כביסה 1¼ 45°,אביזרים משלימים,חוליות,,,,"יצרן: חוליות | מק""ט חוליות: 61531561 | חומר: PP | α: 45° | קוטר יציאה: 1¼",Connection Set for Dishwasher / Washing Machine 1¼ 45°,אביזרים משלימים,🚰,sml_p42_a.jpg,,,
61550060,"מחסום (סיפון) 2"" לכיור מטבח עם כניסה למדיח/מ.כביסה",סיפונים SmartLock,חוליות,,,,"יצרן: חוליות | מק""ט חוליות: 61550060 | חומר: PP | DN: 50 | L1: 315-380 | L2: 325 | L3: 160-210 | L4: 155 | L5: 85 | H: 280-400","Floor Drain (Trap) 2"" for Kitchen Sink with Dishwasher/Washing Machine Inlet",סיפונים SmartLock,🚰,sml_p32_c.jpg,,,
61551561,סט חיבור למדיח / מכונת כביסה 1½ 90°,אביזרים משלימים,חוליות,,,,"יצרן: חוליות | מק""ט חוליות: 61551561 | חומר: PP | α: 90° | קוטר יציאה: 1½",Connection Set for Dishwasher / Washing Machine 1½ 90°,אביזרים משלימים,🚰,sml_p42_a.jpg,,,
61554561,סט חיבור למדיח / מכונת כביסה 1½ 45°,אביזרים משלימים,חוליות,,,,"יצרן: חוליות | מק""ט חוליות: 61554561 | חומר: PP | α: 45° | קוטר יציאה: 1½",Connection Set for Dishwasher / Washing Machine 1½ 45°,אביזרים משלימים,🚰,sml_p42_a.jpg,,,
61600060,פקק לברז (שחור),אביזרים משלימים,חוליות,,,,"יצרן: חוליות | מק""ט חוליות: 61600060 | שם: פקק לברז (שחור) | חומר: PP",Plug for Faucet (Black),אביזרים משלימים,🚰,sml_p43_a.jpg,,,
61602000,"סט פקקים לברז ושבלונה ½""",אביזרים משלימים,חוליות,,,,"יצרן: חוליות | מק""ט חוליות: 61602000 | חומר: PP | DN: ½"" | D: 34 | L: 150 | L1: 70","Set of Plugs for Faucet and Template ½""",אביזרים משלימים,🚰,sml_p43_b.jpg,,,
61650060,"מחסום (סיפון) 2"" כפול לכיור מטבח עם מבוא צידי וכניסה למ.כלים/מ.כביסה",סיפונים SmartLock,חוליות,,,,"יצרן: חוליות | מק""ט חוליות: 61650060 | חומר: PP | DN: 50 | L1: 230-250 | L2: 325 | L3: 350-410 | L4: 155 | L5: 85 | H1: 500-550 | H2: 280-400","Double Floor Drain (Trap) 2"" for Kitchen Sink with Side Inlet and Dishwasher/Washing Machine Inlet",סיפונים SmartLock,🚰,sml_p33_b.jpg,,,
61651061,חיבור ארוך לאגנית,אביזרים משלימים,חוליות,,,,"יצרן: חוליות | מק""ט חוליות: 61651061 | חומר: PP | DN: 40 | D: 77 | t: 35 | L1: 205 | L2: 76",Long Connection for Shower Tray,אביזרים משלימים,🚰,sml_p39_b.jpg,,,
61651065,חיבור קצר לאגנית,אביזרים משלימים,חוליות,,,,"יצרן: חוליות | מק""ט חוליות: 61651065 | חומר: PP | DN: 40 | D: 44 | L1: 46 | L2: 59",Short Connection for Shower Tray,אביזרים משלימים,🚰,sml_p39_a.jpg,,,
61657761,מבוא מספר 4,אביזרים משלימים,חוליות,,,,"יצרן: חוליות | מק""ט חוליות: 61657761 | שם: מבוא מספר 4 | חומר: PP",Inlet No. 4,אביזרים משלימים,🚰,sml_p39_d.jpg,,,
62161560,מצרה (צד אחד חלק) חיבור ברזל ופלסטיק 60/50,מצרה,חוליות,,,,"יצרן: חוליות | מק""ט חוליות: 62161560 | סימון: 60/50 | DN1: 60 | DN2: 50 | t: 50 | L: 100",Reducer (One Side Plain) Iron-Plastic Connection 60/50,מצרה,🚰,sml_p18_b.jpg,,,
62200001,ונטיל לכיור אמריקאי J,אביזרים משלימים,חוליות,,,,"יצרן: חוליות | מק""ט חוליות: 62200001 | חומר: נירוסטה",Valve for American Sink J,אביזרים משלימים,🚰,sml_p42_c.jpg,,,
62230060,"מחסום (סיפון) 1¼"" לכיור אמריקאי (6)",סיפונים SmartLock,חוליות,,,,"יצרן: חוליות | מק""ט חוליות: 62230060 | חומר: PP+ABS | DN: 32 | D1: 38 | t: 53-133 | L: 245 | H: 150-230","Floor Drain (Trap) 1¼"" for American Sink (6)",סיפונים SmartLock,🚰,sml_p34_a.jpg,,,
62233560,"מבוא זחיח 1¼"" ארוך",אביזרים משלימים,חוליות,,,,"יצרן: חוליות | מק""ט חוליות: 62233560 | חומר: PP | DN: 32 | L: 220","Long Sliding Inlet 1¼""",אביזרים משלימים,🚰,sml_p41_a.jpg,,,
62450060,"מחסום (סיפון) 2"" לכיור אמריקאי (1)",סיפונים SmartLock,חוליות,,,,"יצרן: חוליות | מק""ט חוליות: 62450060 | חומר: PP | DN: 50 | D: 44 | L1: 345 | L2: 195 | L3: 140-230 | H1: 300-385 | H2: 280-400","Floor Drain (Trap) 2"" for American Sink (1)",סיפונים SmartLock,🚰,sml_p34_b.jpg,,,
62550060,"מחסום (סיפון) 2"" לכיור אמריקאי עם יציאה למדיח (3)",סיפונים SmartLock,חוליות,,,,"יצרן: חוליות | מק""ט חוליות: 62550060 | חומר: PP | DN: 50 | D: 44 | L1: 345 | L2: 195 | L3: 140-230 | L4: 195 | H: 300-385","Floor Drain (Trap) 2"" for American Sink with Dishwasher Outlet (3)",סיפונים SmartLock,🚰,sml_p35_a.jpg,,,
62650060,"מחסום (סיפון) 2"" כפול לכיור אמריקאי (4)",סיפונים SmartLock,חוליות,,,,"יצרן: חוליות | מק""ט חוליות: 62650060 | חומר: PP | DN: 50 | L1: 210-283 | L2: 460-500 | L3: 155 | H: 300-385","Double Floor Drain (Trap) 2"" for American Sink (4)",סיפונים SmartLock,🚰,sml_p35_b.jpg,,,
62750060,"מחסום (סיפון) 2"" כפול לכיור אמריקאי עם כניסה למדיח (5)",סיפונים SmartLock,חוליות,,,,"יצרן: חוליות | מק""ט חוליות: 62750060 | חומר: PP | DN: 50 | L1: 210-283 | L2: 460-500 | L3: 155 | H: 300-385","Double Floor Drain (Trap) 2"" for American Sink with Dishwasher Inlet (5)",סיפונים SmartLock,🚰,sml_p36_a.jpg,,,
62750160,מבוא מספר 5 לכיור אמריקאי למדיח כלים,אביזרים משלימים,חוליות,,,,"יצרן: חוליות | מק""ט חוליות: 62750160 | שם: מבוא מספר 5 | חומר: PP",Inlet No. 5 for American Sink for Dishwasher,אביזרים משלימים,🚰,sml_p39_d.jpg,,,
62850060,"מחסום הורקה 1½"" למכונת כביסה",סיפונים SmartLock,חוליות,,,,"יצרן: חוליות | מק""ט חוליות: 62850060 | חומר: PP | DN: 40 | D: 32 | S: 1.8 | L1: 350 | L2: 151","Discharge Floor Drain 1½"" for Washing Machine",סיפונים SmartLock,🚰,sml_p37_b.jpg,,,
63350060,"סיפון הורקה 1½"" קומפלקט J",סיפונים SmartLock,חוליות,,,,"יצרן: חוליות | מק""ט חוליות: 63350060 | חומר: PP | DN: 576 | D: 576 | S: 145 | L1: 576 | L2: 576","Discharge Trap 1½"" Complete J",סיפונים SmartLock,🚰,sml_p38_a.jpg,,,
63466055,"מחסום (סיפון) 1¼"" לכיור רחצה + צינור מדידה",סיפונים SmartLock,חוליות,,,,"יצרן: חוליות | מק""ט חוליות: 63466055 | חומר: ABS | DN: 32 | t: 75-145 | L: 245 | H: 173-243","Floor Drain (Trap) 1¼"" for Washbasin + Measuring Pipe",סיפונים SmartLock,🚰,sml_p31_b.jpg,,,
635735,רשת פנימית עגולה פרגמון,כיסויים,ליפסקי,,,,תיאור: רשת פנימית עגולה,Inner drainage cover - travertine,Collectors & Drains,⬜,635735.jpeg,,,
635736,רשת עליונה פרגמון,כיסויים,ליפסקי,,,,תיאור: רשת עליונה,Cap/Cover travertine,Collectors & Drains,⬜,635736.jpeg,,,
635737,מכסה עגול עליון קבוע פרגמון,כיסויים,ליפסקי,,,,מידות: Ø113 / Ø95 / Ø98 | תיאור: מכסה עגול עליון קבוע,Top drainage cap - travertine,Collectors & Drains,⬜,635737.jpeg,,,
64032300,צינור חלק 32 אורך 3000,צינור חלק,חוליות,,,,"יצרן: חוליות | מק""ט חוליות: 64032300 | DN: 32 | L: 3000 | יח׳/ארגז: 20 | יח׳/משטח: 200",Plain Pipe 32 Length 3000,צינור חלק,🚰,sml_p11_a.jpg,,,
64032400,צינור חלק 32 אורך 4000,צינור חלק,חוליות,,,,"יצרן: חוליות | מק""ט חוליות: 64032400 | DN: 32 | L: 4000 | יח׳/ארגז: 20 | יח׳/משטח: 200",Plain Pipe 32 Length 4000,צינור חלק,🚰,sml_p11_a.jpg,,,
64041300,צינור חלק 40 אורך 3000,צינור חלק,חוליות,,,,"יצרן: חוליות | מק""ט חוליות: 64041300 | DN: 40 | L: 3000 | יח׳/ארגז: 10 | יח׳/משטח: 300",Plain Pipe 40 Length 3000,צינור חלק,🚰,sml_p11_a.jpg,,,
64041400,צינור חלק 40 אורך 4000,צינור חלק,חוליות,,,,"יצרן: חוליות | מק""ט חוליות: 64041400 | DN: 40 | L: 4000 | יח׳/ארגז: 10 | יח׳/משטח: 300",Plain Pipe 40 Length 4000,צינור חלק,🚰,sml_p11_a.jpg,,,
64051300,צינור חלק 50 אורך 3000,צינור חלק,חוליות,,,,"יצרן: חוליות | מק""ט חוליות: 64051300 | DN: 50 | L: 3000 | יח׳/ארגז: 10 | יח׳/משטח: 200",Plain Pipe 50 Length 3000,צינור חלק,🚰,sml_p11_a.jpg,,,
64051400,צינור חלק 50 אורך 4000,צינור חלק,חוליות,,,,"יצרן: חוליות | מק""ט חוליות: 64051400 | DN: 50 | L: 4000 | יח׳/ארגז: 10 | יח׳/משטח: 200",Plain Pipe 50 Length 4000,צינור חלק,🚰,sml_p11_a.jpg,,,
64063400,צינור חלק 63 אורך 4000,צינור חלק,חוליות,,,,"יצרן: חוליות | מק""ט חוליות: 64063400 | DN: 63 | L: 4000 | יח׳/ארגז: 10 | יח׳/משטח: 100",Plain Pipe 63 Length 4000,צינור חלק,🚰,sml_p11_a.jpg,,,
642102,חלקים למוצרים סניטריים,חלקים סניטריים,ליפסקי,,,,תיאור: מצוף מילוי מכני,Flushing valve mechanical,Sanitary Parts,🔧,642102.jpeg,,,
645971,"משפך קומפלט 2""",מחסומים גלויים,ליפסקי,,,,"מק""ט: (עם יציאה) NO.645971 | צבע: לבן | Ø: 40 | מידות: 138, Ø40 | תיאור: משפך קומפלט 2""","2"" Bottle trap inlet",Visible Traps,🚰,645971.jpeg,,,
645975,"צינור יציאה למדיח, שקית קומפלט (מתאימה לסיפון אמריקאי בלבד)",מחסומים גלויים,ליפסקי,,,,"מק""ט פיה: NO.645975 | צבע: לבן | תיאור: צינור יציאה למדיח, שקית קומפלט (מתאימה לסיפון אמריקאי בלבד)","1.25"" Bottle trap extension Outlet connection for dishwasher",Visible Traps,🚰,645975.jpeg,,,
6602000200,"מתאם PPR ריתוך/רקורד משושה תבריג פנימי 20x1/2""",מתאמים PPR,פולירול,,,,"R: 24 | G: 15 | F: 28 | E: 10 | D2: 15 | D1: 19.5 | B: 39 | A: 39 | מק""ט חוליות: 6602000200 | יצרן: Polyroll",PPR Adapter 20x1/2”,PPR Adapters,🔩,ppr_p56_a.jpg,,,
6602000250,"מתאם PPR ריתוך/רקורד משושה תבריג פנימי 25x3/4""",מתאמים PPR,פולירול,,,,"R: 30 | G: 16 | F: 33 | E: 10 | D2: 16 | D1: 24.5 | B: 50 | A: 41 | מק""ט חוליות: 6602000250 | יצרן: Polyroll",PPR Adapter 25x3/4”,PPR Adapters,🔩,ppr_p56_a.jpg,,,
6602000320,"מתאם PPR ריתוך/רקורד משושה תבריג פנימי 32x1""",מתאמים PPR,פולירול,,,,"R: 37 | G: 18 | F: 43 | E: 11 | D2: 18 | D1: 31.5 | B: 65 | A: 45 | מק""ט חוליות: 6602000320 | יצרן: Polyroll",PPR Adapter 32x1”,PPR Adapters,🔩,ppr_p56_a.jpg,,,
6602000400,"מתאם PPR ריתוך/רקורד משושה תבריג פנימי 40x1¼""",מתאמים PPR,פולירול,,,,"R: 21 | G: 51 | F: 12 | E: 21 | D2: 39.4 | D1: 63 | B: 50 | מק""ט חוליות: 6602000400 | יצרן: Polyroll",PPR Adapter 1/4”,PPR Adapters,🔩,ppr_p56_a.jpg,,,
6602000500,"מתאם PPR ריתוך/רקורד משושה תבריג פנימי 50x1½""",מתאמים PPR,פולירול,,,,"R: 24 | G: 66 | F: 12 | E: 25 | D2: 49.4 | D1: 80 | B: 57 | מק""ט חוליות: 6602000500 | יצרן: Polyroll",PPR Adapter 1/2”,PPR Adapters,🔩,ppr_p56_a.jpg,,,
6602080200,"ברך PPRCT ריתוך/הברגה לנקודת מים תבריג פנימי 20x1/2""",ברכיים PPR,פולירול,,,,"R: 45 | G: 15 | F: 35 | E: 19.5 | B: 27 | A: 45 | חומר: PPRCT | מק""ט חוליות: 6602080200 | יצרן: Polyroll",PPR Elbow 20x1/2”,PPR Elbows,↪️,ppr_p48_a.jpg,,,
6602080250,"ברך PPRCT ריתוך/הברגה לנקודת מים תבריג פנימי 25x1/2""",ברכיים PPR,פולירול,,,,"R: 47 | G: 16 | F: 35 | E: 24.5 | B: 33 | A: 45 | חומר: PPRCT | מק""ט חוליות: 6602080250 | יצרן: Polyroll",PPR Elbow 25x1/2”,PPR Elbows,↪️,ppr_p48_a.jpg,,,
6602080260,"ברך PPRCT ריתוך/הברגה לנקודת מים תבריג פנימי 25x3/4""",ברכיים PPR,פולירול,,,,"R: 49 | G: 16 | F: 41 | E: 24.5 | B: 33 | A: 52 | חומר: PPRCT | מק""ט חוליות: 6602080260 | יצרן: Polyroll",PPR Elbow 25x3/4”,PPR Elbows,↪️,ppr_p48_a.jpg,,,
6602080320,"ברך PPRCT ריתוך/הברגה לנקודת מים תבריג פנימי 32x1""",ברכיים PPR,פולירול,,,,"R: 63 | G: 18 | F: 52 | E: 31.5 | B: 41 | A: 60 | חומר: PPRCT | מק""ט חוליות: 6602080320 | יצרן: Polyroll",PPR Elbow 32x1”,PPR Elbows,↪️,ppr_p48_a.jpg,,,
6602080330,"ברך PPRCT ריתוך/הברגה לנקודת מים תבריג פנימי 32x3/4""",ברכיים PPR,פולירול,,,,"R: 60 | G: 18 | F: 42 | E: 31.5 | B: 41 | A: 57 | חומר: PPRCT | מק""ט חוליות: 6602080330 | יצרן: Polyroll",PPR Elbow 32x3/4”,PPR Elbows,↪️,ppr_p48_a.jpg,,,
6602090200,"ברך PPRCT ריתוך/הברגה לנקודת מים תבריג חיצוני 20x1/2""",ברכיים PPR,פולירול,,,,"R1: 56 | G: 15 | F: 35 | E: 44 | D: 19.5 | B: 27 | A: 45 | חומר: PPRCT | מק""ט חוליות: 6602090200 | יצרן: Polyroll",PPR Elbow 20x1/2”,PPR Elbows,↪️,ppr_p50_a.jpg,,,
6602090250,"ברך PPRCT ריתוך/הברגה לנקודת מים תבריג חיצוני 25x3/4""",ברכיים PPR,פולירול,,,,"R1: 67 | G: 16 | F: 41 | E: 52 | D: 24.5 | B: 33 | A: 50 | חומר: PPRCT | מק""ט חוליות: 6602090250 | יצרן: Polyroll",PPR Elbow 25x3/4”,PPR Elbows,↪️,ppr_p50_a.jpg,,,
6602090260,"ברך PPRCT ריתוך/הברגה לנקודת מים תבריג חיצוני 25x1/2""",ברכיים PPR,פולירול,,,,"R1: 59 | G: 16 | F: 35 | E: 47 | D: 24.5 | B: 33 | A: 45 | חומר: PPRCT | מק""ט חוליות: 6602090260 | יצרן: Polyroll",PPR Elbow 25x1/2”,PPR Elbows,↪️,ppr_p50_a.jpg,,,
6602090320,"ברך PPRCT ריתוך/הברגה לנקודת מים תבריג חיצוני 32x1""",ברכיים PPR,פולירול,,,,"R1: 78 | G: 18 | F: 52 | E: 63 | D: 31.5 | B: 43 | A: 60 | חומר: PPRCT | מק""ט חוליות: 6602090320 | יצרן: Polyroll",PPR Elbow 32x1”,PPR Elbows,↪️,ppr_p50_a.jpg,,,
6602090330,"ברך PPRCT ריתוך/הברגה לנקודת מים תבריג חיצוני 32x3/4""",ברכיים PPR,פולירול,,,,"R1: 74 | G: 18 | F: 42 | E: 60 | D: 31.5 | B: 42 | A: 57 | חומר: PPRCT | מק""ט חוליות: 6602090330 | יצרן: Polyroll",PPR Elbow 32x3/4”,PPR Elbows,↪️,ppr_p50_a.jpg,,,
6602120200,"ברך PPRCT ריתוך/הברגה לנקודת מים עם משטח ריסון תבריג פנימי 20x1/2""",ברכיים PPR,פולירול,,,,"R: 60 | H: 50 | G: 15 | F: 39 | E: 19.5 | B: 30 | A: 57 | חומר: PPRCT | מק""ט חוליות: 6602120200 | יצרן: Polyroll",PPR Elbow ”20x1/2,PPR Elbows,↪️,ppr_p49_a.jpg,,,
6602120250,"ברך PPRCT ריתוך/הברגה לנקודת מים עם משטח ריסון תבריג פנימי 25x3/4""",ברכיים PPR,פולירול,,,,"R: 65 | H: 55 | G: 16 | F: 45 | E: 24.5 | B: 35 | A: 58 | חומר: PPRCT | מק""ט חוליות: 6602120250 | יצרן: Polyroll",PPR Elbow ”25x3/4,PPR Elbows,↪️,ppr_p49_a.jpg,,,
6602120260,"ברך PPRCT ריתוך/הברגה לנקודת מים עם משטח ריסון תבריג פנימי 25x1/2""",ברכיים PPR,פולירול,,,,"R: 66 | H: 55 | G: 16 | F: 45 | E: 24.5 | B: 35 | A: 52 | חומר: PPRCT | מק""ט חוליות: 6602120260 | יצרן: Polyroll",PPR Elbow ”25x1/2,PPR Elbows,↪️,ppr_p49_a.jpg,,,
6602320200,"מסעף PPRCT לריתוך הברגה תבריג פנימי 20x1/2""",מסעפים PPR,פולירול,,,,"R: 44 | G: 15 | F: 34 | E: 19.5 | B: 27 | A: 55 | חומר: PPRCT | מק""ט חוליות: 6602320200 | יצרן: Polyroll",PPR Tee ”20x1/2,PPR Tees,🔱,ppr_p51_a.jpg,,,
6602320250,"מסעף PPRCT לריתוך הברגה תבריג פנימי 25x1/2""",מסעפים PPR,פולירול,,,,"R: 47 | G: 16 | F: 35 | E: 24.5 | B: 33 | A: 57 | חומר: PPRCT | מק""ט חוליות: 6602320250 | יצרן: Polyroll",PPR Tee ”25x1/2,PPR Tees,🔱,ppr_p51_a.jpg,,,
6602320260,"מסעף PPRCT לריתוך הברגה תבריג פנימי 25x3/4""",מסעפים PPR,פולירול,,,,"R: 52 | G: 16 | F: 41 | E: 24.5 | B: 33 | A: 58 | חומר: PPRCT | מק""ט חוליות: 6602320260 | יצרן: Polyroll",PPR Tee ”25x3/4,PPR Tees,🔱,ppr_p51_a.jpg,,,
6602320320,"מסעף PPRCT לריתוך הברגה תבריג פנימי 32x3/4""",מסעפים PPR,פולירול,,,,"R: 60 | G: 18 | F: 42 | E: 31.5 | B: 42 | A: 69 | חומר: PPRCT | מק""ט חוליות: 6602320320 | יצרן: Polyroll",PPR Tee ”32x3/4,PPR Tees,🔱,ppr_p51_a.jpg,,,
6602320330,"מסעף PPRCT לריתוך הברגה תבריג פנימי 32x1""",מסעפים PPR,פולירול,,,,"R: 63 | G: 18 | F: 52 | E: 31.5 | B: 44 | A: 69 | חומר: PPRCT | מק""ט חוליות: 6602320330 | יצרן: Polyroll",PPR Tee ”32x1,PPR Tees,🔱,ppr_p51_a.jpg,,,
6602330200,"מסעף PPRCT לריתוך הברגה תבריג חיצוני 20x1/2""",מסעפים PPR,פולירול,,,,"R1: 56 | G: 15 | F: 35 | E: 44 | D: 19.5 | B: 27 | A: 55 | חומר: PPRCT | מק""ט חוליות: 6602330200 | יצרן: Polyroll",PPR Tee ”20x1/2,PPR Tees,🔱,ppr_p52_a.jpg,,,
6602330250,"מסעף PPRCT לריתוך הברגה תבריג חיצוני 25x3/4""",מסעפים PPR,פולירול,,,,"R1: 67 | G: 16 | F: 42 | E: 52 | D: 24.5 | B: 33 | A: 58 | חומר: PPRCT | מק""ט חוליות: 6602330250 | יצרן: Polyroll",PPR Tee ”25x3/4,PPR Tees,🔱,ppr_p52_a.jpg,,,
6602330260,"מסעף PPRCT לריתוך הברגה תבריג חיצוני 25x1/2""",מסעפים PPR,פולירול,,,,"R1: 59 | G: 16 | F: 35 | E: 47 | D: 24.5 | B: 33 | A: 57 | חומר: PPRCT | מק""ט חוליות: 6602330260 | יצרן: Polyroll",PPR Tee ”25x1/2,PPR Tees,🔱,ppr_p52_a.jpg,,,
6602330320,"מסעף PPRCT לריתוך הברגה תבריג חיצוני 32x1""",מסעפים PPR,פולירול,,,,"R1: 77 | G: 18 | F: 52 | E: 63 | D: 31.5 | B: 44 | A: 69 | חומר: PPRCT | מק""ט חוליות: 6602330320 | יצרן: Polyroll",PPR Tee ”32x1,PPR Tees,🔱,ppr_p52_a.jpg,,,
6602330330,"מסעף PPRCT לריתוך הברגה תבריג חיצוני 32x3/4""",מסעפים PPR,פולירול,,,,"R1: 59 | G: 16 | F: 42 | E: 60 | D: 31.5 | B: 42 | A: 69 | חומר: PPRCT | מק""ט חוליות: 6602330330 | יצרן: Polyroll",PPR Tee ”32x3/4,PPR Tees,🔱,ppr_p52_a.jpg,,,
6602340110,"מתאם PPR לריתוך הברגה עגול תבריג פנימי 110x4""",מתאמים PPR,פולירול,,,,"מודל: B | R: 41 | G: 37 | F: 119 | E: 83 | D: 108.4 | B2: 144 | B1: 164 | A: 104 | מק""ט חוליות: 6602340110 | יצרן: Polyroll","PPR Adapter 110x4""",PPR Adapters,🔩,ppr_p53_a.jpg,,,
6602340200,"מתאם PPRCT לריתוך הברגה עגול תבריג פנימי 20x1/2""",מתאמים PPR,פולירול,,,,"מודל: A | R: 21 | G: 15 | D: 19.2 | B2: 27 | B1: 33 | A: 35 | חומר: PPRCT | מק""ט חוליות: 6602340200 | יצרן: Polyroll","PPR Adapter 20x1/2""",PPR Adapters,🔩,ppr_p53_a.jpg,,,
6602340250,"מתאם PPRCT לריתוך הברגה עגול תבריג פנימי 25x1/2""",מתאמים PPR,פולירול,,,,"מודל: A | R: 21 | G: 16 | D: 24.2 | B2: 33 | B1: 36 | A: 35 | חומר: PPRCT | מק""ט חוליות: 6602340250 | יצרן: Polyroll","PPR Adapter 25x1/2""",PPR Adapters,🔩,ppr_p53_a.jpg,,,
6602340260,"מתאם PPRCT לריתוך הברגה עגול תבריג פנימי 25x3/4""",מתאמים PPR,פולירול,,,,"מודל: A | R: 21 | G: 16 | D: 24.2 | B2: 33 | B1: 40 | A: 39 | חומר: PPRCT | מק""ט חוליות: 6602340260 | יצרן: Polyroll","PPR Adapter 25x3/4""",PPR Adapters,🔩,ppr_p53_a.jpg,,,
6602340320,"מתאם PPRCT לריתוך הברגה עגול תבריג פנימי 32x1""",מתאמים PPR,פולירול,,,,"מודל: A | R: 26 | G: 19 | D: 31.1 | B2: 43 | B1: 53 | A: 47 | חומר: PPRCT | מק""ט חוליות: 6602340320 | יצרן: Polyroll","PPR Adapter 32x1""",PPR Adapters,🔩,ppr_p53_a.jpg,,,
6602340330,"מתאם PPRCT לריתוך הברגה עגול תבריג פנימי 32x3/4""",מתאמים PPR,פולירול,,,,"מודל: A | R: 26 | G: 19 | D: 31.1 | B2: 43 | B1: 42 | A: 41 | חומר: PPRCT | מק""ט חוליות: 6602340330 | יצרן: Polyroll","PPR Adapter 32x3/4""",PPR Adapters,🔩,ppr_p53_a.jpg,,,
6602340400,"מתאם PPR לריתוך הברגה עגול תבריג פנימי 40x1¼""",מתאמים PPR,פולירול,,,,"מודל: B | R: 21 | G: 48 | F: 48 | E: 39.0 | D: 54 | B2: 68 | B1: 57 | מק""ט חוליות: 6602340400 | יצרן: Polyroll","PPR Adapter 1/4""",PPR Adapters,🔩,ppr_p53_a.jpg,,,
6602340500,"מתאם PPR לריתוך הברגה עגול תבריג פנימי 50x1½""",מתאמים PPR,פולירול,,,,"מודל: B | R: 24 | G: 54 | F: 53 | E: 48.9 | D: 66 | B2: 80 | B1: 62 | מק""ט חוליות: 6602340500 | יצרן: Polyroll","PPR Adapter 1/2""",PPR Adapters,🔩,ppr_p53_a.jpg,,,
6602340630,"מתאם PPR לריתוך הברגה עגול תבריג פנימי 63x2""",מתאמים PPR,פולירול,,,,"מודל: B | R: 32 | G: 28 | F: 65 | E: 60 | D: 61.9 | B2: 84 | B1: 94 | A: 76 | מק""ט חוליות: 6602340630 | יצרן: Polyroll","PPR Adapter 63x2""",PPR Adapters,🔩,ppr_p53_a.jpg,,,
6602340750,"מתאם PPR לריתוך הברגה עגול תבריג פנימי 75x2½""",מתאמים PPR,פולירול,,,,"מודל: B | R: 31 | G: 81 | F: 63 | E: 73.7 | D: 100 | B2: 114 | B1: 85 | מק""ט חוליות: 6602340750 | יצרן: Polyroll","PPR Adapter 1/2""",PPR Adapters,🔩,ppr_p53_a.jpg,,,
6602340900,"מתאם PPR לריתוך הברגה עגול תבריג פנימי 90x3""",מתאמים PPR,פולירול,,,,"מודל: B | R: 34 | G: 33 | F: 94 | E: 71 | D: 88.6 | B2: 119 | B1: 128 | A: 92 | מק""ט חוליות: 6602340900 | יצרן: Polyroll","PPR Adapter 90x3""",PPR Adapters,🔩,ppr_p53_a.jpg,,,
6602350110,"מתאם PPR לריתוך הברגה עגול תבריג חיצוני 110x4""",מתאמים PPR,פולירול,,,,"מודל: C | R2: 4"" | R1: 41 | F: 42 | E: 78 | D: 108.4 | B2: 144 | B1: 166 | A: 137 | מק""ט חוליות: 6602350110 | יצרן: Polyroll","PPR Adapter 110x4""",PPR Adapters,🔩,ppr_p54_a.jpg,,,
6602350200,"מתאם PPRCT לריתוך הברגה עגול תבריג חיצוני 20x1/2""",מתאמים PPR,פולירול,,,,"מודל: A | R2: 1/2"" | R1: 21 | F: 15 | E: 33 | D: 19.2 | B2: 27 | B1: 33 | A: 47 | חומר: PPRCT | מק""ט חוליות: 6602350200 | יצרן: Polyroll","PPR Adapter 20x1/2""",PPR Adapters,🔩,ppr_p54_a.jpg,,,
6602350250,"מתאם PPRCT לריתוך הברגה עגול תבריג חיצוני 25x1/2""",מתאמים PPR,פולירול,,,,"מודל: A | R2: 1/2"" | R1: 21 | F: 16 | E: 34 | D: 24.2 | B2: 33 | B1: 36 | A: 48 | חומר: PPRCT | מק""ט חוליות: 6602350250 | יצרן: Polyroll","PPR Adapter 25x1/2""",PPR Adapters,🔩,ppr_p54_a.jpg,,,
6602350260,"מתאם PPRCT לריתוך הברגה עגול תבריג חיצוני 25x3/4""",מתאמים PPR,פולירול,,,,"מודל: A | R2: 3/4"" | R1: 21 | F: 16 | E: 36 | D: 24.2 | B2: 33 | B1: 40 | A: 53 | חומר: PPRCT | מק""ט חוליות: 6602350260 | יצרן: Polyroll","PPR Adapter 25x3/4""",PPR Adapters,🔩,ppr_p54_a.jpg,,,
6602350320,"מתאם PPRCT לריתוך הברגה עגול תבריג חיצוני 32x1""",מתאמים PPR,פולירול,,,,"מודל: A | R2: 1"" | R1: 26 | F: 18 | E: 41 | D: 31.1 | B2: 43 | B1: 51 | A: 61 | חומר: PPRCT | מק""ט חוליות: 6602350320 | יצרן: Polyroll","PPR Adapter 32x1""",PPR Adapters,🔩,ppr_p54_a.jpg,,,
6602350330,"מתאם PPRCT לריתוך הברגה עגול תבריג חיצוני 32x3/4""",מתאמים PPR,פולירול,,,,"מודל: A | R2: 3/4"" | R1: 26 | F: 18 | E: 39 | D: 31.1 | B2: 43 | B1: 42 | A: 55 | חומר: PPRCT | מק""ט חוליות: 6602350330 | יצרן: Polyroll","PPR Adapter 32x3/4""",PPR Adapters,🔩,ppr_p54_a.jpg,,,
6602350400,"מתאם PPR לריתוך הברגה עגול תבריג חיצוני 40x1¼""",מתאמים PPR,פולירול,,,,"מודל: B | R2: 28 | R1: 21 | F: 48 | E: 39.0 | D: 54 | B2: 68 | B1: 77 | מק""ט חוליות: 6602350400 | יצרן: Polyroll","PPR Adapter 1/4""",PPR Adapters,🔩,ppr_p54_a.jpg,,,
6602350500,"מתאם PPR לריתוך הברגה עגול תבריג חיצוני 50x1½""",מתאמים PPR,פולירול,,,,"מודל: B | R2: 32 | R1: 24 | F: 54 | E: 48.9 | D: 66 | B2: 79 | B1: 90 | מק""ט חוליות: 6602350500 | יצרן: Polyroll","PPR Adapter 1/2""",PPR Adapters,🔩,ppr_p54_a.jpg,,,
6602350630,"מתאם PPR לריתוך הברגה עגול תבריג חיצוני 63x2""",מתאמים PPR,פולירול,,,,"מודל: C | R2: 2"" | R1: 32 | F: 28 | E: 60 | D: 61.9 | B2: 84 | B1: 95 | A: 98 | מק""ט חוליות: 6602350630 | יצרן: Polyroll","PPR Adapter 63x2""",PPR Adapters,🔩,ppr_p54_a.jpg,,,
6602350750,"מתאם PPR לריתוך הברגה עגול תבריג חיצוני 75x2½""",מתאמים PPR,פולירול,,,,"מודל: C | R2: 32 | R1: 31 | F: 64 | E: 73.7 | D: 100 | B2: 112 | B1: 109 | מק""ט חוליות: 6602350750 | יצרן: Polyroll","PPR Adapter 1/2""",PPR Adapters,🔩,ppr_p54_a.jpg,,,
6602350900,"מתאם PPR לריתוך הברגה עגול תבריג חיצוני 90x3""",מתאמים PPR,פולירול,,,,"מודל: C | R2: 3"" | R1: 34 | F: 37 | E: 67 | D: 88.6 | B2: 119 | B1: 127 | A: 121 | מק""ט חוליות: 6602350900 | יצרן: Polyroll","PPR Adapter 90x3""",PPR Adapters,🔩,ppr_p54_a.jpg,,,
6604900110,"רוכב PPR ריתוך/הברגה תבריג פנים 110-125-160x1/2""",רוכבים PPR,פולירול,,,,"R: ""1/2 | F2: 28 | F1: 15 | D: 32 | C3: 42 | C2: 27 | C1: 20 | B: 38 | A: 50 | מק""ט חוליות: 6604900110 | יצרן: Polyroll","PPR Saddle 110-125-160x1/2""",PPR Saddles,🪢,ppr_p59_a.jpg,,,
6604900111,"רוכב PPR ריתוך/הברגה תבריג פנים 110-125-160x3/4""",רוכבים PPR,פולירול,,,,"R: ""3/4 | F2: 28 | F1: 15 | D: 32 | C3: 42 | C2: 32 | C1: 20 | B: 38 | A: 50 | מק""ט חוליות: 6604900111 | יצרן: Polyroll","PPR Saddle 110-125-160x3/4""",PPR Saddles,🪢,ppr_p59_a.jpg,,,
6604900630,"רוכב PPR ריתוך/הברגה תבריג פנים 63-75-90x1/2""",רוכבים PPR,פולירול,,,,"R: ""1/2 | F2: 28 | F1: 10 | D: 32 | C3: 42 | C2: 27 | C1: 20 | B: 38 | A: 46 | מק""ט חוליות: 6604900630 | יצרן: Polyroll","PPR Saddle ""63-75-90x1/2",PPR Saddles,🪢,ppr_p59_a.jpg,,,
6604900640,"רוכב PPR ריתוך/הברגה תבריג פנים 63-75-90x3/4""",רוכבים PPR,פולירול,,,,"R: ""3/4 | F2: 28 | F1: 10 | D: 32 | C3: 42 | C2: 32 | C1: 20 | B: 38 | A: 46 | מק""ט חוליות: 6604900640 | יצרן: Polyroll","PPR Saddle ""63-75-90x3/4",PPR Saddles,🪢,ppr_p59_a.jpg,,,
6605000110,"רוכב PPR ריתוך/הברגה תבריג חוץ 110-125-160x1/2""",רוכבים PPR,פולירול,,,,"R2: 16 | R1: ""1/2 | F2: 28 | F1: 15 | E: 15 | D: 32 | C3: 43 | C2: 26 | C1: 20 | B: 38 | A: 63 | מק""ט חוליות: 6605000110 | יצרן: Polyroll","PPR Saddle 110-125-160x1/2""",PPR Saddles,🪢,ppr_p60_a.jpg,,,
6605000111,"רוכב PPR ריתוך/הברגה תבריג חוץ 110-125-160x3/4""",רוכבים PPR,פולירול,,,,"R2: 21 | R1: ""3/4 | F2: 28 | F1: 15 | E: 17 | D: 32 | C3: 43 | C2: 26 | C1: 20 | B: 38 | A: 65 | מק""ט חוליות: 6605000111 | יצרן: Polyroll","PPR Saddle 110-125-160x3/4""",PPR Saddles,🪢,ppr_p60_a.jpg,,,
6605000630,"רוכב PPR ריתוך/הברגה תבריג חוץ 63-75-90x1/2""",רוכבים PPR,פולירול,,,,"R2: 16 | R1: ""1/2 | F2: 28 | F1: 10 | E: 15 | D: 32 | C3: 43 | C2: 26 | C1: 20 | B: 38 | A: 61 | מק""ט חוליות: 6605000630 | יצרן: Polyroll","PPR Saddle ""63-75-90x1/2",PPR Saddles,🪢,ppr_p60_a.jpg,,,
6605000640,"רוכב PPR ריתוך/הברגה תבריג חוץ 63-75-90x3/4""",רוכבים PPR,פולירול,,,,"R2: 21 | R1: ""3/4 | F2: 28 | F1: 10 | E: 17 | D: 32 | C3: 43 | C2: 26 | C1: 20 | B: 38 | A: 63 | מק""ט חוליות: 6605000640 | יצרן: Polyroll","PPR Saddle ""63-75-90x3/4",PPR Saddles,🪢,ppr_p60_a.jpg,,,
661360,רשת פנימית עגולה אפור,כיסויים,ליפסקי,,,,תיאור: רשת פנימית עגולה,Top drainage cover white,Collectors & Drains,⬜,661360.jpeg,,,
6701111000,אוגן פלדה מצופה PP 110,צווארונים ואוגנים PPR,פולירול,,,,"מודל: A/B | S: 20 | R: 18 | F: 13 | E: 13 | C: 179 | B: 135 | A: 223 | מק""ט חוליות: 6701111000 | יצרן: Polyroll",PPR Flange 110,PPR Collars,⭕,ppr_p69_a.jpg,,,
6701112500,אוגן פלדה מצופה PP 125,צווארונים ואוגנים PPR,פולירול,,,,"מודל: A/B | S: 24 | R: 18 | F: 12 | E: 12 | C: 209 | B: 168 | A: 250 | מק""ט חוליות: 6701112500 | יצרן: Polyroll",PPR Flange 125,PPR Collars,⭕,ppr_p69_a.jpg,,,
6701116000,אוגן פלדה מצופה PP 160,צווארונים ואוגנים PPR,פולירול,,,,"מודל: A/B | S: 24 | R: 22 | F: 13 | E: 20 | C: 240 | B: 178 | A: 287 | מק""ט חוליות: 6701116000 | יצרן: Polyroll",PPR Flange 160,PPR Collars,⭕,ppr_p69_a.jpg,,,
6701120000,אוגן פלדה מצופה PP 200,צווארונים ואוגנים PPR,פולירול,,,,"מודל: A/B | S: 20 | R: 23 | F: 13 | E: 19 | C: 295 | B: 235 | A: 344 | מק""ט חוליות: 6701120000 | יצרן: Polyroll",PPR Flange 200,PPR Collars,⭕,ppr_p69_a.jpg,,,
6701125000,אוגן פלדה מצופה PP 250,צווארונים ואוגנים PPR,פולירול,,,,"מודל: A/B | S: 30 | R: 22 | F: 17 | E: 20 | C: 350 | B: 288 | A: 406 | מק""ט חוליות: 6701125000 | יצרן: Polyroll",PPR Flange 250,PPR Collars,⭕,ppr_p69_a.jpg,,,
6701163000,אוגן פלדה מצופה PP 63,צווארונים ואוגנים PPR,פולירול,,,,"מודל: A/B | S: 20 | R: 18 | F: 15 | E: 15 | C: 125 | B: 78 | A: 172 | מק""ט חוליות: 6701163000 | יצרן: Polyroll",PPR Flange 63,PPR Collars,⭕,ppr_p69_a.jpg,,,
6701175000,אוגן פלדה מצופה PP 75,צווארונים ואוגנים PPR,פולירול,,,,"מודל: A/B | S: 22 | R: 18 | F: 13 | E: 16 | C: 145 | B: 95 | A: 189 | מק""ט חוליות: 6701175000 | יצרן: Polyroll",PPR Flange 75,PPR Collars,⭕,ppr_p69_a.jpg,,,
6701190000,אוגן פלדה מצופה PP 90,צווארונים ואוגנים PPR,פולירול,,,,"מודל: A/B | S: 20 | R: 18 | F: 11 | E: 14 | C: 160 | B: 115 | A: 200 | מק""ט חוליות: 6701190000 | יצרן: Polyroll",PPR Flange 90,PPR Collars,⭕,ppr_p69_a.jpg,,,
6702000200,"מתאם PPR ריתוך/רקורד משושה תבריג חיצוני 20x1/2""",מתאמים PPR,פולירול,,,,"R: 22 | G: 15 | F: 28 | E: 21 | D2: 15 | D1: 19.5 | B: 39 | A: 50 | מק""ט חוליות: 6702000200 | יצרן: Polyroll",PPR Adapter 20x1/2”,PPR Adapters,🔩,ppr_p57_a.jpg,,,
6702000250,"מתאם PPR ריתוך/רקורד משושה תבריג חיצוני 25x3/4""",מתאמים PPR,פולירול,,,,"R: 37 | G: 16 | F: 33 | E: 21 | D2: 16 | D1: 24.5 | B: 45 | A: 51 | מק""ט חוליות: 6702000250 | יצרן: Polyroll",PPR Adapter 25x3/4”,PPR Adapters,🔩,ppr_p57_a.jpg,,,
6702000320,"מתאם PPR ריתוך/רקורד משושה תבריג חיצוני 32x1""",מתאמים PPR,פולירול,,,,"R: 34 | G: 18 | F: 43 | E: 23 | D2: 18 | D1: 31.5 | B: 55 | A: 58 | מק""ט חוליות: 6702000320 | יצרן: Polyroll",PPR Adapter 32x1”,PPR Adapters,🔩,ppr_p57_a.jpg,,,
6702000400,"מתאם PPR ריתוך/רקורד משושה תבריג חיצוני 40x1¼""",מתאמים PPR,פולירול,,,,"R: 21 | G: 51 | F: 23 | E: 20 | D2: 39.4 | D1: 63 | B: 62 | מק""ט חוליות: 6702000400 | יצרן: Polyroll",PPR Adapter 1/4”,PPR Adapters,🔩,ppr_p57_a.jpg,,,
6702000500,"מתאם PPR ריתוך/רקורד משושה תבריג חיצוני 50x1½""",מתאמים PPR,פולירול,,,,"R: 24 | G: 66 | F: 25 | E: 24 | D2: 49.4 | D1: 80 | B: 71 | מק""ט חוליות: 6702000500 | יצרן: Polyroll",PPR Adapter 1/2”,PPR Adapters,🔩,ppr_p57_a.jpg,,,
6702340200,"מתאם PPRCT ריתוך/הברגה עם רקורד 20x3/4""",מתאמים PPR,פולירול,,,,"מודל: A | R1: 21 | G: 15 | F: 32 | E: 13 | D2: 35 | D1: 19.2 | B2: 27 | B1: 33 | A: 67 | חומר: PPRCT | מק""ט חוליות: 6702340200 | יצרן: Polyroll",PPR Adapter 20x3/4”,PPR Adapters,🔩,ppr_p55_a.jpg,,,
6702340250,"מתאם PPRCT ריתוך/הברגה עם רקורד 25x1""",מתאמים PPR,פולירול,,,,"מודל: A | R1: 21 | G: 16 | F: 41 | E: 16 | D2: 39 | D1: 24.2 | B2: 33 | B1: 40 | A: 72 | חומר: PPRCT | מק""ט חוליות: 6702340250 | יצרן: Polyroll",PPR Adapter 25x1”,PPR Adapters,🔩,ppr_p55_a.jpg,,,
6702340260,"מתאם PPRCT ריתוך/הברגה עם רקורד 25x3/4""",מתאמים PPR,פולירול,,,,"מודל: A | R1: 21 | G: 16 | F: 32 | E: 13 | D2: 35 | D1: 24.2 | B2: 33 | B1: 36 | A: 67 | חומר: PPRCT | מק""ט חוליות: 6702340260 | יצרן: Polyroll",PPR Adapter 25x3/4”,PPR Adapters,🔩,ppr_p55_a.jpg,,,
6702340320,"מתאם PPRCT ריתוך/הברגה עם רקורד 32x1""",מתאמים PPR,פולירול,,,,"מודל: A | R1: 26 | G: 19 | F: 51 | E: 16 | D2: 47 | D1: 31.1 | B2: 43 | B1: 53 | A: 81 | חומר: PPRCT | מק""ט חוליות: 6702340320 | יצרן: Polyroll",PPR Adapter 32x1”,PPR Adapters,🔩,ppr_p55_a.jpg,,,
6702340330,"מתאם PPRCT ריתוך/הברגה עם רקורד 32x1¼""",מתאמים PPR,פולירול,,,,"מודל: A | R2: 26 | R1: 19 | G: 51 | F: 17 | E: 41 | D2: 31.1 | D1: 43 | B2: 42 | B1: 81 | חומר: PPRCT | מק""ט חוליות: 6702340330 | יצרן: Polyroll",PPR Adapter 1/4”,PPR Adapters,🔩,ppr_p55_a.jpg,,,
6702340400,"מתאם PPR ריתוך/הברגה עם רקורד 40x1½""",מתאמים PPR,פולירול,,,,"מודל: B | R2: 28 | R1: 21 | G: 58 | F: 18 | E: 57 | D2: 39 | D1: 54 | B2: 68 | B1: 94 | מק""ט חוליות: 6702340400 | יצרן: Polyroll",PPR Adapter 1/2”,PPR Adapters,🔩,ppr_p55_a.jpg,,,
6702340500,"מתאם PPR ריתוך/הברגה עם רקורד 50x2""",מתאמים PPR,פולירול,,,,"מודל: B | R1: 32 | G: 24 | F: 71 | E: 22 | D2: 62 | D1: 48.9 | B2: 66 | B1: 80 | A: 107 | מק""ט חוליות: 6702340500 | יצרן: Polyroll",PPR Adapter 50x2”,PPR Adapters,🔩,ppr_p55_a.jpg,,,
6702340630,"מתאם PPR ריתוך/הברגה עם רקורד 63x2½""",מתאמים PPR,פולירול,,,,"מודל: B | R2: 32 | R1: 28 | G: 89 | F: 26 | E: 76 | D2: 61.9 | D1: 84 | B2: 94 | B1: 123 | מק""ט חוליות: 6702340630 | יצרן: Polyroll",PPR Adapter 1/2”,PPR Adapters,🔩,ppr_p55_a.jpg,,,
6702340750,"מתאם PPR ריתוך/הברגה עם רקורד 75x3""",מתאמים PPR,פולירול,,,,"מודל: B | R1: 32 | G: 31 | F: 101 | E: 28 | D2: 85 | D1: 73.7 | B2: 100 | B1: 114 | A: 135 | מק""ט חוליות: 6702340750 | יצרן: Polyroll",PPR Adapter 75x3”,PPR Adapters,🔩,ppr_p55_a.jpg,,,
6706124420,ברז PPR פרפר 20,ברזים PPR,פולירול,,,,"R: 79 | I: 38 | G: 15 | F: 43 | E: 53 | D2: 83 | D1: 19.2 | B: 29 | A: 68 | מק""ט חוליות: 6706124420 | יצרן: Polyroll",PPR Valve 20,PPR Valves,🚰,ppr_p61_a.jpg,,,
6706124425,ברז PPR פרפר 25,ברזים PPR,פולירול,,,,"R: 79 | I: 45 | G: 16 | F: 46 | E: 53 | D2: 86 | D1: 24.2 | B: 47 | A: 77 | מק""ט חוליות: 6706124425 | יצרן: Polyroll",PPR Valve 25,PPR Valves,🚰,ppr_p61_a.jpg,,,
6706124432,ברז PPR פרפר 32,ברזים PPR,פולירול,,,,"R: 79 | I: 53 | G: 18 | F: 66 | E: 53 | D2: 106 | D1: 31.1 | B: 67 | A: 80 | מק""ט חוליות: 6706124432 | יצרן: Polyroll",PPR Valve 32,PPR Valves,🚰,ppr_p61_a.jpg,,,
6706424420,ברז PPR כדורי עם רקורד 20,ברזים PPR,פולירול,,,,"F: 16 | C2: 19 | C1: 28 | B3: 36 | B2: 43 | B1: 65 | A3: 67 | A2: 95 | A1: 127 | מק""ט חוליות: 6706424420 | יצרן: Polyroll",PPR Adapter 20,PPR Adapters,🔩,ppr_p65_a.jpg,,,
6706424425,ברז PPR כדורי עם רקורד 25,ברזים PPR,פולירול,,,,"F: 17 | C2: 24 | C1: 33 | B3: 42 | B2: 49 | B1: 72 | A3: 68 | A2: 96 | A1: 142 | מק""ט חוליות: 6706424425 | יצרן: Polyroll",PPR Adapter 25,PPR Adapters,🔩,ppr_p65_a.jpg,,,
6706424432,ברז PPR כדורי עם רקורד 32,ברזים PPR,פולירול,,,,"F: 18 | C2: 31 | C1: 43 | B3: 52 | B2: 61 | B1: 92 | A3: 70 | A2: 104 | A1: 167 | מק""ט חוליות: 6706424432 | יצרן: Polyroll",PPR Adapter 32,PPR Adapters,🔩,ppr_p65_a.jpg,,,
6706424440,ברז PPR כדורי עם רקורד 40,ברזים PPR,פולירול,,,,"F: 20 | C2: 39 | C1: 50 | B3: 68 | B2: 73 | B1: 111 | A3: 82 | A2: 121 | A1: 192 | מק""ט חוליות: 6706424440 | יצרן: Polyroll",PPR Adapter 40,PPR Adapters,🔩,ppr_p65_a.jpg,,,
6706424450,ברז PPR כדורי עם רקורד 50,ברזים PPR,פולירול,,,,"F: 23 | C2: 49 | C1: 66 | B3: 85 | B2: 92 | B1: 130 | A3: 97 | A2: 143 | A1: 215 | מק""ט חוליות: 6706424450 | יצרן: Polyroll",PPR Adapter 50,PPR Adapters,🔩,ppr_p65_a.jpg,,,
67750440,אטם לג'וקר 40,אביזרים משלימים,חוליות,,,,"יצרן: חוליות | מק""ט חוליות: 67750440 | סימון: אטם לג'וקר 40 | חומר: SBR | DN: 40 | L: 30 | W: 50",Seal for Joker 40,אביזרים משלימים,🚰,page_24.jpg,,,
67760440,אטם לג'וקר מצרה 40-50,אביזרים משלימים,חוליות,,,,"יצרן: חוליות | מק""ט חוליות: 67760440 | סימון: אטם לג'וקר מצרה 40-50 | חומר: SBR | DN: 40-50 | L: 42 | W: 60",Seal for Joker Reducer 40-50,אביזרים משלימים,🚰,page_24.jpg,,,
67760540,אטם לג'וקר 50,אביזרים משלימים,חוליות,,,,"יצרן: חוליות | מק""ט חוליות: 67760540 | סימון: אטם לג'וקר 50 | חומר: SBR | DN: 50 | L: 30 | W: 60",Seal for Joker 50,אביזרים משלימים,🚰,page_24.jpg,,,
67763063,אטם לג'וקר 63,אביזרים משלימים,חוליות,,,,"יצרן: חוליות | מק""ט חוליות: 67763063 | סימון: אטם לג'וקר 63 | חומר: SBR | DN: 63 | L: 30.5 | W: 73",Seal for Joker 63,אביזרים משלימים,🚰,page_24.jpg,,,
686366,חלקים למוצרים סניטריים,חלקים סניטריים,ליפסקי,,,,תיאור: מצוף מילוי הידראולי משולב 3/8 - 1/2 | מידה: 3/8 - 1/2,Flushing valve hydraulic 3/8-1/2,Sanitary Parts,🔧,686366.jpeg,,,
70033460,ברך 45° 32,ברך,חוליות,,,,"יצרן: חוליות | מק""ט חוליות: 70033460 | סימון: 32/45° | DN: 32 | t: 35 | L: 110 | W: 80 | יח׳/ארגז: 110 | יח׳/משטח: 4,620",Elbow 45° 32,ברך,🚰,sml_p13_a.jpg,,,
70033960,ברך 90° 32,ברך,חוליות,,,,"יצרן: חוליות | מק""ט חוליות: 70033960 | סימון: 32/90° | DN: 32 | t: 35 | L: 81 | W: 81",Elbow 90° 32,ברך,🚰,sml_p13_b.jpg,,,
70041150,ברך 15° צד אחד חלק 40,ברך צד אחד חלק,חוליות,,,,"יצרן: חוליות | מק""ט חוליות: 70041150 | סימון: חלק 40/15° | DN: 40 | t: 40 | L: 103 | W: 60 | יח׳/ארגז: 90 | יח׳/משטח: 3,780",Elbow 15° One Side Plain 40,ברך צד אחד חלק,🚰,sml_p12_a.jpg,,,
70041300,ברך 30° צד אחד חלק 40,ברך צד אחד חלק,חוליות,,,,"יצרן: חוליות | מק""ט חוליות: 70041300 | סימון: חלק 40/30° | DN: 40 | t: 40 | L: 113 | W: 70",Elbow 30° One Side Plain 40,ברך צד אחד חלק,🚰,sml_p12_b.jpg,,,
70041460,ברך 45° צד אחד חלק 40,ברך צד אחד חלק,חוליות,,,,"יצרן: חוליות | מק""ט חוליות: 70041460 | סימון: חלק 40/45° | DN: 40 | t: 40 | L: 116 | W: 88",Elbow 45° One Side Plain 40,ברך צד אחד חלק,🚰,sml_p12_c.jpg,,,
70041960,ברך 90° צד אחד חלק 40,ברך צד אחד חלק,חוליות,,,,"יצרן: חוליות | מק""ט חוליות: 70041960 | סימון: חלק 40/90° | DN: 40 | t: 40 | L: 91 | W: 94",Elbow 90° One Side Plain 40,ברך צד אחד חלק,🚰,sml_p12_d.jpg,,,
70043930,ברך מצרה לסיפון צד אחד שקע תקע 32/40,ברך מצרה,חוליות,,,,"יצרן: חוליות | מק""ט חוליות: 70043930 | סימון: 32/40/90° | DN1: 32 | DN2: 40 | t1: 43 | t2: 40 | L: 88 | W: 94","Reducing Elbow for Trap, One Side Socket-Spigot 32/40",ברך מצרה,🚰,sml_p14_a.jpg,,,
70043960,ברך מצרה 90° 32/40,ברך מצרה,חוליות,,,,"יצרן: חוליות | מק""ט חוליות: 70043960 | סימון: 32/40/90° | DN1: 32 | DN2: 40 | t1: 35 | t2: 40 | L: 88 | W: 89 | יח׳/ארגז: 90 | יח׳/משטח: 3,780",Reducing Elbow 90° 32/40,ברך מצרה,🚰,sml_p13_c.jpg,,,
70044460,ברך 45° 40,ברך,חוליות,,,,"יצרן: חוליות | מק""ט חוליות: 70044460 | סימון: 40/45° | DN: 40 | t: 40 | L: 117 | W: 89",Elbow 45° 40,ברך,🚰,sml_p13_a.jpg,,,
70044960,ברך 90° 40,ברך,חוליות,,,,"יצרן: חוליות | מק""ט חוליות: 70044960 | סימון: 40/90° | DN: 40 | t: 40 | L: 94 | W: 94",Elbow 90° 40,ברך,🚰,sml_p13_b.jpg,,,
70051150,ברך 15° צד אחד חלק 50,ברך צד אחד חלק,חוליות,,,,"יצרן: חוליות | מק""ט חוליות: 70051150 | סימון: חלק 50/15° | DN: 50 | t: 41 | L: 104 | W: 71",Elbow 15° One Side Plain 50,ברך צד אחד חלק,🚰,sml_p12_a.jpg,,,
70051300,ברך 30° צד אחד חלק 50,ברך צד אחד חלק,חוליות,,,,"יצרן: חוליות | מק""ט חוליות: 70051300 | סימון: חלק 50/30° | DN: 50 | t: 41 | L: 111 | W: 82",Elbow 30° One Side Plain 50,ברך צד אחד חלק,🚰,sml_p12_b.jpg,,,
70051460,ברך 45° צד אחד חלק 50,ברך צד אחד חלק,חוליות,,,,"יצרן: חוליות | מק""ט חוליות: 70051460 | סימון: חלק 50/45° | DN: 50 | t: 41 | L: 114 | W: 90",Elbow 45° One Side Plain 50,ברך צד אחד חלק,🚰,sml_p12_c.jpg,,,
70051960,ברך 90° צד אחד חלק 50,ברך צד אחד חלק,חוליות,,,,"יצרן: חוליות | מק""ט חוליות: 70051960 | סימון: חלק 50/90° | DN: 50 | t: 41 | L: 107 | W: 110",Elbow 90° One Side Plain 50,ברך צד אחד חלק,🚰,sml_p12_d.jpg,,,
70053930,ברך מצרה צד אחד שקע תקע 32/50,ברך מצרה,חוליות,,,,"יצרן: חוליות | מק""ט חוליות: 70053930 | סימון: 32/50/90° | DN1: 32 | DN2: 50 | t1: 40 | t2: 41 | L: 96 | W: 105",Reducing Elbow One Side Socket-Spigot 32/50,ברך מצרה,🚰,sml_p14_b.jpg,,,
70053960,ברך מצרה 90° 32/50,ברך מצרה,חוליות,,,,"יצרן: חוליות | מק""ט חוליות: 70053960 | סימון: 32/50/90° | DN1: 32 | DN2: 50 | t1: 35 | t2: 41 | L: 90 | W: 100",Reducing Elbow 90° 32/50,ברך מצרה,🚰,sml_p13_c.jpg,,,
70054960,ברך מצרה 90° 40/50,ברך מצרה,חוליות,,,,"יצרן: חוליות | מק""ט חוליות: 70054960 | סימון: 40/50/90° | DN1: 40 | DN2: 50 | t1: 40 | t2: 41 | L: 97 | W: 107",Reducing Elbow 90° 40/50,ברך מצרה,🚰,sml_p13_c.jpg,,,
70055460,ברך 45° 50,ברך,חוליות,,,,"יצרן: חוליות | מק""ט חוליות: 70055460 | סימון: 50/45° | DN: 50 | t: 41 | L: 127 | W: 100",Elbow 45° 50,ברך,🚰,sml_p13_a.jpg,,,
70055960,ברך 90° 50,ברך,חוליות,,,,"יצרן: חוליות | מק""ט חוליות: 70055960 | סימון: 50/90° | DN: 50 | t: 41 | L: 110 | W: 110",Elbow 90° 50,ברך,🚰,sml_p13_b.jpg,,,
70066463,ברך 45° 63,ברך,חוליות,,,,"יצרן: חוליות | מק""ט חוליות: 70066463 | סימון: 63/45° | DN: 63 | t: 50 | L: 139 | W: 189",Elbow 45° 63,ברך,🚰,sml_p13_a.jpg,,,
70113560,מאסף 130 50/50/50,מאספים,חוליות,,,,"יצרן: חוליות | מק""ט חוליות: 70113560 | סימון: 130/50/50 | DN: 50 | D: 98.3 | t: 41 | L1: 130 | L2: 57 | W: 180",Collector 130 50/50/50,מאספים,🚰,sml_p19_b.jpg,,,
70113562,מאסף נפילה 50,מאספים,חוליות,,,,"יצרן: חוליות | מק""ט חוליות: 70113562 | סימון: נפילה 50 | DN: 50 | D1: 98.3 | D2: 50 | t: 41 | L1: 156 | L2: 30 | W: 180",Drop Collector 50,מאספים,🚰,sml_p20_a.jpg,,,
70113565,מאסף נפילה 110,מאספים,חוליות,,,,"יצרן: חוליות | מק""ט חוליות: 70113565 | סימון: נפילה 110 | DN: 50 | D1: 98.3 | D2: 110 | t: 41 | L1: 200 | L2: 74 | W: 180",Drop Collector 110,מאספים,🚰,sml_p20_c.jpg,,,
70113566,מאסף נפילה 100,מאספים,חוליות,,,,"יצרן: חוליות | מק""ט חוליות: 70113566 | סימון: נפילה 100 | DN: 50 | D1: 98.3 | D2: 100 | t: 41 | L1: 200 | L2: 72 | W: 180",Drop Collector 100,מאספים,🚰,sml_p20_b.jpg,,,
70114500,מחסום 140/50 סגור,מחסומים,חוליות,,,,"יצרן: חוליות | מק""ט חוליות: 70114500 | סימון: סגור 140/50 | DN: 50 | D: 98.3 | t: 41 | L1: 140 | L2: 55 | W: 165",Floor Drain 140/50 Closed,מחסומים,🚰,sml_p21_b.jpg,,,
70114590,מחסום 140/40/50 פתוח,מחסומים,חוליות,,,,"יצרן: חוליות | מק""ט חוליות: 70114590 | סימון: פתוח 140/40/50 | DN1: 40 | DN2: 50 | D: 98.3 | t1: 40 | t2: 41 | L1: 140 | L2: 55 | W: 198",Floor Drain 140/40/50 Open,מחסומים,🚰,sml_p22_a.jpg,,,
70117500,מחסום קומקום 175/50 סגור,מחסומים,חוליות,,,,"יצרן: חוליות | מק""ט חוליות: 70117500 | סימון: סגור 175/50 | DN: 50 | D: 98.3 | t: 41 | L1: 175 | L2: 55 | W: 200",Kettle Floor Drain 175/50 Closed,מחסומים,🚰,sml_p23_a.jpg,,,
70117560,מחסום קומקום 175/40/50 פתוח,מחסומים,חוליות,,,,"יצרן: חוליות | מק""ט חוליות: 70117560 | סימון: פתוח 175/40/50 | DN1: 40 | DN2: 50 | D: 98.3 | t1: 40 | t2: 41 | L1: 175 | L2: 55 | W: 200",Kettle Floor Drain 175/40/50 Open,מחסומים,🚰,sml_p23_b.jpg,,,
70123663,מאסף 230 50/50,מאספים,חוליות,,,,"יצרן: חוליות | מק""ט חוליות: 70123663 | סימון: 230/50/50 | DN1: 50 | DN2: 50 | D: 98.3 | t1: 41 | t2: 41 | L1: 230 | L2: 157 | W: 180",Collector 230 50/50,מאספים,🚰,sml_p19_c.jpg,,,
70124590,מחסום 245/40/50 פתוח,מחסומים,חוליות,,,,"יצרן: חוליות | מק""ט חוליות: 70124590 | סימון: פתוח 245/40/50 | DN1: 40 | DN2: 50 | D: 98.3 | t1: 40 | t2: 41 | L1: 245 | L2: 55 | W: 198",Floor Drain 245/40/50 Open,מחסומים,🚰,sml_p22_b.jpg,,,
70124599,מחסום 245/50 סגור,מחסומים,חוליות,,,,"יצרן: חוליות | מק""ט חוליות: 70124599 | סימון: סגור 245/50 | DN: 50 | D: 98.3 | t: 41 | L1: 245 | L2: 55 | W: 165",Floor Drain 245/50 Closed,מחסומים,🚰,sml_p21_c.jpg,,,
70133563,מאסף 230 50/63,מאספים,חוליות,,,,"יצרן: חוליות | מק""ט חוליות: 70133563 | סימון: 230/50/63 | DN1: 50 | DN2: 63 | D: 98.3 | t1: 41 | t2: 50 | L1: 230 | L2: 140 | W: 191",Collector 230 50/63,מאספים,🚰,sml_p19_c.jpg,,,
70136363,מאסף 230 63/63,מאספים,חוליות,,,,"יצרן: חוליות | מק""ט חוליות: 70136363 | סימון: 230/63/63 | DN1: 63 | DN2: 63 | D: 98.3 | t1: 50 | t2: 50 | L1: 230 | L2: 140 | W: 200",Collector 230 63/63,מאספים,🚰,sml_p19_c.jpg,,,
70140760,מאסף 70/40 סגור,מאספים,חוליות,,,,"יצרן: חוליות | מק""ט חוליות: 70140760 | סימון: סגור 70/40 | DN: 40 | D: 98.3 | t: 40 | L: 70 | W: 138 | יח׳/ארגז: 60 | יח׳/משטח: 1,200",Collector 70/40 Closed,מאספים,🚰,sml_p19_a.jpg,,,
70145960,מחסום 80/50 סגור,מחסומים,חוליות,,,,"יצרן: חוליות | מק""ט חוליות: 70145960 | סימון: סגור 80/50 | DN: 50 | D: 98.3 | t: 41 | L: 80 | W: 149 | יח׳/ארגז: 64 | יח׳/משטח: 1,280",Floor Drain 80/50 Closed,מחסומים,🚰,sml_p21_a.jpg,,,
70532360,מצמד כפול 32,מצמד כפול,חוליות,,,,"יצרן: חוליות | מק""ט חוליות: 70532360 | סימון: מצמד 32 | DN: 32 | t: 35 | L: 90 | W: 51 | יח׳/ארגז: 130 | יח׳/משטח: 5,460",Double Coupling 32,מצמד כפול,🚰,sml_p18_a.jpg,,,
70540460,מצמד כפול 40,מצמד כפול,חוליות,,,,"יצרן: חוליות | מק""ט חוליות: 70540460 | סימון: מצמד 40 | DN: 40 | t: 40 | L: 90 | W: 58",Double Coupling 40,מצמד כפול,🚰,sml_p18_a.jpg,,,
70550560,מצמד כפול 50,מצמד כפול,חוליות,,,,"יצרן: חוליות | מק""ט חוליות: 70550560 | סימון: מצמד 50 | DN: 50 | t: 41 | L: 90 | W: 69",Double Coupling 50,מצמד כפול,🚰,sml_p18_a.jpg,,,
70563663,מצמד כפול 63,מצמד כפול,חוליות,,,,"יצרן: חוליות | מק""ט חוליות: 70563663 | סימון: מצמד 63 | DN: 63 | t: 50 | L: 113 | W: 87",Double Coupling 63,מצמד כפול,🚰,sml_p18_a.jpg,,,
70633460,מסעף 45° 32,מסעף,חוליות,,,,"יצרן: חוליות | מק""ט חוליות: 70633460 | סימון: 32/45° | DN: 32 | t: 35 | L: 109 | W: 150 | יח׳/ארגז: 70 | יח׳/משטח: 2,800",Branch 45° 32,מסעף,🚰,sml_p16_a.jpg,,,
70633860,מסעף 90° 32,מסעף,חוליות,,,,"יצרן: חוליות | מק""ט חוליות: 70633860 | סימון: 32/90° | DN: 32 | t: 35 | L: 130 | W: 90",Branch 90° 32,מסעף,🚰,sml_p17_a.jpg,,,
70644460,מסעף 45° 40,מסעף,חוליות,,,,"יצרן: חוליות | מק""ט חוליות: 70644460 | סימון: 40/45° | DN: 40 | t: 40 | L: 120 | W: 153",Branch 45° 40,מסעף,🚰,sml_p16_a.jpg,,,
70644860,מסעף 90° 40,מסעף,חוליות,,,,"יצרן: חוליות | מק""ט חוליות: 70644860 | סימון: 40/90° | DN: 40 | t: 40 | L: 155 | W: 107",Branch 90° 40,מסעף,🚰,sml_p17_a.jpg,,,
70654460,מסעף מצרה 45° 50/40/50,מסעף,חוליות,,,,"יצרן: חוליות | מק""ט חוליות: 70654460 | סימון: 50/40/50/45° | DN1: 50 | DN2: 40 | DN3: 50 | t1: 41 | t2: 40 | t3: 41 | L: 152 | W: 128",Reducing Branch 45° 50/40/50,מסעף,🚰,sml_p16_b.jpg,,,
70654860,מסעף מצרה 90° 40/50,מסעף,חוליות,,,,"יצרן: חוליות | מק""ט חוליות: 70654860 | סימון: 50/40/50/90° | DN1: 50 | DN2: 40 | t1: 41 | t2: 40 | L: 155 | W: 112",Reducing Branch 90° 40/50,מסעף,🚰,sml_p17_b.jpg,,,
70655460,מסעף 45° 50,מסעף,חוליות,,,,"יצרן: חוליות | מק""ט חוליות: 70655460 | סימון: 50/45° | DN: 50 | t: 41 | L: 137 | W: 165",Branch 45° 50,מסעף,🚰,sml_p16_a.jpg,,,
70655860,מסעף 90° 50,מסעף,חוליות,,,,"יצרן: חוליות | מק""ט חוליות: 70655860 | סימון: 50/90° | DN: 50 | t: 41 | L: 155 | W: 112",Branch 90° 50,מסעף,🚰,sml_p17_a.jpg,,,
70665463,מסעף מצרה 45° 63/50/63,מסעף,חוליות,,,,"יצרן: חוליות | מק""ט חוליות: 70665463 | סימון: 63/50/63/45° | DN1: 63 | DN2: 50 | DN3: 63 | t1: 50 | t2: 41 | t3: 50 | L: 213 | W: 168",Reducing Branch 45° 63/50/63,מסעף,🚰,sml_p16_b.jpg,,,
70666463,מסעף 45° 63,מסעף,חוליות,,,,"יצרן: חוליות | מק""ט חוליות: 70666463 | סימון: 63/45° | DN: 63 | t: 50 | L: 213 | W: 176",Branch 45° 63,מסעף,🚰,sml_p16_a.jpg,,,
70703260,אום SmartLock 32,אום SmartLock,חוליות,,,,"יצרן: חוליות | מק""ט חוליות: 70703260 | סימון: אום 32 | DN: 32 | L: 21 | W: 51 | יח׳/ארגז: 750 | יח׳/משטח: 36,000",SmartLock Nut 32,אום SmartLock,🚰,sml_p25_a.jpg,,,
70704060,אום SmartLock 40,אום SmartLock,חוליות,,,,"יצרן: חוליות | מק""ט חוליות: 70704060 | סימון: אום 40 | DN: 40 | L: 21 | W: 58",SmartLock Nut 40,אום SmartLock,🚰,sml_p25_a.jpg,,,
70705060,אום SmartLock 50,אום SmartLock,חוליות,,,,"יצרן: חוליות | מק""ט חוליות: 70705060 | סימון: אום 50 | DN: 50 | L: 21 | W: 69",SmartLock Nut 50,אום SmartLock,🚰,sml_p25_a.jpg,,,
70763063,אום SmartLock 63,אום SmartLock,חוליות,,,,"יצרן: חוליות | מק""ט חוליות: 70763063 | סימון: אום 63 | DN: 63 | L: 22 | W: 87",SmartLock Nut 63,אום SmartLock,🚰,sml_p25_a.jpg,,,
70850060,מתאם זווית - ג'וקר 50,מתאם זווית - ג'וקר,חוליות,,,,"יצרן: חוליות | מק""ט חוליות: 70850060 | סימון: ג'וקר 50 | DN: 50 | L: 87 | W: 77",Angle Adapter - Joker 50,מתאם זווית - ג'וקר,🚰,sml_p11_c.jpg,,,
70860060,אום לג'וקר 50,אביזרים משלימים,חוליות,,,,"יצרן: חוליות | מק""ט חוליות: 70860060 | סימון: אום לג'וקר 50 | DN: 50 | L: 22 | W: 77",Nut for Joker 50,אביזרים משלימים,🚰,sml_p24_c.jpg,,,
70863063,אום לג'וקר 63,אביזרים משלימים,חוליות,,,,"יצרן: חוליות | מק""ט חוליות: 70863063 | סימון: אום לג'וקר 63 | DN: 63 | L: 22 | W: 90",Nut for Joker 63,אביזרים משלימים,🚰,sml_p24_c.jpg,,,
70940060,פקק למחסום 40,אביזרים משלימים,חוליות,,,,"יצרן: חוליות | מק""ט חוליות: 70940060 | סימון: פקק למחסום 40 | DN: 40 | L: 42",Plug for Floor Drain 40,אביזרים משלימים,🚰,sml_p24_d.jpg,,,
70940160,מתאם זווית - ג'וקר 40,מתאם זווית - ג'וקר,חוליות,,,,"יצרן: חוליות | מק""ט חוליות: 70940160 | סימון: ג'וקר | DN: 40 | L: 89 | W: 66 | יח׳/ארגז: 80 | יח׳/משטח: 3,360",Angle Adapter - Joker 40,מתאם זווית - ג'וקר,🚰,sml_p11_c.jpg,,,
70950060,פקק למחסום/מאסף 50,אביזרים משלימים,חוליות,,,,"יצרן: חוליות | מק""ט חוליות: 70950060 | סימון: פקק למחסום/מאסף 50 | DN: 50 | L: 50",Plug for Floor Drain/Collector 50,אביזרים משלימים,🚰,sml_p24_d.jpg,,,
70950160,אום לג'וקר 40,אביזרים משלימים,חוליות,,,,"יצרן: חוליות | מק""ט חוליות: 70950160 | סימון: אום לג'וקר 40 | DN: 40 | L: 19 | W: 66",Nut for Joker 40,אביזרים משלימים,🚰,sml_p24_c.jpg,,,
70963060,פקק למאסף 63,אביזרים משלימים,חוליות,,,,"יצרן: חוליות | מק""ט חוליות: 70963060 | סימון: פקק למאסף 63 | DN: 63 | L: 68",Plug for Collector 63,אביזרים משלימים,🚰,sml_p24_d.jpg,,,
70963160,מתאם זווית - ג'וקר 63,מתאם זווית - ג'וקר,חוליות,,,,"יצרן: חוליות | מק""ט חוליות: 70963160 | סימון: ג'וקר 63 | DN: 63 | L: 95 | W: 90",Angle Adapter - Joker 63,מתאם זווית - ג'וקר,🚰,sml_p11_c.jpg,,,
71410960,ברך טלסקופית 40,ברך טלסקופית,חוליות,,,,"יצרן: חוליות | מק""ט חוליות: 71410960 | סימון: 40/90° | DN: 40 | t1: 40 | t2: 123 | L: 93 | W: 183 | יח׳/ארגז: 50 | יח׳/משטח: 2,100",Telescopic Elbow 40,ברך טלסקופית,🚰,sml_p15_a.jpg,,,
71450960,ברך טלסקופית 50,ברך טלסקופית,חוליות,,,,"יצרן: חוליות | מק""ט חוליות: 71450960 | סימון: 50/90° | DN: 50 | t1: 41 | t2: 156 | L: 111 | W: 225",Telescopic Elbow 50,ברך טלסקופית,🚰,sml_p15_a.jpg,,,
71455860,ברך טלסקופית צד אחד שקע תקע 50,ברך טלסקופית,חוליות,,,,"יצרן: חוליות | מק""ט חוליות: 71455860 | סימון: 50/50/87.5° | DN: 50 | t1: 41 | t2: 157 | L: 114 | W: 222",Telescopic Elbow One Side Socket-Spigot 50,ברך טלסקופית,🚰,sml_p15_b.jpg,,,
71456863,ברך מצרה טלסקופית צד אחד שקע תקע 50/63,ברך טלסקופית,חוליות,,,,"יצרן: חוליות | מק""ט חוליות: 71456863 | סימון: 50/63/87.5° | DN1: 50 | DN2: 63 | t1: 40 | t2: 157 | L: 119 | W: 231",Telescopic Reducing Elbow One Side Socket-Spigot 50/63,ברך טלסקופית,🚰,sml_p15_c.jpg,,,
72065450,מסעף מצרה 45° 50/50/63,מסעף,חוליות,,,,"יצרן: חוליות | מק""ט חוליות: 72065450 | סימון: 50/50/63/45° | DN1: 50 | DN2: 50 | DN3: 63 | t1: 41 | t2: 41 | t3: 50 | L: 212 | W: 169",Reducing Branch 45° 50/50/63,מסעף,🚰,sml_p16_b.jpg,,,
72143260,מצרה 32/40,מצרה,חוליות,,,,"יצרן: חוליות | מק""ט חוליות: 72143260 | סימון: 32/40 | DN1: 32 | DN2: 40 | t1: 35 | t2: 40 | L: 82 | W: 58 | יח׳/ארגז: 120 | יח׳/משטח: 5,040",Reducer 32/40,מצרה,🚰,sml_p18_b.jpg,,,
72150460,מצרה 40/50,מצרה,חוליות,,,,"יצרן: חוליות | מק""ט חוליות: 72150460 | סימון: 40/50 | DN1: 40 | DN2: 50 | t1: 40 | t2: 41 | L: 90 | W: 69",Reducer 40/50,מצרה,🚰,sml_p18_b.jpg,,,
72153260,מצרה 32/50,מצרה,חוליות,,,,"יצרן: חוליות | מק""ט חוליות: 72153260 | סימון: 32/50 | DN1: 32 | DN2: 50 | t1: 35 | t2: 41 | L: 90 | W: 69",Reducer 32/50,מצרה,🚰,sml_p18_b.jpg,,,
72163563,מצרה 50/63,מצרה,חוליות,,,,"יצרן: חוליות | מק""ט חוליות: 72163563 | סימון: 50/63 | DN1: 50 | DN2: 63 | t1: 41 | t2: 50 | L: 132 | W: 87",Reducer 50/63,מצרה,🚰,sml_p18_b.jpg,,,
76032202,"מחלק 1"" 2 יציאות ללא ברז",מחלקים,AQUATEC,,,,יציאות: 2 | מידה: 1' | תיאור: 2 יציאות,"Manifold 1"" 2-outlet No Valve",Manifolds,🔀,76032202.jpg,,,
76032203,"מחלק 1"" 3 יציאות ללא ברז",מחלקים,AQUATEC,,,,יציאות: 3 | מידה: 1' | תיאור: 3 יציאות,"Manifold 1"" 3-outlet No Valve",Manifolds,🔀,76032202.jpg,,,
76032204,"מחלק 1"" 4 יציאות ללא ברז",מחלקים,AQUATEC,,,,יציאות: 4 | מידה: 1' | תיאור: 4 יציאות,"Manifold 1"" 4-outlet No Valve",Manifolds,🔀,76032202.jpg,,,
7608202B,"מחלק 3/4"" 2 יציאות + ברז כחול",מחלקים,AQUATEC,,,,"יציאות: 2 | מידה: 3/4"" | תיאור: מחלקים 3/4"" 2 יציאות","Manifold 3/4"" 2-outlet Blue Valve",Manifolds,🔀,7609202B.jpg,,,
7609202B,"מחלק 1"" 2 יציאות + ברז כחול",מחלקים,AQUATEC,,,,"יציאות: 2 | מידה: 1"" | תיאור: מחלקים 1' 2 יציאות","Manifold 1"" 2-outlet Blue Valve",Manifolds,🔀,7609202B.jpg,,,
7609202R,"מחלק 1"" 2 יציאות + ברז אדום",מחלקים,AQUATEC,,,,"יציאות: 2 | מידה: 1"" | תיאור: מחלקים 1' 2 יציאות","Manifold 1"" 2-outlet Red Valve",Manifolds,🔀,7609202B.jpg,,,
7609203B,"מחלק 1"" 3 יציאות + ברז כחול",מחלקים,AQUATEC,,,,"יציאות: 3 | מידה: 1"" | תיאור: מחלקים 1' 3 יציאות","Manifold 1"" 3-outlet Blue Valve",Manifolds,🔀,7609202B.jpg,,,
7609203R,"מחלק 3/4"" 2 יציאות + ברז אדום",מחלקים,AQUATEC,,,,"יציאות: 2 | מידה: 3/4"" | תיאור: מחלקים 1' 3 יציאות","Manifold 3/4"" 2-outlet Red Valve",Manifolds,🔀,7609202B.jpg,,,
767943440,אטם מעביר SL 40/32,אביזרים משלימים,חוליות,,,,"יצרן: חוליות | מק""ט חוליות: 767943440 | סימון: אטם מעביר SL 40/32",Transition Seal SL 40/32,אביזרים משלימים,🚰,page_24.jpg,,,
767950440,אטם מעביר SL 50/40,אביזרים משלימים,חוליות,,,,"יצרן: חוליות | מק""ט חוליות: 767950440 | סימון: אטם מעביר SL 50/40",Transition Seal SL 50/40,אביזרים משלימים,🚰,page_24.jpg,,,
77000010,"מחבר מהיר 1/2""",ציוד גן,AQUATEC,,,,"מידה: 1/2"" | תיאור: מחבר מהיר","Quick Connector 1/2""",Garden Equipment,🌿,77000010.jpg,,,
77000011,"מחבר מהיר 3/4""",ציוד גן,AQUATEC,,,,"מידה: 3/4"" | תיאור: מחבר מהיר","Quick Connector 3/4""",Garden Equipment,🌿,77000010.jpg,,,
77000012,"רקורד לברז גן 1""-3/4""",ציוד גן,AQUATEC,,,,"מידה: 1""-3/4"" | תיאור: רקורד לברז קן 3/4""-1","Garden Tap Union 1""-3/4""",Garden Equipment,🌿,77000012.jpg,,,
77000013,"מחבר תיקון 1/2""",ציוד גן,AQUATEC,,,,"מידה: 1/2"" | תיאור: מחבר תיקון","Repair Connector 1/2""",Garden Equipment,🌿,77000013.jpg,,,
77000022,מפצל לצינור גן פליז,ציוד גן,AQUATEC,,,,חומר: פליז | תיאור: מפצל לצינור גן פליז,Brass Garden Hose Splitter,Garden Equipment,🌿,77000022.jpg,,,
77000024,"מחבר תיקון 3/4""",ציוד גן,AQUATEC,,,,"מידה: 3/4"" | תיאור: מחבר תיקון","Repair Connector 3/4""",Garden Equipment,🌿,77000013.jpg,,,
77000026,אקדח מים לגינה פליז,ציוד גן,AQUATEC,,,,ייעוד: לגינה | חומר: פליז | תיאור: אקדח מים לגינה פליז,Brass Garden Water Gun,Garden Equipment,🌿,77000026.jpg,,,
77000027,אקדח מים לגינה פלסטיק,ציוד גן,AQUATEC,,,,ייעוד: לגינה | חומר: פלסטיק | תיאור: אקדח מים לגינה פלסטיק,Plastic Garden Water Gun,Garden Equipment,🌿,77000027.jpg,,,
77000030,צינור קפיצי 15 מטר לגן,ציוד גן,AQUATEC,,,,תיאור: צינור קפיצי 15 מטר לגן,Coiled Garden Hose 15m,Garden Equipment,🌿,77000030.jpg,,,
77000903,סט זוג ברגים לאסלה,אביזרי אסלה,AQUATEC,,,,ייעוד: לאסלה | תיאור: סט זוג ברגים לאסלה,Pair of Bolts for Toilet,Toilet Accessories,🚽,77000903.jpg,,,
77000905,סט זוג ברגים לכיור,אביזרי אסלה,AQUATEC,,,,ייעוד: לכיור | תיאור: סט זוג ברגים לכיור,Pair of Bolts for Basin,Toilet Accessories,🚽,77000905.jpg,,,
77001190,"מחבר טלסקופי יחיד 1/2""",אביזרי נחושת,AQUATEC,,,,"תצורה: יחיד | מאפיין: טלסקופי | מידה: 1/2"" | תיאור: מחבר טלסקופי יחיד","Single Telescopic Connector 1/2""",Brass Fittings,🔧,77001190.jpg,,,
77001191,"מחבר טלסקופי כפול 1/2""",אביזרי נחושת,AQUATEC,,,,"תצורה: כפול | מאפיין: טלסקופי | מידה: 1/2"" | תיאור: מחבר טלסקופי כפול","Double Telescopic Connector 1/2""",Brass Fittings,🔧,77001190.jpg,,,
77001192,"מחבר טלסקופי יחיד 3/4""",אביזרי נחושת,AQUATEC,,,,"תצורה: יחיד | מאפיין: טלסקופי | מידה: 3/4"" | תיאור: מחבר טלסקופי יחיד","Single Telescopic Connector 3/4""",Brass Fittings,🔧,77001190.jpg,,,
77001193,"מחבר טלסקופי כפול 3/4""",אביזרי נחושת,AQUATEC,,,,"תצורה: כפול | מאפיין: טלסקופי | מידה: 3/4"" | תיאור: מחבר טלסקופי כפול","Double Telescopic Connector 3/4""",Brass Fittings,🔧,77001190.jpg,,,
77001194,"מחבר טלסקופי יחיד 1""",אביזרי נחושת,AQUATEC,,,,"תצורה: יחיד | מאפיין: טלסקופי | מידה: 1"" | תיאור: מחבר טלסקופי כפול","Single Telescopic Connector 1""",Brass Fittings,🔧,77001190.jpg,,,
77003022,"מכסה ניקל מרובע 6""",מכסים ורשתות,AQUATEC,,,,"מידה: 6"" | תיאור: מכסה ניקל מרובע 6""","Nickel Square Cover 6""",Drain Covers & Grates,🔧,77003022.jpg,,,
77003023,"רשת ניקל מרובעת 6""",מכסים ורשתות,AQUATEC,,,,"מידה: 6"" | תיאור: רשת ניקל מרובעת 6""","Nickel Square Grate 6""",Drain Covers & Grates,🔧,77003023.jpg,,,
77003024,"מכסה ניקל עגול 6""",מכסים ורשתות,AQUATEC,,,,"מידה: 6"" | תיאור: מכסה ניקל עגול 6""","Nickel Round Cover 6""",Drain Covers & Grates,🔧,77003024.jpg,,,
77003025,"רשת ניקל עגול 6""",מכסים ורשתות,AQUATEC,,,,"מידה: 6"" | תיאור: רשת ניקל עגול 6""","Nickel Round Grate 6""",Drain Covers & Grates,🔧,77003025.jpg,,,
77003128,"ברז אלכסוני 1""",ברזי מעבר,AQUATEC,,,,"מידה: 1"" | תיאור: ברז אלכסוני","Globe Valve 1""",Ball Valves,🔧,77777392.jpg,,,
77003220,"סיפון שרשורי גמיש 1¼""",סיפונים,AQUATEC,,,,"מידה: 1 1/4"" | תיאור: סיפון שרשורי גמיש","Flexible Corrugated Trap 1¼""",Traps,🔧,77003220.jpg,,,
77003221,"סיפון שרשורי גמיש 2""",סיפונים,AQUATEC,,,,"מידה: 2"" | תיאור: סיפון שרשורי גמיש","Flexible Corrugated Trap 2""",Traps,🔧,77003220.jpg,,,
77003223,חיבור אסלה שרשורי משופר,אביזרי אסלה,AQUATEC,,,,מאפיין: משופר | תיאור: חיבור אסלה שרשורי משופר,Improved Corrugated Toilet Connector,Toilet Accessories,🚽,77003223.jpg,,,
77004401,"אל חזור כלפה 1/2""",אביזרי נחושת,AQUATEC,,,,"מידה: 1/2"" | תיאור: אל חוזר כלפה","Flap Check Valve 1/2""",Brass Fittings,🔧,77004401.jpg,,,
77004402,"אל חזור כלפה 3/4""",אביזרי נחושת,AQUATEC,,,,"מידה: 3/4"" | תיאור: אל חוזר כלפה","Flap Check Valve 3/4""",Brass Fittings,🔧,77004401.jpg,,,
77004403,"אל חזור כלפה 1""",אביזרי נחושת,AQUATEC,,,,"מידה: 1"" | תיאור: אל חוזר כלפה","Flap Check Valve 1""",Brass Fittings,🔧,77004401.jpg,,,
77004404,"אל חזור כלפה 11/4""",אביזרי נחושת,AQUATEC,,,,"מידה: 1.1/4"" | תיאור: אל חוזר כלפה","Flap Check Valve 1¼""",Brass Fittings,🔧,77004401.jpg,,,
77004405,"אל חזור כלפה 11/2""",אביזרי נחושת,AQUATEC,,,,"מידה: 1.1/2"" | תיאור: אל חוזר כלפה","Flap Check Valve 1½""",Brass Fittings,🔧,77004401.jpg,,,
77004406,"אל חזור כלפה 2""",אביזרי נחושת,AQUATEC,,,,"מידה: 2"" | תיאור: אל חוזר כלפה","Flap Check Valve 2""",Brass Fittings,🔧,77004401.jpg,,,
77004407,"אל חזור כלפה 21/2""",אביזרי נחושת,AQUATEC,,,,"מידה: 2.1/2"" | תיאור: אל חוזר כלפה","Flap Check Valve 2½""",Brass Fittings,🔧,77004401.jpg,,,
77004408,"אל חזור כלפה 3""",אביזרי נחושת,AQUATEC,,,,"מידה: 3"" | תיאור: אל חוזר כלפה","Flap Check Valve 3""",Brass Fittings,🔧,77004401.jpg,,,
77004410,"משחרר אוויר 1/2"" אוטומטי",מכשירי לחץ,AQUATEC,,,,"מאפיין: אוטומטי | מידה: 1/2"" | תיאור: משחרר אוויר 1/2 אוטומטי","Automatic Air Vent 1/2""",Pressure Devices,📊,77004410.jpg,,,
77004416,"אלחוזר אלכסוני 1"" עם מסנן",אביזרי נחושת,AQUATEC,,,,"מאפיין: עם מסנן | מידה: 1"" | תיאור: אלחוזר אלכסוני ""1 עם מסנן","Angle Check Valve 1"" with Strainer",Brass Fittings,🔧,77004416.jpg,,,
77006010,"חבק תליה 1/2"" עם בידוד",חבקי תליה,AQUATEC,,,,"מאפיין: עם בידוד | מידה: 1/2"" | תיאור: חבק תליה עם בידוד","Hanging Clamp 1/2"" Insulated",Hanging Clamps,🔩,77006030.jpg,,,
77006016,"חבק תליה 2½"" עם בידוד",חבקי תליה,AQUATEC,,,,"מאפיין: עם בידוד | מידה: 2 1/2"" | תיאור: חבק תליה עם בידוד","Hanging Clamp 2½"" Insulated",Hanging Clamps,🔩,77006036.jpg,,,
77006017,"חבק תליה 3"" עם בידוד",חבקי תליה,AQUATEC,,,,"מאפיין: עם בידוד | מידה: 3"" | תיאור: חבק תליה עם בידוד","Hanging Clamp 3"" Insulated",Hanging Clamps,🔩,77006036.jpg,,,
77006019,"חבק תליה 6"" עם בידוד",חבקי תליה,AQUATEC,,,,"מאפיין: עם בידוד | מידה: 6"" | תיאור: חבק תליה עם בידוד","Hanging Clamp 6"" Insulated",Hanging Clamps,🔩,77006036.jpg,,,
77006020,"חבק תליה 8"" עם בידוד",חבקי תליה,AQUATEC,,,,"מאפיין: עם בידוד | מידה: 8"" | תיאור: חבק תליה עם בידוד","Hanging Clamp 8"" Insulated",Hanging Clamps,🔩,77006036.jpg,,,
77006030,"חבק תליה 1/2"" בלי בידוד",חבקי תליה,AQUATEC,,,,"מידה: 1/2"" | תיאור: חבק תליה בלי בידוד","Hanging Clamp 1/2"" No Insulation",Hanging Clamps,🔩,77006030.jpg,,,
77006031,"חבק תליה 3/4"" בלי בידוד",חבקי תליה,AQUATEC,,,,"מידה: 3/4"" | תיאור: חבק תליה בלי בידוד","Hanging Clamp 3/4"" No Insulation",Hanging Clamps,🔩,77006030.jpg,,,
77006032,"חבק תליה 1"" בלי בידוד",חבקי תליה,AQUATEC,,,,"מידה: 1"" | תיאור: חבק תליה בלי בידוד","Hanging Clamp 1"" No Insulation",Hanging Clamps,🔩,77006030.jpg,,,
77006033,"חבק תליה 1¼"" בלי בידוד",חבקי תליה,AQUATEC,,,,"מידה: 1 1/4"" | תיאור: חבק תליה בלי בידוד","Hanging Clamp 1¼"" No Insulation",Hanging Clamps,🔩,77006030.jpg,,,
77006034,"חבק תליה 1½"" בלי בידוד",חבקי תליה,AQUATEC,,,,"מידה: 1 1/2"" | תיאור: חבק תליה בלי בידוד","Hanging Clamp 1½"" No Insulation",Hanging Clamps,🔩,77006030.jpg,,,
77006035,"חבק תליה 2"" בלי בידוד",חבקי תליה,AQUATEC,,,,"מידה: 2"" | תיאור: חבק תליה בלי בידוד","Hanging Clamp 2"" No Insulation",Hanging Clamps,🔩,77006030.jpg,,,
77006036,"חבק תליה 2½"" בלי בידוד",חבקי תליה,AQUATEC,,,,"מידה: 2 1/2"" | תיאור: חבק תליה בלי בידוד","Hanging Clamp 2½"" No Insulation",Hanging Clamps,🔩,77006036.jpg,,,
77006037,"חבק תליה 3"" בלי בידוד",חבקי תליה,AQUATEC,,,,"מידה: 3"" | תיאור: חבק תליה בלי בידוד","Hanging Clamp 3"" No Insulation",Hanging Clamps,🔩,77006036.jpg,,,
77006038,"חבק תליה 4"" בלי בידוד",חבקי תליה,AQUATEC,,,,"מידה: 4"" | תיאור: חבק תליה בלי בידוד","Hanging Clamp 4"" No Insulation",Hanging Clamps,🔩,77006036.jpg,,,
77006039,"חבק תליה 6"" בלי בידוד",חבקי תליה,AQUATEC,,,,"מידה: 6"" | תיאור: חבק תליה בלי בידוד","Hanging Clamp 6"" No Insulation",Hanging Clamps,🔩,77006036.jpg,,,
77006040,"חבק תליה 8"" בלי בידוד",חבקי תליה,AQUATEC,,,,"מידה: 8"" | תיאור: חבק תליה בלי בידוד","Hanging Clamp 8"" No Insulation",Hanging Clamps,🔩,77006036.jpg,,,
77006041,"חבק תליה 10"" בלי בידוד",חבקי תליה,AQUATEC,,,,"מידה: 10"" | תיאור: חבק תליה בלי בידוד","Hanging Clamp 10"" No Insulation",Hanging Clamps,🔩,77006036.jpg,,,
77006080,"אומגה 1/2""",חבקי צינור,AQUATEC,,,,"מידה: 1/2"" | תיאור: אומגה","Omega Clamp 1/2""",Pipe Clamps,🔩,77006080.jpg,,,
77006081,"אומגה 3/4""",חבקי צינור,AQUATEC,,,,"מידה: 3/4"" | תיאור: אומגה","Omega Clamp 3/4""",Pipe Clamps,🔩,77006080.jpg,,,
77006082,"אומגה 1""",חבקי צינור,AQUATEC,,,,"מידה: 1"" | תיאור: אומגה","Omega Clamp 1""",Pipe Clamps,🔩,77006080.jpg,,,
77006085,"אומגה 2""",חבקי צינור,AQUATEC,,,,"מידה: 2"" | תיאור: אומגה","Omega Clamp 2""",Pipe Clamps,🔩,77006080.jpg,,,
77006086,"אומגה 2½""",חבקי צינור,AQUATEC,,,,"מידה: 2 1/2"" | תיאור: אומגה","Omega Clamp 2½""",Pipe Clamps,🔩,77006080.jpg,,,
77006087,"אומגה 3""",חבקי צינור,AQUATEC,,,,"מידה: 3"" | תיאור: אומגה","Omega Clamp 3""",Pipe Clamps,🔩,77006080.jpg,,,
77006088,"אומגה 4""",חבקי צינור,AQUATEC,,,,"מידה: 4"" | תיאור: אומגה","Omega Clamp 4""",Pipe Clamps,🔩,77006080.jpg,,,
77006089,"אומגה 5""",חבקי צינור,AQUATEC,,,,"מידה: 5"" | תיאור: אומגה","Omega Clamp 5""",Pipe Clamps,🔩,77006080.jpg,,,
77006090,"אומגה 6""",חבקי צינור,AQUATEC,,,,"מידה: 6"" | תיאור: אומגה","Omega Clamp 6""",Pipe Clamps,🔩,77006080.jpg,,,
77006091,"אומגה 8""",חבקי צינור,AQUATEC,,,,"מידה: 8"" | תיאור: אומגה","Omega Clamp 8""",Pipe Clamps,🔩,77006080.jpg,,,
77006092,"אומגה 10""",חבקי צינור,AQUATEC,,,,"מידה: 10"" | תיאור: אומגה","Omega Clamp 10""",Pipe Clamps,🔩,77006080.jpg,,,
77006093,"אומגה 12""",חבקי צינור,AQUATEC,,,,"מידה: 12"" | תיאור: אומגה","Omega Clamp 12""",Pipe Clamps,🔩,77006080.jpg,,,
77006121,"חבק תליה 10"" עם בידוד",חבקי תליה,AQUATEC,,,,"מאפיין: עם בידוד | מידה: 10"" | תיאור: חבק תליה עם בידוד","Hanging Clamp 10"" Insulated",Hanging Clamps,🔩,77006036.jpg,,,
77110154,דיור ראש מתיזן לבן,מערכות שטיפה,AQUATEC,,,,תיאור: דיור ראש מתיזן לבן,Spray Head White,Bidet Sprayer Systems,🚿,77110154.jpg,,,
77110155,דיור מערכת שטיפה דולפין פלוס לבן,מערכות שטיפה,AQUATEC,,,,תיאור: דיור מערכת שטיפה דולפין פלוס לבן,Dolphin Plus Bidet System White,Bidet Sprayer Systems,🚿,77110155.jpg,,,
77110164,דיור ראש מתיזן ניקל,מערכות שטיפה,AQUATEC,,,,תיאור: דיור ראש מתיזן ניקל,Spray Head Nickel,Bidet Sprayer Systems,🚿,77110164.jpg,,,
77110166,דיור מערכת שטיפה דולפין פלוס ניקל,מערכות שטיפה,AQUATEC,,,,תיאור: דיור מערכת שטיפה דולפין פלוס ניקל,Dolphin Plus Bidet System Nickel,Bidet Sprayer Systems,🚿,77110166.jpg,,,
77110174,דיור ראש מתיזן שחור,מערכות שטיפה,AQUATEC,,,,תיאור: דיור ראש מתיזן שחור,Spray Head Black,Bidet Sprayer Systems,🚿,77110174.jpg,,,
77110177,דיור מערכת שטיפה דולפין פלוס שחור,מערכות שטיפה,AQUATEC,,,,תיאור: דיור מערכת שטיפה דולפין פלוס שחור,Dolphin Plus Bidet System Black,Bidet Sprayer Systems,🚿,77110177.jpg,,,
77121240,"צינור מתכת משוריין 1/2×1/2 40 ס""מ",צינורות גמישים,AQUATEC,,,,L (cm): 40 | thread: 1/2×1/2,Armored Metal Pipe 1/2×1/2 40cm,Flexible Pipes,🪛,77121240.jpg,,,
77121250,"צינור מתכת משוריין 1/2×1/2 50 ס""מ",צינורות גמישים,AQUATEC,,,,L (cm): 50 | thread: 1/2×1/2,Armored Metal Pipe 1/2×1/2 50cm,Flexible Pipes,🪛,77121240.jpg,,,
77121260,"צינור מתכת משוריין 1/2×1/2 60 ס""מ",צינורות גמישים,AQUATEC,,,,L (cm): 60 | thread: 1/2×1/2,Armored Metal Pipe 1/2×1/2 60cm,Flexible Pipes,🪛,77121240.jpg,,,
77381040,"זוג צינור לברז פרח 40 ס""מ",צינורות גמישים,AQUATEC,,,,L (cm): 40,Pair of Flexible Faucet Pipes 40cm,Flexible Pipes,🪛,77381040.jpg,,,
77381050,"זוג צינור לברז פרח 50 ס""מ",צינורות גמישים,AQUATEC,,,,L (cm): 50,Pair of Flexible Faucet Pipes 50cm,Flexible Pipes,🪛,77381040.jpg,,,
77381060,"זוג צינור לברז פרח 60 ס""מ",צינורות גמישים,AQUATEC,,,,L (cm): 60,Pair of Flexible Faucet Pipes 60cm,Flexible Pipes,🪛,77381040.jpg,,,
77383815,"מאריך לברז ניל 3/8×3/8 15 ס""מ",צינורות גמישים,AQUATEC,,,,L (cm): 15 | thread: 3/8×3/8,Neil Faucet Extension 3/8×3/8 15cm,Flexible Pipes,🪛,77383815.jpg,,,
77383820,"מאריך לברז ניל 3/8×3/8 20 ס""מ",צינורות גמישים,AQUATEC,,,,L (cm): 20 | thread: 3/8×3/8,Neil Faucet Extension 3/8×3/8 20cm,Flexible Pipes,🪛,77383815.jpg,,,
77383825,"מאריך לברז ניל 3/8×3/8 25 ס""מ",צינורות גמישים,AQUATEC,,,,L (cm): 25 | thread: 3/8×3/8,Neil Faucet Extension 3/8×3/8 25cm,Flexible Pipes,🪛,77383815.jpg,,,
77383830,"מאריך לברז ניל 3/8×3/8 30 ס""מ",צינורות גמישים,AQUATEC,,,,L (cm): 30 | thread: 3/8×3/8,Neil Faucet Extension 3/8×3/8 30cm,Flexible Pipes,🪛,77383815.jpg,,,
77383840,"מאריך לברז ניל 3/8×3/8 40 ס""מ",צינורות גמישים,AQUATEC,,,,L (cm): 40 | thread: 3/8×3/8,Neil Faucet Extension 3/8×3/8 40cm,Flexible Pipes,🪛,77383815.jpg,,,
77400035,"מקשר הברגה חיצונית NTM 25×1""",מחברי NTM,AQUATEC,,,,"מידה: 25*1"" | תיאור: מקשר הברגה חיצונית","NTM Male Coupler 25×1""",NTM Fittings,🔧,77400222.jpg,,,
77400222,"מקשר הברגה חיצונית NTM 16×1/2""",מחברי NTM,AQUATEC,,,,"מידה: 16*1/2"" | תיאור: מקשר הברגה חיצונית","NTM Male Coupler 16×½""",NTM Fittings,🔧,77400222.jpg,,,
77400228,"מקשר הברגה חיצונית NTM 20×1/2""",מחברי NTM,AQUATEC,,,,"מידה: 20*1/2"" | תיאור: מקשר הברגה חיצונית","NTM Male Coupler 20×½""",NTM Fittings,🔧,77400222.jpg,,,
77400422,"מקשר הברגה חיצונית NTM 16×3/4""",מחברי NTM,AQUATEC,,,,"מידה: 16*3/4"" | תיאור: מקשר הברגה חיצונית","NTM Male Coupler 16×¾""",NTM Fittings,🔧,77400222.jpg,,,
77400428,"מקשר הברגה חיצונית NTM 20×3/4""",מחברי NTM,AQUATEC,,,,"מידה: 20*3/4"" | תיאור: מקשר הברגה חיצונית","NTM Male Coupler 20×¾""",NTM Fittings,🔧,77400222.jpg,,,
77400435,"מקשר הברגה חיצונית NTM 25×3/4""",מחברי NTM,AQUATEC,,,,"מידה: 25*3/4"" | תיאור: מקשר הברגה חיצונית","NTM Male Coupler 25×¾""",NTM Fittings,🔧,77400222.jpg,,,
77401028,מקשר כפול NTM 20×20,מחברי NTM,AQUATEC,,,,תצורה: כפול | מידה: 20*20 | תיאור: מקשר כפול,NTM Double Coupler 20×20,NTM Fittings,🔧,77401622.jpg,,,
77401535,מקשר כפול NTM 25×25,מחברי NTM,AQUATEC,,,,תצורה: כפול | מידה: 25*25 | תיאור: מקשר כפול,NTM Double Coupler 25×25,NTM Fittings,🔧,77401622.jpg,,,
77401621,מקשר מצמצם NTM 20×16,מחברי NTM,AQUATEC,,,,מידה: 20*16 | תיאור: מקשר כפול,NTM Reducing Coupler 20×16,NTM Fittings,🔧,77401622.jpg,,,
77401622,מקשר כפול NTM 16×16,מחברי NTM,AQUATEC,,,,תצורה: כפול | מידה: 16*16 | תיאור: מקשר כפול,NTM Double Coupler 16×16,NTM Fittings,🔧,77401622.jpg,,,
77402035,"מקשר הברגה פנימית NTM 25×1""",מחברי NTM,AQUATEC,,,,"מידה: 25*1"" | תיאור: מקשר הברגה פנימית","NTM Female Coupler 25×1""",NTM Fittings,🔧,77402222.jpg,,,
77402222,"מקשר הברגה פנימית NTM 16×1/2""",מחברי NTM,AQUATEC,,,,"מידה: 16*1/2"" | תיאור: מקשר הברגה פנימית","NTM Female Coupler 16×½""",NTM Fittings,🔧,77402222.jpg,,,
77402228,"מקשר הברגה פנימית NTM 20×1/2""",מחברי NTM,AQUATEC,,,,"מידה: 20*1/2"" | תיאור: מקשר הברגה פנימית","NTM Female Coupler 20×½""",NTM Fittings,🔧,77402222.jpg,,,
77402422,"מקשר הברגה פנימית NTM 16×3/4""",מחברי NTM,AQUATEC,,,,"מידה: 16*3/4"" | תיאור: מקשר הברגה פנימית","NTM Female Coupler 16×¾""",NTM Fittings,🔧,77402222.jpg,,,
77402428,"מקשר הברגה פנימית NTM 20×3/4""",מחברי NTM,AQUATEC,,,,"מידה: 20*3/4"" | תיאור: מקשר הברגה פנימית","NTM Female Coupler 20×¾""",NTM Fittings,🔧,77402222.jpg,,,
77402435,"מקשר הברגה פנימית NTM 25×3/4""",מחברי NTM,AQUATEC,,,,"מידה: 25*3/4"" | תיאור: מקשר הברגה פנימית","NTM Female Coupler 25×¾""",NTM Fittings,🔧,77402222.jpg,,,
77403028,זווית כפולה NTM 20×20,מחברי NTM,AQUATEC,,,,תצורה: כפול | מידה: 20*20 | תיאור: זווית כפולה,NTM Double Elbow 20×20,NTM Fittings,🔧,77403622.jpg,,,
77403622,זווית כפולה NTM 16×16,מחברי NTM,AQUATEC,,,,תצורה: כפול | מידה: 16*16 | תיאור: זווית כפולה,NTM Double Elbow 16×16,NTM Fittings,🔧,77403622.jpg,,,
77404035,"זווית חיצונית NTM 25×1""",מחברי NTM,AQUATEC,,,,"מידה: 25*1"" | תיאור: זווית הברגה חיצונית","NTM Male Elbow 25×1""",NTM Fittings,🔧,77404222.jpg,,,
77404222,"זווית חיצונית NTM 16×1/2""",מחברי NTM,AQUATEC,,,,"מידה: 16*1/2"" | תיאור: זווית הברגה חיצונית","NTM Male Elbow 16×½""",NTM Fittings,🔧,77404222.jpg,,,
77404422,"זווית חיצונית NTM 16×3/4""",מחברי NTM,AQUATEC,,,,"מידה: 16*3/4"" | תיאור: זווית הברגה חיצונית","NTM Male Elbow 16×¾""",NTM Fittings,🔧,77404222.jpg,,,
77404427,"זווית חיצונית NTM 20×1/2""",מחברי NTM,AQUATEC,,,,"מידה: 20*1/2"" | תיאור: זווית הברגה חיצונית","NTM Male Elbow 20×½""",NTM Fittings,🔧,77404222.jpg,,,
77404428,"זווית חיצונית NTM 20×3/4""",מחברי NTM,AQUATEC,,,,"מידה: 20*3/4"" | תיאור: זווית הברגה חיצונית","NTM Male Elbow 20×¾""",NTM Fittings,🔧,77404222.jpg,,,
77404435,"זווית חיצונית NTM 25×3/4""",מחברי NTM,AQUATEC,,,,"מידה: 25*3/4"" | תיאור: זווית הברגה חיצונית","NTM Male Elbow 25×¾""",NTM Fittings,🔧,77404222.jpg,,,
77405035,"זווית פנימית NTM 25×1""",מחברי NTM,AQUATEC,,,,"מידה: 25*1"" | תיאור: זווית הברגה פנימית","NTM Female Elbow 25×1""",NTM Fittings,🔧,77405222.jpg,,,
77405222,"זווית פנימית NTM 16×1/2""",מחברי NTM,AQUATEC,,,,"מידה: 16*1/2"" | תיאור: זווית הברגה פנימית","NTM Female Elbow 16×½""",NTM Fittings,🔧,77405222.jpg,,,
77405422,"זווית פנימית NTM 16×3/4""",מחברי NTM,AQUATEC,,,,"מידה: 16*3/4"" | תיאור: זווית הברגה פנימית","NTM Female Elbow 16×¾""",NTM Fittings,🔧,77405222.jpg,,,
77405427,"זווית פנימית NTM 20×1/2""",מחברי NTM,AQUATEC,,,,"מידה: 20*1/2"" | תיאור: זווית הברגה פנימית","NTM Female Elbow 20×½""",NTM Fittings,🔧,77405222.jpg,,,
77405428,"זווית פנימית NTM 20×3/4""",מחברי NTM,AQUATEC,,,,"מידה: 20*3/4"" | תיאור: זווית הברגה פנימית","NTM Female Elbow 20×¾""",NTM Fittings,🔧,77405222.jpg,,,
77405435,"זווית פנימית NTM 25×3/4""",מחברי NTM,AQUATEC,,,,"מידה: 25*3/4"" | תיאור: זווית הברגה פנימית","NTM Female Elbow 25×¾""",NTM Fittings,🔧,77405222.jpg,,,
77406222,"זווית לגינה NTM 16×1/2""",מחברי NTM,AQUATEC,,,,"ייעוד: לגינה | מידה: 16*1/2"" | תיאור: זווית לגינה","NTM Garden Elbow 16×½""",NTM Fittings,🔧,77428333.jpg,,,
77407028,טי פקס NTM 20×20×20,מחברי NTM,AQUATEC,,,,מידה: 20*20*20 | תיאור: טי פיקוס,NTM PEX Tee 20×20×20,NTM Fittings,🔧,77407622.jpg,,,
77407428,"טי פנימי NTM 20×1/2""×20",מחברי NTM,AQUATEC,,,,"מידה: 20*1/2""*20 | תיאור: טי הברגה פנימית","NTM Female Tee 20×½""×20",NTM Fittings,🔧,77409222.jpg,,,
77407429,"טי חיצוני NTM 20×1/2""×20",מחברי NTM,AQUATEC,,,,"מידה: 20*1/2""*20 | תיאור: טי הברגה חיצונית","NTM Male Tee 20×½""×20",NTM Fittings,🔧,77408222.jpg,,,
77407535,טי פקס NTM 25×25×25,מחברי NTM,AQUATEC,,,,מידה: 25*25*25 | תיאור: טי פיקוס,NTM PEX Tee 25×25×25,NTM Fittings,🔧,77407622.jpg,,,
77407622,טי פקס NTM 16×16×16,מחברי NTM,AQUATEC,,,,מידה: 16*16*16 | תיאור: טי פיקוס,NTM PEX Tee 16×16×16,NTM Fittings,🔧,77407622.jpg,,,
77408222,"טי חיצוני NTM 16×1/2""×16",מחברי NTM,AQUATEC,,,,"מידה: 16*1/2""*16 | תיאור: טי הברגה חיצונית","NTM Male Tee 16×½""×16",NTM Fittings,🔧,77408222.jpg,,,
77408223,טי פקס NTM 20×16×20,מחברי NTM,AQUATEC,,,,מידה: 20*16*20 | תיאור: טי פיקוס,NTM PEX Tee 20×16×20,NTM Fittings,🔧,77407622.jpg,,,
77408428,"טי חיצוני NTM 20×3/4""×20",מחברי NTM,AQUATEC,,,,"מידה: 20*3/4""*20 | תיאור: טי הברגה חיצונית","NTM Male Tee 20×¾""×20",NTM Fittings,🔧,77408222.jpg,,,
77409222,"טי פנימי NTM 16×1/2""×16",מחברי NTM,AQUATEC,,,,"מידה: 16*1/2""*16 | תיאור: טי הברגה פנימית","NTM Female Tee 16×½""×16",NTM Fittings,🔧,77409222.jpg,,,
77409428,"טי פנימי NTM 20×3/4""×20",מחברי NTM,AQUATEC,,,,"מידה: 20*3/4""*20 | תיאור: טי הברגה פנימית","NTM Female Tee 20×¾""×20",NTM Fittings,🔧,77409222.jpg,,,
77409440,"טי NTM 3/4""",מחברי NTM,AQUATEC,,,,"מידה: 3/4"" | תיאור: טי 3/4""","NTM Tee 3/4""",NTM Fittings,🔧,77409440.jpg,,,
77409441,"טי NTM 1""",מחברי NTM,AQUATEC,,,,"מידה: 1"" | תיאור: טי 1""","NTM Tee 1""",NTM Fittings,🔧,77409440.jpg,,,
77409550,"זווית פ.פ NTM 1""",מחברי NTM,AQUATEC,,,,"מידה: 1"" | תיאור: פ.פ","NTM F-F Elbow 1""",NTM Fittings,🔧,77409561.jpg,,,
77409551,"זווית ח.פ NTM 1""",מחברי NTM,AQUATEC,,,,"מידה: 1"" | תיאור: ח.פ","NTM M-F Elbow 1""",NTM Fittings,🔧,77409561.jpg,,,
77409560,"זווית פ.פ NTM 3/4""",מחברי NTM,AQUATEC,,,,"מידה: 3/4"" | תיאור: פ.פ","NTM F-F Elbow 3/4""",NTM Fittings,🔧,77409561.jpg,,,
77409561,"זווית ח.פ NTM 3/4""",מחברי NTM,AQUATEC,,,,"מידה: 3/4"" | תיאור: ח.פ","NTM M-F Elbow 3/4""",NTM Fittings,🔧,77409561.jpg,,,
77428333,זווית 105° NTM,מחברי NTM,AQUATEC,,,,מידה: 105 | תיאור: זווית 105,NTM Elbow 105°,NTM Fittings,🔧,77428333.jpg,,,
77575305,"סיגמא פלוס תעלת ניקוז למקלחת למחסום רצפה 30 ס""מ",תעלות ניקוז,AQUATEC,,,,"ייעוד: למקלחת | מידה: 30 ס""מ | תיאור: סיגמא פלוס תעלת ניקוז למקלחת למחסום רצפה",Sigma Plus Shower Channel Drain Floor Barrier 30cm,Channel Drains,🚿,77575305.jpg,,,
77575310,"סיגמא פלוס תעלת ניקוז למקלחת למחסום רצפה 40 ס""מ",תעלות ניקוז,AQUATEC,,,,"ייעוד: למקלחת | מידה: 40 ס""מ | תיאור: סיגמא פלוס תעלת ניקוז למקלחת למחסום רצפה",Sigma Plus Shower Channel Drain Floor Barrier 40cm,Channel Drains,🚿,77575305.jpg,,,
77575315,"סיגמא פלוס תעלת ניקוז למקלחת למחסום רצפה 50 ס""מ",תעלות ניקוז,AQUATEC,,,,"ייעוד: למקלחת | מידה: 50 ס""מ | תיאור: סיגמא פלוס תעלת ניקוז למקלחת למחסום רצפה",Sigma Plus Shower Channel Drain Floor Barrier 50cm,Channel Drains,🚿,77575305.jpg,,,
77575320,"סיגמא פלוס תעלת ניקוז למקלחת למחסום רצפה 60 ס""מ",תעלות ניקוז,AQUATEC,,,,"ייעוד: למקלחת | מידה: 60 ס""מ | תיאור: סיגמא פלוס תעלת ניקוז למקלחת למחסום רצפה",Sigma Plus Shower Channel Drain Floor Barrier 60cm,Channel Drains,🚿,77575305.jpg,,,
77575325,"סיגמא פלוס תעלת ניקוז למקלחת למחסום רצפה 70 ס""מ",תעלות ניקוז,AQUATEC,,,,"ייעוד: למקלחת | מידה: 70 ס""מ | תיאור: סיגמא פלוס תעלת ניקוז למקלחת למחסום רצפה",Sigma Plus Shower Channel Drain Floor Barrier 70cm,Channel Drains,🚿,77575305.jpg,,,
77575327,"סיגמא פלוס תעלת ניקוז למקלחת מנירוסטה מלוי עצמי 60 ס""מ",תעלות ניקוז,AQUATEC,,,,"ייעוד: למקלחת | חומר: נירוסטה | מידה: 60 ס""מ | תיאור: סיגמא פלוס תעלת ניקוז למקלחת מנירוסטה מלוי עצמי",Sigma Plus Shower Channel Drain Stainless Self-Fill 60cm,Channel Drains,🚿,77575328.jpg,,,
77575328,"סיגמא פלוס תעלת ניקוז למקלחת מנירוסטה מלוי עצמי 40 ס""מ",תעלות ניקוז,AQUATEC,,,,"ייעוד: למקלחת | חומר: נירוסטה | מידה: 40 ס""מ | תיאור: סיגמא פלוס תעלת ניקוז למקלחת מנירוסטה מלוי עצמי",Sigma Plus Shower Channel Drain Stainless Self-Fill 40cm,Channel Drains,🚿,77575328.jpg,,,
77575329,"סיגמא פלוס תעלת ניקוז למקלחת מנירוסטה מלוי עצמי 70 ס""מ",תעלות ניקוז,AQUATEC,,,,"ייעוד: למקלחת | חומר: נירוסטה | מידה: 70 ס""מ | תיאור: סיגמא פלוס תעלת ניקוז למקלחת מנירוסטה מלוי עצמי",Sigma Plus Shower Channel Drain Stainless Self-Fill 70cm,Channel Drains,🚿,77575328.jpg,,,
77575330,"סיגמא פלוס תעלת ניקוז למקלחת מנירוסטה מלוי עצמי 80 ס""מ",תעלות ניקוז,AQUATEC,,,,"ייעוד: למקלחת | חומר: נירוסטה | מידה: 80 ס""מ | תיאור: סיגמא פלוס תעלת ניקוז למקלחת מנירוסטה מלוי עצמי",Sigma Plus Shower Channel Drain Stainless Self-Fill 80cm,Channel Drains,🚿,77575328.jpg,,,
77575335,"סיגמא פלוס תעלת ניקוז למקלחת למחסום רצפה 90 ס""מ",תעלות ניקוז,AQUATEC,,,,"ייעוד: למקלחת | מידה: 90 ס""מ | תיאור: סיגמא פלוס תעלת ניקוז למקלחת למחסום רצפה",Sigma Plus Shower Channel Drain Floor Barrier 90cm,Channel Drains,🚿,77575305.jpg,,,
77603202,"מחלק 3/4"" 2 יציאות ללא ברז",מחלקים,AQUATEC,,,,"יציאות: 2 | מידה: 3/4"" | תיאור: 2 יציאות","Manifold 3/4"" 2-outlet No Valve",Manifolds,🔀,76032202.jpg,,,
77603203,"מחלק 3/4"" 3 יציאות ללא ברז",מחלקים,AQUATEC,,,,"יציאות: 3 | מידה: 3/4"" | תיאור: 3 יציאות","Manifold 3/4"" 3-outlet No Valve",Manifolds,🔀,76032202.jpg,,,
77603204,"מחלק 3/4"" 4 יציאות ללא ברז",מחלקים,AQUATEC,,,,"יציאות: 4 | מידה: 3/4"" | תיאור: 4 יציאות","Manifold 3/4"" 4-outlet No Valve",Manifolds,🔀,76032202.jpg,,,
77701100,קונקורד מערכת פינוק לאמבטיה ראש עגול,מערכות אמבטיה,AQUATEC,,,,ייעוד: לאמבטיה | תיאור: קונקורד מערכת פינוק לאמבטיה ראש עגול,Concord Luxury Bath System Round Head,Bath Systems,🚿,77701100.jpg,,,
77701110,תבור מערכת אמבטיה 3 מצבים,מערכות אמבטיה,AQUATEC,,,,מצבים: 3 | תיאור: 3 מצבים,Tabor Bath System 3 Positions,Bath Systems,🚿,77701110.jpg,,,
77701111,טיטוניק מערכת אמבטיה טלסקופי 5 מצבים,מערכות אמבטיה,AQUATEC,,,,מאפיין: טלסקופי | מצבים: 5 | סוג: טלסקופי | תיאור: טיטניק מערכת אמבטיה טלסקופי 5 מצבים,Titanic Telescopic Bath System 5 Positions,Bath Systems,🚿,77701111.jpg,,,
77701112,הדר מזלף קומפלט 5 מצבים,מזלפי יד,AQUATEC,,,,מצבים: 5 | תיאור: 5 מצבים,Hadar Handshower Set 5-Mode,Handshowers,🚿,77701179.jpg,,,
77701113,צינור ספירלה 1.5 מטר,צינורות מקלחת,AQUATEC,,,,אורך: 1.5 מטר | תיאור: צינור ספירלה 1.5 מטר,Spiral Hose 1.5m,Shower Hoses,🚿,77701113.jpg,,,
77701114,צינור ספירלה 2 מטר,צינורות מקלחת,AQUATEC,,,,אורך: 2 מטר | תיאור: צינור ספירלה 2 מטר,Spiral Hose 2m,Shower Hoses,🚿,77701113.jpg,,,
77701115,ג'נבה מערכת אמבטיה 5 מצבים,מערכות אמבטיה,AQUATEC,,,,תיאור: 5 מצבים,Geneva Bath System 5 Positions,Bath Systems,🚿,77701115.jpg,,,
77701116,אוסלו מערכת אמבטיה מתאים לחורים קיימים,מערכות אמבטיה,AQUATEC,,,,תיאור: מתאים לחורים קיימים,Oslo Bath System Fits Existing Holes,Bath Systems,🚿,77701116.jpg,,,
77701117,טולדו מערכת אמבטיה 5 מצבים שחור,מערכות אמבטיה,AQUATEC,,,,מצבים: 5 | תיאור: 5 מצבים,Toledo Bath System 5 Positions Black,Bath Systems,🚿,77701117.jpg,,,
77701125,תבור מזלף קומפלט,מזלפי יד,AQUATEC,,,,תיאור: תבר מזלף קוסמליה,Tavor Handshower Set,Handshowers,🚿,77701125.jpg,,,
77701130,תבור מקלח יד,מזלפי יד,AQUATEC,,,,תיאור: תבור מקלח יד,Tavor Handheld Shower,Handshowers,🚿,77701130.jpg,,,
77701135,קורל מזלף קומפלט 3 מצבים,מזלפי יד,AQUATEC,,,,מצבים: 3 | תיאור: קולד מזלף קוסמליה 3 מצבים,Coral Handshower Set 3-Mode,Handshowers,🚿,77701135.jpg,,,
77701140,קורל מקלח יד 3 מצבים,מזלפי יד,AQUATEC,,,,מצבים: 3 | תיאור: קורל מקלח יד 3 מצבים,Coral Handheld Shower 3-Mode,Handshowers,🚿,77701140.jpg,,,
77701150,אנג'ל מקלח יד 5 מצבים,מזלפי יד,AQUATEC,,,,תיאור: אנג'ל מקלח יד 5 מצבים,Angel Handheld Shower 5-Mode,Handshowers,🚿,77701150.jpg,,,
77701155,צינור ספירלה כפולה 1.5 מטר,צינורות מקלחת,AQUATEC,,,,תצורה: כפולה | אורך: 1.5 מטר | תיאור: צינור ספירלה כפלון 1.5 מטר,Double Spiral Hose 1.5m,Shower Hoses,🚿,77701155.jpg,,,
77701160,צינור ספירלה כפולה 2 מטר,צינורות מקלחת,AQUATEC,,,,תצורה: כפולה | אורך: 2 מטר | תיאור: צינור ספירלה כפלון 2 מטר,Double Spiral Hose 2m,Shower Hoses,🚿,77701155.jpg,,,
77701165,כנרת ראש דוש,ראשי מקלחת,AQUATEC,,,,תיאור: כנרת ראש דוש,Kinneret Shower Head,Shower Heads,🚿,77701165.jpg,,,
77701166,הוואי ראש מקלחת לבן,ראשי מקלחת,AQUATEC,,,,תיאור: הוואי ראש מקלחת לבן,Hawaii Shower Head White,Shower Heads,🚿,77701166.jpg,,,
77701170,פלורה ראש דוש 5 מצבים,ראשי מקלחת,AQUATEC,,,,מצבים: 5 | תיאור: פלורה ראש דוש 5 מצבים,Flora Shower Head 5-Mode,Shower Heads,🚿,77701170.jpg,,,
77701172,סעף דו כיווני כרום,אביזרי מקלחת,AQUATEC,,,,תצורה: דו כיווני | תיאור: סעף דו כיווני כרום,Dual-Way Diverter Chrome,Shower Accessories,🚿,77701172.jpg,,,
77701175,מעדן זרימה ארוך ניקל מתכוונן,אביזרי מקלחת,AQUATEC,,,,אורך: ארוך | תיאור: מעדן זרימה ארוך ניקל מתכוונן,Long Flow Regulator Nickel Adjustable,Shower Accessories,🚿,77701175.jpg,,,
77701177,גאלרי מקלח יד 2 מצבים,מזלפי יד,AQUATEC,,,,תיאור: 2 מצבים,Gallery Handheld Shower 2-Mode,Handshowers,🚿,77701177.jpg,,,
77701179,הדר מקלח יד 5 מצבים,מזלפי יד,AQUATEC,,,,מצבים: 5 | תיאור: 5 מצבים,Hadar Handheld Shower 5-Mode,Handshowers,🚿,77701179.jpg,,,
77701180,מעדן זרימה קצר ניקל מתכוונן,אביזרי מקלחת,AQUATEC,,,,אורך: קצר | תיאור: מעדן זרימה קצר ניקל מתכוונן,Short Flow Regulator Nickel Adjustable,Shower Accessories,🚿,77701180.jpg,,,
77701185,מתלה מתכוונן,אביזרי מקלחת,AQUATEC,,,,תיאור: מתלה מתכוונן,Adjustable Shower Bracket,Shower Accessories,🚿,77701185.jpg,,,
77701189,"זרוע דוש 25 ס""מ מפואר",זרועות דוש,AQUATEC,,,,"מידה: 25 ס""מ | תיאור: זרוע דוש 25 ס""מ מפואר",Shower Arm 25cm Luxury,Shower Arms,🚿,77701189.jpg,,,
77701190,"זרוע דוש 30 ס""מ מפואר",זרועות דוש,AQUATEC,,,,"מידה: 30 ס""מ | תיאור: זרוע דוש 30 ס""מ מפואר",Shower Arm 30cm Luxury,Shower Arms,🚿,77701189.jpg,,,
77701191,"זרוע דוש 40 ס""מ מפואר",זרועות דוש,AQUATEC,,,,"מידה: 40 ס""מ | תיאור: זרוע דוש 40 ס""מ מפואר",Shower Arm 40cm Luxury,Shower Arms,🚿,77701189.jpg,,,
77701192,"דיור זרוע דוש מרובע 30 ס""מ מפואר",זרועות דוש,AQUATEC,,,,"מידה: 30 ס""מ | תיאור: דיור זרוע דוש 30 ס""מ מרובע מפואר",Square Shower Arm 30cm Luxury,Shower Arms,🚿,77701192.jpg,,,
77701193,"דיור זרוע דוש מרובע 40 ס""מ מפואר",זרועות דוש,AQUATEC,,,,"מידה: 40 ס""מ | תיאור: דיור זרוע דוש 40 ס""מ מרובע מפואר",Square Shower Arm 40cm Luxury,Shower Arms,🚿,77701192.jpg,,,
77701195,מזלף לברז נשלף,מזלפי יד,AQUATEC,,,,סוג: נשלף | תיאור: מזלף לברז נשלף,Pull-Out Faucet Spray Head,Handshowers,🚿,77701195.jpg,,,
77701196,צינור משוריין לברז נשלף,צינורות מקלחת,AQUATEC,,,,סוג: נשלף | תיאור: צינור משוריין לברז נשלף,Armored Hose for Pull-Out Faucet,Shower Hoses,🚿,77701196.jpg,,,
77701197,תמר מקלח יד 3 מצבים,מזלפי יד,AQUATEC,,,,מצבים: 3 | תיאור: 3 מצבים,Tamar Handheld Shower 3-Mode,Handshowers,🚿,77701197.jpg,,,
77701198,תמר מזלף קומפלט 3 מצבים,מזלפי יד,AQUATEC,,,,מצבים: 3 | תיאור: 3 מצבים,Tamar Handshower Set 3-Mode,Handshowers,🚿,77701197.jpg,,,
77701199,גל ראש מקלחת 5 מצבים,ראשי מקלחת,AQUATEC,,,,מצבים: 5 | תיאור: גל ראש מקלחת 5 מצבים,Gal Shower Head 5-Mode,Shower Heads,🚿,77701199.jpg,,,
77701200,קונקורד מערכת פינוק לאמבטיה ראש מרובע,מערכות אמבטיה,AQUATEC,,,,ייעוד: לאמבטיה | תיאור: קונקורד מערכת פינוק לאמבטיה ראש מרובע,Concord Luxury Bath System Square Head,Bath Systems,🚿,77701200.jpg,,,
77701201,טרפז מערכת פינוק לאמבטיה שחור ראש מרובע,מערכות אמבטיה,AQUATEC,,,,ייעוד: לאמבטיה | תיאור: ראש מרובע,Trapeze Luxury Bath System Square Head Black,Bath Systems,🚿,77701201.jpg,,,
77701202,טרפז מערכת פינוק לאמבטיה שחור ראש עגול,מערכות אמבטיה,AQUATEC,,,,ייעוד: לאמבטיה | תיאור: ראש עגול,Trapeze Luxury Bath System Round Head Black,Bath Systems,🚿,77701202.jpg,,,
77701203,רותם מקלח יד 3 מצבים שחור מט,מזלפי יד,AQUATEC,,,,מצבים: 3 | תיאור: רותם מקלח יד 3 מצבים שחור מט,Rotem Handheld Shower 3-Mode Matte Black,Handshowers,🚿,77701203.jpg,,,
77701204,רותם מזלף קומפלט 3 מצבים שחור מט,מזלפי יד,AQUATEC,,,,מצבים: 3 | תיאור: ראש מזלף קוסמליה 3 מצבים שחור מט,Rotem Handshower Set 3-Mode Matte Black,Handshowers,🚿,77701204.jpg,,,
77701205,רותם מזלף קומפלט זהב מוברש,מזלפי יד,AQUATEC,,,,תיאור: ראש מזלף קוסמליה זהב מבריק,Rotem Handshower Set Brushed Gold,Handshowers,🚿,77701205.jpg,,,
7772364D,איביזה סוללה מהקיר פיה קשת יצוקה,ברזי קיר,AQUATEC,,,,סוג: מהקיר | תיאור: איביזה סוללה מהקיר פיה קשת יצוקה,Ibiza Wall-Mount Cast Arc Spout,Wall Faucets,🚿,7772364D.jpg,,,
77770003,"רוזטה 1/2"" שטוחה רחבה",אביזרי נחושת,AQUATEC,,,,"מידה: 1/2"" | תיאור: רוזטה שטוחה רחבה 1/2""","Wide Flat Rosette 1/2""",Brass Fittings,🔧,77770003.jpg,,,
77770004,"רוזטה 1/2"" שטוחה",אביזרי נחושת,AQUATEC,,,,"מידה: 1/2"" | תיאור: רוזטה שטוחה 1/2""","Flat Rosette 1/2""",Brass Fittings,🔧,77770003.jpg,,,
77771006,פיטרה אסלה תלויה עם מושב הידראולי לבן,אסלות וכיורים,AQUATEC,,,,תיאור: פיטרה אסלה תלויה עם מושב הדראולי לבן,Pitra Wall-Hung Toilet with Hydraulic Seat White,Toilets & Basins,🚽,77771006.jpg,,,
77771008,פיטרה אסלה P לבן,אסלות וכיורים,AQUATEC,,,,תיאור: פיטרה אסלה P לבן,Pitra P-Trap Toilet White,Toilets & Basins,🚽,77771008.jpg,,,
77771010,פיטרה מונבלוק קומפלט + מושב הידראולי לבן,אסלות וכיורים,AQUATEC,,,,תיאור: פיטרה מונבלוק קומפלט + מושב הידראולי לבן,Pitra Monoblock Complete + Hydraulic Seat White,Toilets & Basins,🚽,77771010.jpg,,,
77771012,"סיפון 1¼"" לכיור רחיצה",סיפונים,AQUATEC,,,,"ייעוד: לכיור | תיאור: סיפון 1 1/4"" לכיור רחיצה","Bottle Trap 1¼"" for Washbasin",Traps,🔧,77771012.jpg,,,
77771040,ונטיל לכיור אמריקאי,סיפונים,AQUATEC,,,,ייעוד: לכיור | תיאור: ונטיל לכיור אמריקאי,Strainer Valve for American Sink,Traps,🔧,77771040.jpg,,,
7777106A,נוגה סוללה מהקיר פיה קשת קצר,ברזי קיר,AQUATEC,,,,אורך: קצר | סוג: מהקיר | תיאור: נוגה סוללה מהקיר פיה קשת קצר,Noga Wall-Mount Short Arc Spout,Wall Faucets,🚿,7777106A.jpg,,,
7777107A,נוגה סוללה מהקיר פיה קשת ארוך,ברזי קיר,AQUATEC,,,,אורך: ארוך | סוג: מהקיר | תיאור: נוגה סוללה מהקיר פיה קשת ארוך,Noga Wall-Mount Long Arc Spout,Wall Faucets,🚿,7777107A.jpg,,,
7777111A,בתא ברז מהקיר מים קרים,ברזי קיר,AQUATEC,,,,סוג: מהקיר | תיאור: בתא ברז מהקיר מים קרים,Bata Wall Cold Water Faucet,Wall Faucets,🚿,7777111A.jpg,,,
7777112Y,בתא ברז מהקיר מים קרים ידית צד,ברזי קיר,AQUATEC,,,,סוג: מהקיר | תיאור: בתא ברז מהקיר מים קרים ידית צד,Bata Wall Cold Water Faucet Side Handle,Wall Faucets,🚿,7777112Y.jpg,,,
7777113A,בתא ברז פרח מים קרים 45 ידית צד,ברזי כיור,AQUATEC,,,,תיאור: בתא ברז פרח מים קרים 45 ידית צד,Bata Cold Water Faucet 45° Side Handle,Sink Faucets,🚿,7777113A.jpg,,,
77771271,ונטיל אמריקאי עם סיפון שרשורי,סיפונים,AQUATEC,,,,תיאור: ונטיל אמריקאי עם סיפון שרשורי,American Valve with Corrugated Trap,Traps,🔧,77771271.jpg,,,
77771610,סיפון S לג'קוזי + ונטיל,סיפונים,AQUATEC,,,,תיאור: סיפון S לכיורי + ונטיל,S-Trap for Jacuzzi + Valve,Traps,🔧,77771610.jpg,,,
77772011,"מקטין לחץ + שעון לחץ 1/2""",מכשירי לחץ,AQUATEC,,,,"מידה: 1/2"" | תיאור: מקטין לחץ + שעון לחץ","Pressure Reducer + Gauge 1/2""",Pressure Devices,📊,77772011.jpg,,,
77772012,"מקטין לחץ + שעון לחץ 3/4""",מכשירי לחץ,AQUATEC,,,,"מידה: 3/4"" | תיאור: מקטין לחץ + שעון לחץ","Pressure Reducer + Gauge 3/4""",Pressure Devices,📊,77772011.jpg,,,
7777208C,אלפא ברז דלי כפול,ברזי דלי,AQUATEC,,,,תצורה: כפול | סוג: כפול | תיאור: אלפא ברז דלי כפול,Alpha Double Bucket Tap,Bucket Taps,🔧,7777208C.jpg,,,
77772410,דיור פיה לברז פרח ארוך,אביזרי ברזים,AQUATEC,,,,אורך: ארוך | תיאור: דיור פיה לברז פרח ארוך,Dior Sink Faucet Spout Long,Faucet Accessories,🔧,77772410.jpg,,,
77772411,דיור פיה לברז פרח קצר,דיורים ופיות,AQUATEC,,,,אורך: קצר | תיאור: דיור פיה לברז פרח קצר,Short Flower Faucet Spout,Spouts & Extensions,🚿,77772411.jpg,,,
77772412,דיור פיה לברז מהקיר ארוך,אביזרי ברזים,AQUATEC,,,,אורך: ארוך | סוג: מהקיר | תיאור: דיור פיה לברז מהקיר ארוך,Dior Wall Faucet Spout Long,Faucet Accessories,🔧,77772412.jpeg,,,
77772413,דיור פיה לברז מהקיר קצר,דיורים ופיות,AQUATEC,,,,אורך: קצר | סוג: מהקיר | תיאור: דיור פיה לברז מהקיר קצר,Short Wall Faucet Spout,Spouts & Extensions,🚿,77772413.jpg,,,
77772414,דיור פיה לברז נחש מהקיר כבד קצר,דיורים ופיות,AQUATEC,,,,אורך: קצר | סוג: מהקיר | תיאור: דיור פיה לברז נחש מהקיר כבד קצר,Short Heavy Snake Wall Faucet Spout,Spouts & Extensions,🚿,77772414.jpg,,,
77772415,דיור פיה לברז נחש מהקיר כבד ארוך,אביזרי ברזים,AQUATEC,,,,אורך: ארוך | סוג: מהקיר | תיאור: דיור פיה לברז נחש מהקיר כבד ארוך,Dior Heavy Snake Wall Faucet Spout Long,Faucet Accessories,🔧,77772415.jpg,,,
77772604,סט הידוק לברז פרח שני ברגים,סטי הידוק וחיבורים,AQUATEC,,,,תיאור: סט הידוק לברז פרח שני ברגים,"Flower Faucet Clamp Set, 2 Screws",Clamp Sets & Connections,🔩,77772604.jpg,,,
77772605,סט הידוק לברז פרח בורג אחד,סטי הידוק וחיבורים,AQUATEC,,,,תיאור: סט הידוק לברז פרח בורג אחד,"Flower Faucet Clamp Set, 1 Screw",Clamp Sets & Connections,🔩,77772605.jpg,,,
77772606,למד+רוזטה ושסתום לסוללה,אביזרי חיבור,AQUATEC,,,,תיאור: למד+רוזטה ושסתום לסוללה,L-Fitting + Rosette and Fittings for Mixer,Connection Accessories,🔧,77772606.jpg,,,
77773001,שעון למקטין לחץ,מכשירי לחץ,AQUATEC,,,,תיאור: שעון למקטין לחץ,Pressure Gauge for Reducer,Pressure Devices,📊,77773001.jpg,,,
7777343K,פולו ברז פרח למטבח פיה קצרה מלבנית,ברזי מטבח,AQUATEC,,,,ייעוד: למטבח | אורך: קצר | תיאור: פולו ברז פרח למטבח פיה קצרה מלבנית,Polo Kitchen Faucet Short Rectangular Spout,Kitchen Faucets,🚿,7777343K.jpg,,,
77775150,דיור נקודת מים עגולה עם מתלה זהב מוברש,נקודות מים,AQUATEC,,,,תיאור: דיור נקודת מים עגולה עם מתלה זהב מבריק,Round Water Point with Hanger Brushed Gold,Water Points,🔧,77775150.jpg,,,
77775250,דיור נקודת מים עגולה עם מתלה,נקודות מים,AQUATEC,,,,תיאור: דיור נקודת מים עגולה עם מתלה,Round Water Point with Hanger,Water Points,🔧,77775250.jpg,,,
77775251,דיור נקודת מים מרובעת עם מתלה,נקודות מים,AQUATEC,,,,תיאור: דיור נקודת מים מרובעת עם מתלה,Square Water Point with Hanger,Water Points,🔧,77775251.jpg,,,
77775252,דיור נקודת מים עגולה מפוארת,נקודות מים,AQUATEC,,,,תיאור: דיור נקודת מים עגולה מפוארת,Luxury Round Water Point,Water Points,🔧,77775252.jpg,,,
77775253,"דיור נקודת מים לשטף עם ברז עילי 1/2""",נקודות מים,AQUATEC,,,,"מידה: 1/2"" | תיאור: דיור נקודת מים לשטף עם ברז עילי","Flush Water Point with Overhead Valve 1/2""",Water Points,🔧,77775253.jpg,,,
77775254,דיור ברז כביסה מיני,ברזי ניל,AQUATEC,,,,תיאור: כביסה מיני,Mini Washing Machine Valve,Nile Valves,🔧,77775254.jpg,,,
77775255,"דיור ברז ניל כפול 1/2""×1/2""",ברזי ניל,AQUATEC,,,,תצורה: כפול | מידה: 1/2״*1/2״ | תיאור: דיור ברז ניל כפול 1/2״*1/2״,"Double Nile Valve 1/2""x1/2""",Nile Valves,🔧,77775255.jpg,,,
77775256,"דיור ברז ניל + יציאה למדיח 3/4""",ברזי ניל,AQUATEC,,,,ייעוד: למדיח | מידה: 3/4״ | תיאור: יציאה למדיח,"Nile Valve + Dishwasher Outlet 3/4""",Nile Valves,🔧,77775256.jpg,,,
77775257,"דיור ברז ניל + יציאה למדיח 3/4"" + יציאה 1/4"" למטהר מים",ברזי ניל,AQUATEC,,,,ייעוד: למדיח | מידה: 3/4״ | תיאור: יציאה למדיח + יציאה 1/4״ למטהר מים,"Nile Valve + Dishwasher Outlet 3/4"" + Water Purifier 1/4""",Nile Valves,🔧,77775257.jpg,,,
77775258,דיור ברז אחורי למדיח,ברזי ניל,AQUATEC,,,,ייעוד: למדיח | תיאור: אחורי למדיח,Rear Valve for Dishwasher,Nile Valves,🔧,77775258.jpg,,,
77775259,"דיור ברז ניל כפול 1/2""×3/8""",ברזי ניל,AQUATEC,,,,תצורה: כפול | מידה: 1/2״*3/8״ | תיאור: דיור ברז ניל כפול 1/2״*3/8״,"Double Nile Valve 1/2""x3/8""",Nile Valves,🔧,77775259.jpg,,,
77775260,"דיור ברז דו כיווני 1/2""×3/4""",ברזי ניל,AQUATEC,,,,"תצורה: דו כיווני | מידה: 1/2"" * 3/4"" | תיאור: דיור ברז דו כיווני","Dual-Way Valve 1/2""x3/4""",Nile Valves,🔧,77775260.jpg,,,
77775261,דיור מסוט אסלה,ברזי ניל,AQUATEC,,,,תיאור: דיור מסוט אסלה,Toilet Angle Valve,Nile Valves,🔧,77775261.jpg,,,
77775262,"דיור ברז ניל 1/2""×3/8""",ברזי ניל,AQUATEC,,,,"מידה: 1/2"" * 3/8"" | תיאור: דיור ברז ניל","Nile Valve 1/2""x3/8""",Nile Valves,🔧,77775262.jpg,,,
77775263,"דיור ברז ניל 1/2""×1/2""",ברזי ניל,AQUATEC,,,,"מידה: 1/2"" * 1/2"" | תיאור: דיור ברז ניל","Nile Valve 1/2""x1/2""",Nile Valves,🔧,77775262.jpg,,,
77775265,"דיור ברז כביסה כפול 1/2""×3/4""×3/4""",ברזי ניל,AQUATEC,,,,"תצורה: כפול | מידה: 1/2"" * 3/4"" * 3/4"" | תיאור: דיור ברז כביסה כפול","Double Washing Machine Valve 1/2""x3/4""x3/4""",Nile Valves,🔧,77775265.jpg,,,
77775268,"רותם ברז ניל פתיחה קלה 1/2""×1/2""",ברזי ניל,AQUATEC,,,,"מידה: 1/2"" * 1/2"" | תיאור: רותם ברז ניל פתיחה קלה","Rotem Easy-Open Nile Valve 1/2""x1/2""",Nile Valves,🔧,77775269.jpg,,,
77775269,"רותם ברז ניל פתיחה קלה 1/2""×3/8""",ברזי ניל,AQUATEC,,,,"מידה: 1/2"" * 3/8"" | תיאור: רותם ברז ניל פתיחה קלה","Rotem Easy-Open Nile Valve 1/2""x3/8""",Nile Valves,🔧,77775269.jpg,,,
77775280,דיור מחזיק נייר סגור,אביזרי חדר רחצה,AQUATEC,,,,תיאור: דיור מחזיק ניר סגור,Closed Toilet Paper Holder,Bathroom Accessories,🛁,77775280.jpg,,,
77775281,דיור מחזיק נייר פתוח,אביזרי חדר רחצה,AQUATEC,,,,תיאור: דיור מחזיק נייר פתוח,Open Toilet Paper Holder,Bathroom Accessories,🛁,77775281.jpg,,,
77775282,דיור טבעת למגבת,אביזרי חדר רחצה,AQUATEC,,,,תיאור: דיור טבעת למגבת,Towel Ring,Bathroom Accessories,🛁,77775282.jpg,,,
77775283,דיור מוט מגבת בודד,אביזרי חדר רחצה,AQUATEC,,,,תיאור: דיור מוט מגבת בודד,Single Towel Bar,Bathroom Accessories,🛁,77775283.jpg,,,
77775284,דיור מוט מגבת כפול,אביזרי חדר רחצה,AQUATEC,,,,תצורה: כפול | סוג: כפול | תיאור: דיור מוט מגבת כפול,Double Towel Bar,Bathroom Accessories,🛁,77775284.jpg,,,
77775285,דיור מברשת אסלה,אביזרי חדר רחצה,AQUATEC,,,,תיאור: דיור מברשת אסלה,Toilet Brush Holder,Bathroom Accessories,🛁,77775285.jpg,,,
77775287,דיור סבונייה נוזלי בקבוק זכוכית,אביזרי חדר רחצה,AQUATEC,,,,תיאור: דיור סבוניה נוזלי בקבוק זכוכית,Liquid Soap Dispenser Glass Bottle,Bathroom Accessories,🛁,77775287.jpg,,,
77775288,דיור קולב בודד,אביזרי חדר רחצה,AQUATEC,,,,תיאור: דיור קולב בודד,Single Hook,Bathroom Accessories,🛁,77775288.jpg,,,
77775289,"דיור ידית אחיזה לנכים 30 ס""מ",ידיות אחיזה,AQUATEC,,,,"מידה: 30 ס""מ | תיאור: דיור ידית אחיזה לנכים 30 ס""מ",Grab Bar for Disabled 30cm,Grab Bars,🔧,77775289.jpg,,,
77775290,"דיור ידית אחיזה לנכים 40 ס""מ",ידיות אחיזה,AQUATEC,,,,"מידה: 40 ס""מ | תיאור: דיור ידית אחיזה לנכים 40 ס""מ",Grab Bar for Disabled 40cm,Grab Bars,🔧,77775289.jpg,,,
77775291,"דיור ידית אחיזה לנכים 60 ס""מ",ידיות אחיזה,AQUATEC,,,,"מידה: 60 ס""מ | תיאור: דיור ידית אחיזה לנכים 60 ס""מ",Grab Bar for Disabled 60cm,Grab Bars,🔧,77775289.jpg,,,
77775292,דיור מערכת פינוק מפוארת לאמבטיה,דיורים ופיות,AQUATEC,,,,ייעוד: לאמבטיה | תיאור: דיור מערכת פינוק מפוארת לאמבטיה,Luxury Bath System Spacer/Extension,Spouts & Extensions,🚿,77775292.jpg,,,
77775293,"דיור מפצל שטף עגול 1/2""×1/2""",נקודות מים,AQUATEC,,,,"מידה: 1/2""*1/2"" | תיאור: דיור מפצל שטף עגול","Round Flush Splitter 1/2""x1/2""",Water Points,🔧,77775293.jpg,,,
77775294,"דיור נקודת מים מרובעת עם ברז חצי סיבוב 1/2""",נקודות מים,AQUATEC,,,,"מידה: 1/2"" | תיאור: דיור נקודת מים מרובעת עם ברז חצי סיבוב","Square Water Point with Half-Turn Valve 1/2""",Water Points,🔧,77775294.jpg,,,
77775295,"דיור ברז דו צדדי 1/2"" + מתלה",נקודות מים,AQUATEC,,,,"מידה: 1/2"" | תיאור: דיור ברז דו צדדי + מתלה","Dual Side Valve 1/2"" + Hanger",Water Points,🔧,77775295.jpg,,,
77775296,"דיור סיפון ניקל 1¼""",סיפונים,AQUATEC,,,,"מידה: 1¼"" | תיאור: דיור סיפון ניקל","Nickel Bottle Trap 1¼""",Traps,🔧,77775296.jpg,,,
77775297,סיגמא נקודת מים עגולה + מתלה,נקודות מים,AQUATEC,,,,תיאור: סיגמא נקודת מים עגולה + מתלה,Sigma Round Water Point + Hanger,Water Points,🔧,77775297.jpg,,,
77775350,דיור נקודת מים עגולה עם מתלה שחור מט,נקודות מים,AQUATEC,,,,תיאור: דיור נקודת מים עגולה עם מתלה שחור מט,Round Water Point with Hanger Matte Black,Water Points,🔧,77775350.jpg,,,
7777557K,לונה ברז פרח קצר מפואר,ברזי כיור,AQUATEC,,,,אורך: קצר | תיאור: לונה ברז פרח קצר מפואר,Luna Short Deluxe Faucet,Sink Faucets,🚿,7777557K.jpg,,,
77777010,אטם מגניט אקסנטר 4,אביזרי אסלה,AQUATEC,,,,תיאור: אטם מגניט אקסנטר 4,Excenter Seal Gasket 4,Toilet Accessories,🚽,77777010.jpg,,,
77777011,ברך אסלה שירשורי משופר,אביזרי אסלה,AQUATEC,,,,מאפיין: משופר | תיאור: ברך אסלה שירשורי משופר,Improved Corrugated Toilet Bend,Toilet Accessories,🚽,77777011.jpg,,,
77777041,זוג ברגים למושב אסלה נירוסטה,אביזרי אסלה,AQUATEC,,,,חומר: נירוסטה | תיאור: זוג ברגים למושב אסלה נירוסטה,Stainless Steel Toilet Seat Bolts,Toilet Accessories,🚽,77777041.jpg,,,
7777707B,"דיור ראש מקלחת מט שחור עגול 200 מ""מ",ראשי מקלחת,AQUATEC,,,,"מידה: 200 מ""מ | תיאור: ראש מקלחת עגול",Round Shower Head Matte Black 200mm,Shower Heads,🚿,7777707B.jpg,,,
7777707C,"דיור ראש מקלחת עגול ניקל 200 מ""מ",ראשי מקלחת,AQUATEC,,,,"מידה: 200 מ""מ | תיאור: דיור ראש מקלחת עגול",Round Shower Head Nickel 200mm,Shower Heads,🚿,7777707C.jpg,,,
77777086,מלודי מערכת שטיפה ניקל מפוארת,מערכות שטיפה,AQUATEC,,,,תיאור: מלודי מערכת שטיפה ניקל מפוארת,Melody Bidet Sprayer System Nickel Luxury,Bidet Sprayer Systems,🚿,77777086.jpg,,,
77777087,מלודי מערכת שטיפה זהב מפוארת,מערכות שטיפה,AQUATEC,,,,תיאור: מלודי מערכת שטיפה זהב מפוארת,Melody Bidet Sprayer System Gold Luxury,Bidet Sprayer Systems,🚿,77777087.jpg,,,
77777088,גרנדה מערכת שטיפה ניקל מפוארת,מערכות שטיפה,AQUATEC,,,,תיאור: גרנדה מערכת שטיפה ניקל מפוארת,Granada Bidet Sprayer System Nickel Luxury,Bidet Sprayer Systems,🚿,77777088.jpg,,,
77777089,גרנדה מערכת שטיפה שחור מפוארת,מערכות שטיפה,AQUATEC,,,,תיאור: גרנדה מערכת שטיפה שחור מפוארת,Granada Bidet Sprayer System Black Luxury,Bidet Sprayer Systems,🚿,77777089.jpg,,,
7777708B,"דיור ראש מקלחת מט שחור עגול 250 מ""מ",ראשי מקלחת,AQUATEC,,,,"מידה: 250 מ""מ | תיאור: ראש מקלחת עגול",Round Shower Head Matte Black 250mm,Shower Heads,🚿,7777708B.jpg,,,
7777708C,"דיור ראש מקלחת עגול ניקל 250 מ""מ",ראשי מקלחת,AQUATEC,,,,"מידה: 250 מ""מ | תיאור: דיור ראש מקלחת עגול",Round Shower Head Nickel 250mm,Shower Heads,🚿,7777708C.jpg,,,
7777708G,"דיור ראש מקלחת זהב מוברש עגול 250 מ""מ",ראשי מקלחת,AQUATEC,,,,"מידה: 250 מ""מ | תיאור: ראש מקלחת עגול",Round Shower Head Brushed Gold 250mm,Shower Heads,🚿,7777708G.jpg,,,
77777100,"מאריך חרוט ניקל 100 ס""מ",אביזרי נחושת,AQUATEC,,,,"מידה: 100 ס""מ | תיאור: מאריך חרוט ניקל",Tapered Nickel Extension 100cm,Brass Fittings,🔧,77777755.jpg,,,
77777101,"כפה נחושת 1/2""",אביזרי נחושת,AQUATEC,,,,"חומר: נחושת | מידה: 1/2"" | תיאור: כפה נחושת","Brass Cap 1/2""",Brass Fittings,🔧,77777101.jpg,,,
77777102,"כפה נחושת 3/4""",אביזרי נחושת,AQUATEC,,,,"חומר: נחושת | מידה: 3/4"" | תיאור: כפה נחושת","Brass Cap 3/4""",Brass Fittings,🔧,77777101.jpg,,,
77777103,"כפה נחושת 1""",אביזרי נחושת,AQUATEC,,,,"חומר: נחושת | מידה: 1"" | תיאור: כפה נחושת","Brass Cap 1""",Brass Fittings,🔧,77777101.jpg,,,
77777104,"מופה נחושת 1/2""",אביזרי נחושת,AQUATEC,,,,"חומר: נחושת | מידה: 1/2"" | תיאור: מופה נחושת","Brass Socket 1/2""",Brass Fittings,🔧,77777104.jpg,,,
77777105,"מופה נחושת 3/4""",אביזרי נחושת,AQUATEC,,,,"חומר: נחושת | מידה: 3/4"" | תיאור: מופה נחושת","Brass Socket 3/4""",Brass Fittings,🔧,77777104.jpg,,,
77777106,"מופה נחושת 1""",אביזרי נחושת,AQUATEC,,,,"חומר: נחושת | מידה: 1"" | תיאור: מופה נחושת","Brass Socket 1""",Brass Fittings,🔧,77777104.jpg,,,
77777108,בתא ברז דלי ארוך,ברזי דלי,AQUATEC,,,,אורך: ארוך | תיאור: בתא ברז דלי ארוך,Bata Long Bucket Tap,Bucket Taps,🔧,77777108.jpg,,,
77777109,בתא ברז דלי קצר,ברזי דלי,AQUATEC,,,,אורך: קצר | תיאור: בתא ברז דלי קצר,Bata Short Bucket Tap,Bucket Taps,🔧,77777109.jpg,,,
7777710C,"דיור ראש מקלחת מרובע ניקל 200 מ""מ",ראשי מקלחת,AQUATEC,,,,"מידה: 200 מ""מ | תיאור: דיור ראש מקלחת מרובע ניקל 200 מ""מ",Square Shower Head Nickel 200mm,Shower Heads,🚿,7777710C.jpg,,,
77777110,בתא ברז מכונת כביסה מפואר,ברזי דלי,AQUATEC,,,,ייעוד: מכונת כביסה | תיאור: בתא ברז מכונת כביסה מפואר,Bata Luxury Washing Machine Tap,Bucket Taps,🔧,77777110.jpg,,,
77777112,בתא ברז מהקיר מים קרים פיה 45,ברזי קיר,AQUATEC,,,,סוג: מהקיר | תיאור: בתא ברז מהקיר מים קרים פיה 45,Bata Wall Cold Water Faucet 45° Spout,Wall Faucets,🚿,77777112.jpg,,,
77777114,בתא ברז פרח מים ידית צד,ברזי כיור,AQUATEC,,,,תיאור: בתא ברז פרח מים קרים ידית צד,Bata Cold Water Faucet Side Handle,Sink Faucets,🚿,77777114.jpg,,,
7777711C,"דיור ראש מקלחת מרובע ניקל 250 מ""מ",ראשי מקלחת,AQUATEC,,,,"מידה: 250 מ""מ | תיאור: דיור ראש מקלחת מרובע ניקל 250 מ""מ",Square Shower Head Nickel 250mm,Shower Heads,🚿,7777711C.jpg,,,
77777120,"בתא ברז ניל מפואר 1/2""×1/2""",ברזי ניל,AQUATEC,,,,"מידה: 1/2"" * 1/2"" | תיאור: בתא ברז ניל מפואר","Bata Luxury Nile Valve 1/2""x1/2""",Nile Valves,🔧,77777120.jpg,,,
77777120A,"בתא ברז ניל מפואר 1/2""×3/8""",ברזי ניל,AQUATEC,,,,"מידה: 1/2""×3/8"" | תיאור: בתא ברז ניל מפואר 1/2""×3/8""","Bata Luxury Nile Valve 1/2""x3/8""",Nile Valves,🔧,77777120A.jpg,,,
77777201,"ברז מעבר כדורי פ.פ 1/2""",ברזי מעבר,AQUATEC,,,,"מידה: 1/2"" | תיאור: פ.פ","Ball Valve F×F 1/2""",Ball Valves,🔧,77777201.jpg,,,
77777202,"ברז מעבר כדורי פ.פ 3/4""",ברזי מעבר,AQUATEC,,,,"מידה: 3/4"" | תיאור: פ.פ","Ball Valve F×F 3/4""",Ball Valves,🔧,77777201.jpg,,,
77777203,"ברז מעבר כדורי פ.פ 1""",ברזי מעבר,AQUATEC,,,,"מידה: 1"" | תיאור: פ.פ","Ball Valve F×F 1""",Ball Valves,🔧,77777201.jpg,,,
77777204,"ברז מעבר כדורי פ.פ 11/4""",ברזי מעבר,AQUATEC,,,,"מידה: 11/4"" | תיאור: פ.פ","Ball Valve F×F 1¼""",Ball Valves,🔧,77777201.jpg,,,
77777205,"ברז מעבר כדורי פ.פ 11/2""",ברזי מעבר,AQUATEC,,,,"מידה: 11/2"" | תיאור: פ.פ","Ball Valve F×F 1½""",Ball Valves,🔧,77777201.jpg,,,
77777206,"ברז מעבר כדורי פ.פ 2""",ברזי מעבר,AQUATEC,,,,"מידה: 2"" | תיאור: פ.פ","Ball Valve F×F 2""",Ball Valves,🔧,77777201.jpg,,,
77777212,"ברז מעבר כדורי + מסנן פ.פ 3/4""",ברזי מעבר,AQUATEC,,,,"מידה: 3/4"" | תיאור: ברז מעבר כדורי + מקטן","Ball Valve + Strainer F×F 3/4""",Ball Valves,🔧,77777212.jpg,,,
77777283,"אקווה ברז טי 1/2""×1/2""",ברזי ניל,AQUATEC,,,,"מידה: 1/2"" * 1/2"" | תיאור: אקווה ברז טי 1/2"" * 1/2""","Aqua T-Valve 1/2""x1/2""",Nile Valves,🔧,77777283.jpg,,,
77777284,"אקווה ברז טי 1/2""×3/8""",ברזי ניל,AQUATEC,,,,"מידה: 3/8"" * 1/2"" | תיאור: אקווה ברז טי 3/8"" * 1/2""","Aqua T-Valve 1/2""x3/8""",Nile Valves,🔧,77777284.jpg,,,
77777293,"ברז טי 1""",ברזי מעבר,AQUATEC,,,,"מידה: 1"" | תיאור: ברז טי","Gate Valve 1""",Ball Valves,🔧,77777296.jpg,,,
77777296,"ברז טי 2""",ברזי מעבר,AQUATEC,,,,"מידה: 2"" | תיאור: ברז טי","Gate Valve 2""",Ball Valves,🔧,77777296.jpg,,,
77777302,"ברז מעבר כדורי + רקורד 3/4""",ברזי מעבר,AQUATEC,,,,"מידה: 3/4"" | תיאור: ברז מעבר כדורי + רקורד","Ball Valve + Union 3/4""",Ball Valves,🔧,77777302.jpg,,,
77777303,"ברז מעבר כדורי + רקורד 1""",ברזי מעבר,AQUATEC,,,,"מידה: 1"" | תיאור: ברז מעבר כדורי + רקורד","Ball Valve + Union 1""",Ball Valves,🔧,77777302.jpg,,,
77777311,"ברז מעבר כדורי ח.פ 1/2""",ברזי מעבר,AQUATEC,,,,"מידה: 1/2"" | תיאור: ת.פ","Ball Valve M×F 1/2""",Ball Valves,🔧,77777311.jpg,,,
77777312,"ברז מעבר כדורי ח.פ 3/4""",ברזי מעבר,AQUATEC,,,,"מידה: 3/4"" | תיאור: ת.פ","Ball Valve M×F 3/4""",Ball Valves,🔧,77777311.jpg,,,
77777313,"ברז מעבר כדורי ח.פ 1""",ברזי מעבר,AQUATEC,,,,"מידה: 1"" | תיאור: ת.פ","Ball Valve M×F 1""",Ball Valves,🔧,77777311.jpg,,,
77777314,"ברז מעבר כדורי ח.פ 11/4""",ברזי מעבר,AQUATEC,,,,"מידה: 11/4"" | תיאור: ת.פ","Ball Valve M×F 1¼""",Ball Valves,🔧,77777311.jpg,,,
77777315,"ברז מעבר כדורי ח.פ 11/2""",ברזי מעבר,AQUATEC,,,,"מידה: 11/2"" | תיאור: ת.פ","Ball Valve M×F 1½""",Ball Valves,🔧,77777311.jpg,,,
77777316,"ברז מעבר כדורי ח.פ 2""",ברזי מעבר,AQUATEC,,,,"מידה: 2"" | תיאור: ת.פ","Ball Valve M×F 2""",Ball Valves,🔧,77777311.jpg,,,
77777335,דלתא ברז פרח פיה עגולה,ברזי כיור,AQUATEC,,,,תיאור: דלתא ברז פרח פיה עגולה,Delta Faucet Round Spout,Sink Faucets,🚿,77777335.jpg,,,
77777341,"ברז גן 1/2"" כבד",ברזי גן,AQUATEC,,,,"מידה: 1/2"" | תיאור: כבד","Heavy Garden Tap 1/2""",Garden Taps,🌿,77777341.jpg,,,
77777343,פולו ברז פרח למטבח פיה ארוכה מלבנית,ברזי מטבח,AQUATEC,,,,ייעוד: למטבח | תיאור: פולו ברז פרח למטבח פיה ארוכה מלבנית,Polo Kitchen Faucet Long Rectangular Spout,Kitchen Faucets,🚿,77777343.jpg,,,
77777345,"ברז גן 3/4"" כבד",ברזי גן,AQUATEC,,,,"מידה: 3/4"" | תיאור: כבד","Heavy Garden Tap 3/4""",Garden Taps,🌿,77777345.jpg,,,
77777392,"ברז אלכסוני 3/4""",ברזי מעבר,AQUATEC,,,,"מידה: 3/4"" | תיאור: ברז אלכסוני","Globe Valve 3/4""",Ball Valves,🔧,77777392.jpg,,,
77777396,"ברז אלכסוני 2""",ברזי מעבר,AQUATEC,,,,"מידה: 2"" | תיאור: ברז אלכסוני","Globe Valve 2""",Ball Valves,🔧,77777392.jpg,,,
77777400,סט ניפל לאסלה סמויה קצר,אביזרי אסלה,AQUATEC,,,,ייעוד: לאסלה | אורך: קצר | תיאור: סט ניפל לאסלה סמויה קצר,Nipple Set for Concealed Toilet Short,Toilet Accessories,🚽,77777400.jpg,,,
77777471,"אל חזור קפיצי 1/2""",אביזרי נחושת,AQUATEC,,,,"מידה: 1/2"" | תיאור: אל חוזר קפיצי","Spring Check Valve 1/2""",Brass Fittings,🔧,77777471.jpg,,,
77777472,"אל חזור קפיצי 3/4""",אביזרי נחושת,AQUATEC,,,,"מידה: 3/4"" | תיאור: אל חוזר קפיצי","Spring Check Valve 3/4""",Brass Fittings,🔧,77777471.jpg,,,
77777473,"אל חזור קפיצי 1""",אביזרי נחושת,AQUATEC,,,,"מידה: 1"" | תיאור: אל חוזר קפיצי","Spring Check Valve 1""",Brass Fittings,🔧,77777471.jpg,,,
77777474,"אל חזור קפיצי 11/4""",אביזרי נחושת,AQUATEC,,,,"מידה: 1 1/4"" | תיאור: אל חוזר קפיצי","Spring Check Valve 1¼""",Brass Fittings,🔧,77777471.jpg,,,
77777475,"אל חזור קפיצי 11/2""",אביזרי נחושת,AQUATEC,,,,"מידה: 1 1/2"" | תיאור: אל חוזר קפיצי","Spring Check Valve 1½""",Brass Fittings,🔧,77777471.jpg,,,
77777476,"אל חזור קפיצי 2""",אביזרי נחושת,AQUATEC,,,,"מידה: 2"" | תיאור: אל חוזר קפיצי","Spring Check Valve 2""",Brass Fittings,🔧,77777471.jpg,,,
77777481,"מצוף נחושת 1/2""",מצופים,AQUATEC,,,,"חומר: נחושת | מידה: 1/2"" | תיאור: מצוף נחושת","Brass Float Valve 1/2""",Float Valves,🔵,77777481.jpg,,,
77777482,"מצוף נחושת 3/4""",מצופים,AQUATEC,,,,"חומר: נחושת | מידה: 3/4"" | תיאור: מצוף נחושת","Brass Float Valve 3/4""",Float Valves,🔵,77777481.jpg,,,
77777483,"מצוף נחושת 1""",מצופים,AQUATEC,,,,"חומר: נחושת | מידה: 1"" | תיאור: מצוף נחושת","Brass Float Valve 1""",Float Valves,🔵,77777483.jpg,,,
77777557,לונה ברז פרח ארוך מפואר,ברזי כיור,AQUATEC,,,,אורך: ארוך | תיאור: לונה ברז פרח ארוך מפואר,Luna Long Deluxe Faucet,Sink Faucets,🚿,77777557.jpg,,,
77777612,"זווית נחושת + ריקורד 3/4""",אביזרי נחושת,AQUATEC,,,,"חומר: נחושת | מידה: 3/4"" | תיאור: זווית נחושת + ריקורד","Brass Elbow + Union 3/4""",Brass Fittings,🔧,77777612.jpg,,,
77777613,"זווית נחושת + ריקורד 1""",אביזרי נחושת,AQUATEC,,,,"חומר: נחושת | מידה: 1"" | תיאור: זווית נחושת + ריקורד","Brass Elbow + Union 1""",Brass Fittings,🔧,77777612.jpg,,,
77777630,"רקורד לשעון מים + ניפל 1/2""",אביזרי נחושת,AQUATEC,,,,"מידה: 1/2"" | תיאור: רקורד לשעון מים + ניפל","Water Meter Union + Nipple 1/2""",Brass Fittings,🔧,77777630.jpg,,,
77777631,"רקורד לשעון מים + ניפל 3/4""",אביזרי נחושת,AQUATEC,,,,"מידה: 3/4"" | תיאור: רקורד לשעון מים + ניפל","Water Meter Union + Nipple 3/4""",Brass Fittings,🔧,77777630.jpg,,,
77777632,"רקורד קונוס נחושת 3/4""",אביזרי נחושת,AQUATEC,,,,"חומר: נחושת | מידה: 3/4"" | תיאור: רקורד קונוס נחושת","Brass Cone Union 3/4""",Brass Fittings,🔧,77777632.jpg,,,
77777633,"רקורד לשעון מים + ניפל 11/2""",אביזרי נחושת,AQUATEC,,,,"מידה: 1.1/2"" | תיאור: רקורד לשעון מים + ניפל","Water Meter Union + Nipple 1½""",Brass Fittings,🔧,77777630.jpg,,,
77777634,"רקורד לשעון מים + ניפל 2""",אביזרי נחושת,AQUATEC,,,,"מידה: 2"" | תיאור: רקורד לשעון מים + ניפל","Water Meter Union + Nipple 2""",Brass Fittings,🔧,77777630.jpg,,,
77777635,"רקורד לשעון מים + ניפל 1""",אביזרי נחושת,AQUATEC,,,,"מידה: 1"" | תיאור: רקורד לשעון מים + ניפל","Water Meter Union + Nipple 1""",Brass Fittings,🔧,77777630.jpg,,,
77777641,"ניפל כפול נחושת ארוך 1/2""",אביזרי נחושת,AQUATEC,,,,"תצורה: כפול | חומר: נחושת | מידה: 1/2"" | תיאור: ניפל כפול נחושת ארוך","Long Double Nipple Brass 1/2""",Brass Fittings,🔧,77777641.jpg,,,
77777642,"ניפל כפול נחושת ארוך 3/4""",אביזרי נחושת,AQUATEC,,,,"תצורה: כפול | חומר: נחושת | מידה: 3/4"" | תיאור: ניפל כפול נחושת ארוך","Long Double Nipple Brass 3/4""",Brass Fittings,🔧,77777641.jpg,,,
77777643,"ניפל כפול נחושת ארוך 1""",אביזרי נחושת,AQUATEC,,,,"תצורה: כפול | חומר: נחושת | מידה: 1"" | תיאור: ניפל כפול נחושת ארוך","Long Double Nipple Brass 1""",Brass Fittings,🔧,77777641.jpg,,,
77777661,"בושינג נחושת 3/4"" × 1/2""",אביזרי נחושת,AQUATEC,,,,"חומר: נחושת | מידה: 3/4"" * 1/2"" | תיאור: בושינג נחושת","Brass Bushing 3/4""×1/2""",Brass Fittings,🔧,77777661.jpg,,,
77777662,"בושינג נחושת 1"" × 3/4""",אביזרי נחושת,AQUATEC,,,,"חומר: נחושת | מידה: 1 * 3/4"" | תיאור: בושינג נחושת","Brass Bushing 1""×3/4""",Brass Fittings,🔧,77777661.jpg,,,
77777663,"בושינג נחושת 1"" × 1/2""",אביזרי נחושת,AQUATEC,,,,"חומר: נחושת | מידה: 1 * 1/2"" | תיאור: בושינג נחושת","Brass Bushing 1""×1/2""",Brass Fittings,🔧,77777661.jpg,,,
77777671,"טי נחושת 1/2""",אביזרי נחושת,AQUATEC,,,,"חומר: נחושת | מידה: 1/2"" | תיאור: טי נחושת","Brass Tee 1/2""",Brass Fittings,🔧,77777671.jpg,,,
77777672,"טי נחושת 3/4""",אביזרי נחושת,AQUATEC,,,,"חומר: נחושת | מידה: 3/4"" | תיאור: טי נחושת","Brass Tee 3/4""",Brass Fittings,🔧,77777671.jpg,,,
77777673,"טי נחושת 1""",אביזרי נחושת,AQUATEC,,,,"חומר: נחושת | מידה: 1"" | תיאור: טי נחושת","Brass Tee 1""",Brass Fittings,🔧,77777671.jpg,,,
77777677,"זווית נחושת פ.פ 1/2""",אביזרי נחושת,AQUATEC,,,,"חומר: נחושת | מידה: 1/2"" | תיאור: זווית נחושת פ.פ","Brass Elbow F×F 1/2""",Brass Fittings,🔧,77777677.jpg,,,
77777678,"זווית נחושת פ.פ 3/4""",אביזרי נחושת,AQUATEC,,,,"חומר: נחושת | מידה: 3/4"" | תיאור: זווית נחושת פ.פ","Brass Elbow F×F 3/4""",Brass Fittings,🔧,77777677.jpg,,,
77777679,"זווית נחושת פ.פ 1""",אביזרי נחושת,AQUATEC,,,,"חומר: נחושת | מידה: 1"" | תיאור: זווית נחושת פ.פ","Brass Elbow F×F 1""",Brass Fittings,🔧,77777677.jpg,,,
77777683,"זווית נחושת ח.פ 1/2""",אביזרי נחושת,AQUATEC,,,,"חומר: נחושת | מידה: 1/2"" | תיאור: זווית נחושת ח.פ","Brass Elbow M×F 1/2""",Brass Fittings,🔧,77777683.jpg,,,
77777684,"זווית נחושת ח.פ 3/4""",אביזרי נחושת,AQUATEC,,,,"חומר: נחושת | מידה: 3/4"" | תיאור: זווית נחושת ח.פ","Brass Elbow M×F 3/4""",Brass Fittings,🔧,77777683.jpg,,,
77777685,"זווית נחושת ח.פ 1""",אביזרי נחושת,AQUATEC,,,,"חומר: נחושת | מידה: 1"" | תיאור: זווית נחושת ח.פ","Brass Elbow M×F 1""",Brass Fittings,🔧,77777683.jpg,,,
77777701,"מאריך נחושת כבד תקני 10 מ""מ",אביזרי נחושת,AQUATEC,,,,"מאפיין: תקני | חומר: נחושת | מידה: 10 מ""מ | תיאור: מאריך נחושת כבד תקני",Heavy Brass Extension 10mm,Brass Fittings,🔧,77777701.jpg,,,
77777702,"מאריך נחושת כבד תקני 15 מ""מ",אביזרי נחושת,AQUATEC,,,,"מאפיין: תקני | חומר: נחושת | מידה: 15 מ""מ | תיאור: מאריך נחושת כבד תקני",Heavy Brass Extension 15mm,Brass Fittings,🔧,77777701.jpg,,,
77777703,"מאריך נחושת כבד תקני 20 מ""מ",אביזרי נחושת,AQUATEC,,,,"מאפיין: תקני | חומר: נחושת | מידה: 20 מ""מ | תיאור: מאריך נחושת כבד תקני",Heavy Brass Extension 20mm,Brass Fittings,🔧,77777701.jpg,,,
77777704,"מאריך נחושת כבד תקני 25 מ""מ",אביזרי נחושת,AQUATEC,,,,"מאפיין: תקני | חומר: נחושת | מידה: 25 מ""מ | תיאור: מאריך נחושת כבד תקני",Heavy Brass Extension 25mm,Brass Fittings,🔧,77777701.jpg,,,
77777705,"מאריך נחושת כבד תקני 30 מ""מ",אביזרי נחושת,AQUATEC,,,,"מאפיין: תקני | חומר: נחושת | מידה: 30 מ""מ | תיאור: מאריך נחושת כבד תקני",Heavy Brass Extension 30mm,Brass Fittings,🔧,77777701.jpg,,,
77777706,"מאריך נחושת כבד תקני 40 מ""מ",אביזרי נחושת,AQUATEC,,,,"מאפיין: תקני | חומר: נחושת | מידה: 40 מ""מ | תיאור: מאריך נחושת כבד תקני",Heavy Brass Extension 40mm,Brass Fittings,🔧,77777701.jpg,,,
77777707,"מאריך נחושת כבד תקני 50 מ""מ",אביזרי נחושת,AQUATEC,,,,"מאפיין: תקני | חומר: נחושת | מידה: 50 מ""מ | תיאור: מאריך נחושת כבד תקני",Heavy Brass Extension 50mm,Brass Fittings,🔧,77777701.jpg,,,
77777708,"מאריך חרוט ניקל 30 ס""מ",אביזרי נחושת,AQUATEC,,,,"מידה: 30 ס""מ | תיאור: מאריך חרוט ניקל",Tapered Nickel Extension 30cm,Brass Fittings,🔧,77777755.jpg,,,
77777709,"מאריך חרוט ניקל 40 ס""מ",אביזרי נחושת,AQUATEC,,,,"מידה: 40 ס""מ | תיאור: מאריך חרוט ניקל",Tapered Nickel Extension 40cm,Brass Fittings,🔧,77777755.jpg,,,
77777710,"מאריך חרוט ניקל 50 ס""מ",אביזרי נחושת,AQUATEC,,,,"מידה: 50 ס""מ | תיאור: מאריך חרוט ניקל",Tapered Nickel Extension 50cm,Brass Fittings,🔧,77777755.jpg,,,
77777755,"מאריך חרוט ניקל 20 ס""מ",אביזרי נחושת,AQUATEC,,,,"מידה: 20 ס""מ | תיאור: מאריך חרוט ניקל",Tapered Nickel Extension 20cm,Brass Fittings,🔧,77777755.jpg,,,
77777756,"מאריך חרוט ניקל 25 ס""מ",אביזרי נחושת,AQUATEC,,,,"מידה: 25 ס""מ | תיאור: מאריך חרוט ניקל",Tapered Nickel Extension 25cm,Brass Fittings,🔧,77777755.jpg,,,
77777777,"פקק פלסטיק 1/2"" שחור ארוך",אביזרי אסלה,AQUATEC,,,,"חומר: פלסטיק | מידה: 1/2"" | תיאור: פקק פלסטיק 1/2"" שחור ארוך","Plastic Plug 1/2"" Black Long",Toilet Accessories,🚽,77777777.jpg,,,
77778071,"פקק נחושת 1/2""",אביזרי נחושת,AQUATEC,,,,"חומר: נחושת | מידה: 1/2"" | תיאור: פקק נחושת","Brass Plug 1/2""",Brass Fittings,🔧,77778071.jpg,,,
77778072,"פקק נחושת 3/4""",אביזרי נחושת,AQUATEC,,,,"חומר: נחושת | מידה: 3/4"" | תיאור: פקק נחושת","Brass Plug 3/4""",Brass Fittings,🔧,77778072.jpg,,,
77778073,"פקק נחושת 1""",אביזרי נחושת,AQUATEC,,,,"חומר: נחושת | מידה: 1"" | תיאור: פקק נחושת","Brass Plug 1""",Brass Fittings,🔧,77778073.jpg,,,
7778071,"פקק למחלק נחושת 1/2""",אביזרי נחושת,AQUATEC,,,,"חומר: נחושת | מידה: 1/2"" | תיאור: פקק למחלק נחושת 1/2""","Brass Distributor Plug 1/2""",Brass Fittings,🔧,7778071.jpg,,,
77780751,"מעבר ניקל למיכל הדחה 1/2"" × 3/8"" (מורחב)",אביזרי נחושת,AQUATEC,,,,"מידה: 1/2"" * 3/8"" | תיאור: מעבר ניקל למיכל הדחה","Nickel Adapter for Cistern 1/2""×3/8"" Extended",Brass Fittings,🔧,77780751.jpg,,,
777A5033,דיור פיית מילוי מפוארת חדש,דיורים ופיות,AQUATEC,,,,תיאור: דיור פיית מילוי מפוארת חדש,New Ornate Fill Mouth Spacer,Spouts & Extensions,🚿,777A5033.jpg,,,
777A5034,דיור פיית מילוי עם כפתור מפוארת,אביזרי ברזים,AQUATEC,,,,תיאור: דיור פיית מילוי עם כפתור מפוארת,Dior Deluxe Fill Spout with Button,Faucet Accessories,🔧,777A5034.jpg,,,
777D0481,אל חזור ביוב 75,אל חזור,AQUATEC,,,,מידה: 75 | תיאור: אל חזור ביב,Sewage Backflow Preventer 75mm,Backflow Preventers,🔄,777D0481.jpg,,,
777D0482,אל חזור ביוב 110,אל חזור,AQUATEC,,,,מידה: 110 | תיאור: אל חזור ביב,Sewage Backflow Preventer 110mm,Backflow Preventers,🔄,777D0481.jpg,,,
777D0484,אל חזור ביוב 160,אל חזור,AQUATEC,,,,מידה: 160 | תיאור: אל חזור ביב,Sewage Backflow Preventer 160mm,Backflow Preventers,🔄,777D0481.jpg,,,
777M1114,ויגה סוללה פיה עליונה ידית מקס,ברזי כיור,AQUATEC,,,,תיאור: ויגה סוללה פיה עליונה ידית מקס,Vega Top Spout Max Handle,Sink Faucets,🚿,777M1114.jpg,,,
777M1122,גליל ברז פרח גבוה לכיור מונח פיה קבועה,ברזי כיור,AQUATEC,,,,ייעוד: לכיור | תיאור: גליל ברז פרח גבוה לכיור מונח פיה קבועה,Galil Tall Vessel Faucet Fixed Spout,Sink Faucets,🚿,777M1122.jpg,,,
777M1716,איביזה ברז מהקיר פיה קצרה,ברזי קיר,AQUATEC,,,,אורך: קצר | סוג: מהקיר | תיאור: איביזה ברז מהקיר פיה קצרה,Ibiza Wall Faucet Short Spout,Wall Faucets,🚿,777M1716.jpg,,,
777M1717,איביזה ברז מהקיר פיה ארוכה,ברזי קיר,AQUATEC,,,,סוג: מהקיר | תיאור: איביזה ברז מהקיר פיה ארוכה,Ibiza Wall Faucet Long Spout,Wall Faucets,🚿,777M1717.jpg,,,
777M1801,איביזה ברז אמבטיה,ברזי אמבטיה,AQUATEC,,,,תיאור: איביזה ברז אמבטיה,Ibiza Bath Faucet,Bath Faucets,🛁,777M1801.jpg,,,
777M1802,מנגנון כרמי 40 גבוהה,מנגנונים,AQUATEC,,,,mm: 40,Carmi Ceramic Cartridge 40mm High,Cartridges,⚙️,777M1802.jpg,,,
777M1803,איביזה ברז פרח ברבור קצר,ברזי כיור,AQUATEC,,,,אורך: קצר | תיאור: איביזה ברז פרח ברבור קצר,Ibiza Swan Neck Faucet Short,Sink Faucets,🚿,777M1803.jpg,,,
777M1804,איביזה ברז פרח ברבור ארוך,ברזי כיור,AQUATEC,,,,אורך: ארוך | תיאור: איביזה ברז פרח ברבור ארוך,Ibiza Swan Neck Faucet Long,Sink Faucets,🚿,777M1804.jpg,,,
777M1807,מנגנון כרמי 40,מנגנונים,AQUATEC,,,,mm: 40,Carmi Ceramic Cartridge 40mm,Cartridges,⚙️,777M1802.jpg,,,
777M1808,איביזה ברז מקלחת,ברזי מקלחת,AQUATEC,,,,תיאור: איביזה ברז מקלחת,Ibiza Shower Faucet,Shower Faucets,🚿,777M1808.jpg,,,
777M2162,איביזה ברז פרח שטוח קצר,ברזי כיור,AQUATEC,,,,אורך: קצר | תיאור: איביזה ברז פרח שטוח קצר,Ibiza Flat Spout Faucet Short,Sink Faucets,🚿,777M2162.jpg,,,
777M2168,איביזה ברז פרח שטוח ארוך,ברזי כיור,AQUATEC,,,,אורך: ארוך | תיאור: איביזה ברז פרח שטוח ארוך,Ibiza Flat Spout Faucet Long,Sink Faucets,🚿,777M2168.jpg,,,
777M2201,דיור ברז אמבטיה עם מזלף,ברזי אמבטיה,AQUATEC,,,,תיאור: דיור ברז אמבטיה עם מזלף,Dior Bath Faucet with Handshower,Bath Faucets,🛁,777M2201.jpg,,,
777M2203,דיור ברז פרח ברבור קצר,ברזי כיור,AQUATEC,,,,אורך: קצר | תיאור: דיור ברז פרח ברבור קצר,Dior Swan Neck Faucet Short,Sink Faucets,🚿,777M2203.jpg,,,
777M2204,דיור ברז פרח ברבור ארוך,ברזי כיור,AQUATEC,,,,אורך: ארוך | תיאור: דיור ברז פרח ברבור ארוך,Dior Swan Neck Faucet Long,Sink Faucets,🚿,777M2204.jpg,,,
777M2206,דיור ברז מהקיר קצר,ברזי קיר,AQUATEC,,,,אורך: קצר | סוג: מהקיר | תיאור: דיור ברז מהקיר קצר,Dior Wall Faucet Short,Wall Faucets,🚿,777M2206.jpg,,,
777M2207,דיור ברז מהקיר ארוך,ברזי קיר,AQUATEC,,,,אורך: ארוך | סוג: מהקיר | תיאור: דיור ברז מהקיר ארוך,Dior Wall Faucet Long,Wall Faucets,🚿,777M2207.jpg,,,
777M2208,דיור ברז מקלחת עם מזלף,ברזי מקלחת,AQUATEC,,,,תיאור: דיור ברז מקלחת עם מזלף,Dior Shower Faucet with Handshower,Shower Faucets,🚿,777M2208.jpg,,,
777M2216,דיור ברז מהקיר קצר פיית נחש,ברזי קיר,AQUATEC,,,,אורך: קצר | סוג: מהקיר | תיאור: דיור ברז מהקיר קצר פיית נחש,Dior Wall Faucet Short Snake Spout,Wall Faucets,🚿,777M2216.jpg,,,
777M2217,דיור ברז מהקיר ארוך פיית נחש,ברזי קיר,AQUATEC,,,,אורך: ארוך | סוג: מהקיר | תיאור: דיור ברז מהקיר ארוך פיית נחש,Dior Wall Faucet Long Snake Spout,Wall Faucets,🚿,777M2217.jpg,,,
777M2414,דיור ברז מהקיר ידית מקס פיה ארוכה,ברזי קיר,AQUATEC,,,,סוג: מהקיר | תיאור: דיור ברז מהקיר ידית מקס צד פיה ארוכה,Dior Wall Faucet Max Handle Long Spout,Wall Faucets,🚿,777M2414.jpg,,,
777P1020,"דיור ניפל אקסנטר 020 מ""מ",אביזרי אסלה,AQUATEC,,,,"מידה: 020 מ""מ | תיאור: דיור ניפל אקסנטר",Excenter Nipple 20mm,Toilet Accessories,🚽,777P1020.jpg,,,
777P1040,"דיור ניפל אקסנטר 040 מ""מ",אביזרי אסלה,AQUATEC,,,,"מידה: 040 מ""מ | תיאור: דיור ניפל אקסנטר",Excenter Nipple 40mm,Toilet Accessories,🚽,777P1020.jpg,,,
777P1060,"דיור ניפל אקסנטר 060 מ""מ",אביזרי אסלה,AQUATEC,,,,"מידה: 060 מ""מ | תיאור: דיור ניפל אקסנטר",Excenter Nipple 60mm,Toilet Accessories,🚽,777P1020.jpg,,,
777Z3060,"רשת ניקל מונחת מרובעת 4""",מכסים ורשתות,AQUATEC,,,,"מידה: 4"" | תיאור: רשת ניקל מונחת מרובעת 4""","Nickel Flat Square Grate 4""",Drain Covers & Grates,🔧,777Z3079.jpg,,,
777Z3061,"מכסה ניקל מונח מרובע 4""",מכסים ורשתות,AQUATEC,,,,"מידה: 4"" | תיאור: מכסה ניקל מונח מרובע 4""","Nickel Flat Square Cover 4""",Drain Covers & Grates,🔧,777Z3081.jpg,,,
777Z3062,"רשת ניקל מונחת עגולה 4""",מכסים ורשתות,AQUATEC,,,,"מידה: 4"" | תיאור: רשת ניקל מונחת עגולה 4""","Nickel Flat Round Grate 4""",Drain Covers & Grates,🔧,777Z3078.jpg,,,
777Z3063,"מכסה ניקל מונח עגול 4""",מכסים ורשתות,AQUATEC,,,,"מידה: 4"" | תיאור: מכסה ניקל מונח עגול 4""","Nickel Flat Round Cover 4""",Drain Covers & Grates,🔧,777Z3080.jpg,,,
777Z3064,"רשת נחושת מונחת מרובעת 4""",מכסים ורשתות,AQUATEC,,,,"חומר: נחושת | מידה: 4"" | תיאור: רשת נחושת מונחת מרובעת 4""","Brass Flat Square Grate 4""",Drain Covers & Grates,🔧,777Z3079A.jpg,,,
777Z3065,"מכסה נחושת מונח מרובע 4""",מכסים ורשתות,AQUATEC,,,,"חומר: נחושת | מידה: 4"" | תיאור: מכסה נחושת מונח מרובע 4""","Brass Flat Square Cover 4""",Drain Covers & Grates,🔧,777Z309A.jpg,,,
777Z3066,"רשת נחושת מונחת עגולה 4""",מכסים ורשתות,AQUATEC,,,,"חומר: נחושת | מידה: 4"" | תיאור: רשת נחושת מונחת עגולה 4""","Brass Flat Round Grate 4""",Drain Covers & Grates,🔧,77Z3078A.jpg,,,
777Z3067,"מכסה נחושת מונח עגול 4""",מכסים ורשתות,AQUATEC,,,,"חומר: נחושת | מידה: 4"" | תיאור: מכסה נחושת מונח עגול 4""","Brass Flat Round Cover 4""",Drain Covers & Grates,🔧,77Z3080A.jpg,,,
777Z3068,"רשת שחור מונח מרובע 4""",מכסים ורשתות,AQUATEC,,,,"מידה: 4"" | תיאור: רשת שחור מונח מרובע 4""","Black Flat Square Grate 4""",Drain Covers & Grates,🔧,777Z3068.jpg,,,
777Z3069,"מכסה שחור מונח מרובע 4""",מכסים ורשתות,AQUATEC,,,,"מידה: 4"" | תיאור: מכסה שחור מונח מרובע 4""","Black Flat Square Cover 4""",Drain Covers & Grates,🔧,777Z3069.jpg,,,
777Z3078,"רשת ניקל עגול 4""",מכסים ורשתות,AQUATEC,,,,"מידה: 4"" | תיאור: רשת ניקל עגול 4""","Nickel Round Grate 4""",Drain Covers & Grates,🔧,777Z3078.jpg,,,
777Z3079,"רשת ניקל מרובעת 4""",מכסים ורשתות,AQUATEC,,,,"מידה: 4"" | תיאור: רשת ניקל מרובעת 4""","Nickel Square Grate 4""",Drain Covers & Grates,🔧,777Z3079.jpg,,,
777Z3079A,"רשת נחושת מרובעת 4""",מכסים ורשתות,AQUATEC,,,,"חומר: נחושת | מידה: 4"" | תיאור: רשת נחושת מרובעת 4""","Brass Square Grate 4""",Drain Covers & Grates,🔧,777Z3079A.jpg,,,
777Z3080,"מכסה ניקל עגול 4""",מכסים ורשתות,AQUATEC,,,,"מידה: 4"" | תיאור: מכסה ניקל עגול 4""","Nickel Round Cover 4""",Drain Covers & Grates,🔧,777Z3080.jpg,,,
777Z3081,"מכסה ניקל מרובע 4""",מכסים ורשתות,AQUATEC,,,,"מידה: 4"" | תיאור: מכסה ניקל מרובע 4""","Nickel Square Cover 4""",Drain Covers & Grates,🔧,777Z3081.jpg,,,
777Z309A,"מכסה נחושת מרובע 4""",מכסים ורשתות,AQUATEC,,,,"חומר: נחושת | מידה: 4"" | תיאור: מכסה נחושת מרובע 4""","Brass Square Cover 4""",Drain Covers & Grates,🔧,777Z309A.jpg,,,
777Z3398,"מכסה נחושת מרובע 8""",מכסים ורשתות,AQUATEC,,,,"חומר: נחושת | מידה: 8"" | תיאור: מכסה נחושת מרובע 8""","Brass Square Cover 8""",Drain Covers & Grates,🔧,77Z3398B.jpg,,,
777Z3399,"רשת נחושת מרובעת 8""",מכסים ורשתות,AQUATEC,,,,"חומר: נחושת | מידה: 8"" | תיאור: רשת נחושת מרובעת 8""","Brass Square Grate 8""",Drain Covers & Grates,🔧,77Z3399B.jpg,,,
777Z3400,"מכסה נחושת עגול 8""",מכסים ורשתות,AQUATEC,,,,"חומר: נחושת | מידה: 8"" | תיאור: מכסה נחושת עגול 8""","Brass Round Cover 8""",Drain Covers & Grates,🔧,77Z3400B.jpg,,,
777Z3401,"רשת נחושת עגול 8""",מכסים ורשתות,AQUATEC,,,,"חומר: נחושת | מידה: 8"" | תיאור: רשת נחושת עגול 8""","Brass Round Grate 8""",Drain Covers & Grates,🔧,77Z3401B.jpg,,,
777Z3402,"רשת גלי מונחת עגול 8""",מכסים ורשתות,AQUATEC,,,,"מידה: 8"" | תיאור: רשת גלי מונחת עגול 8""","Wavy Flat Round Grate 8""",Drain Covers & Grates,🔧,777Z3402.jpg,,,
778580,אקווה סט אביזרי רחצה 5 חלקים ניקל,ערכות רחצה,AQUATEC,,,,תיאור: אקווה סט אביזרי רחצה 5 חלקים ניקל,Aqua 5-Piece Shower Set Nickel,Shower Sets,🚿,778580.jpg,,,
778581,אקווה סט אביזרי רחצה 5 חלקים שחור מט,ערכות רחצה,AQUATEC,,,,תיאור: אקווה סט אביזרי רחצה 5 חלקים שחור מט,Aqua 5-Piece Shower Set Matte Black,Shower Sets,🚿,778581.jpg,,,
778582,אקווה סט אביזרי רחצה 5 חלקים זהב מוברש,ערכות רחצה,AQUATEC,,,,תיאור: אקווה סט אביזרי רחצה 5 חלקים זהב מוברש,Aqua 5-Piece Shower Set Brushed Gold,Shower Sets,🚿,778582.jpg,,,
77901011,ארון פח למחלק 40×60,ארונות מחלק,AQUATEC,,,,מידה: 40X60 | תיאור: ארון פח למחלק,Metal Box for Manifold 40×60cm,Manifold Boxes,📦,77901011.jpg,,,
77901012,ארון פח למחלק 60×60,ארונות מחלק,AQUATEC,,,,מידה: 60X60 | תיאור: ארון פח למחלק,Metal Box for Manifold 60×60cm,Manifold Boxes,📦,77901011.jpg,,,
77901013,ארון פח למחלק 60×80,ארונות מחלק,AQUATEC,,,,מידה: 60X80 | תיאור: ארון פח למחלק,Metal Box for Manifold 60×80cm,Manifold Boxes,📦,77901011.jpg,,,
779096B,קיסר ברז נשלף למטבח שחור מט,ברזי מטבח,AQUATEC,,,,ייעוד: למטבח | סוג: נשלף | תיאור: קיסר ברז נשלף למטבח שחור מט,Kaiser Pull-Out Kitchen Faucet Matte Black,Kitchen Faucets,🚿,779096B.jpg,,,
779096C,קיסר ברז נשלף למטבח ניקל,ברזי מטבח,AQUATEC,,,,ייעוד: למטבח | סוג: נשלף | תיאור: קיסר ברז נשלף למטבח ניקל,Kaiser Pull-Out Kitchen Faucet Nickel,Kitchen Faucets,🚿,779096C.jpg,,,
779096F,קיסר ברז נשלף למטבח גרפיטי,ברזי מטבח,AQUATEC,,,,ייעוד: למטבח | סוג: נשלף | תיאור: קיסר ברז נשלף למטבח גרפיטי,Kaiser Pull-Out Kitchen Faucet Graphite,Kitchen Faucets,🚿,779096F.jpg,,,
779096G,קיסר ברז נשלף למטבח זהב מוברש,ברזי מטבח,AQUATEC,,,,ייעוד: למטבח | סוג: נשלף | תיאור: קיסר ברז נשלף למטבח זהב מוברש,Kaiser Pull-Out Kitchen Faucet Brushed Gold,Kitchen Faucets,🚿,779096G.jpg,,,
779096S,קיסר ברז נשלף למטבח ניקל מוברש,ברזי מטבח,AQUATEC,,,,ייעוד: למטבח | סוג: נשלף | תיאור: קיסר ברז נשלף למטבח ניקל מוברש,Kaiser Pull-Out Kitchen Faucet Brushed Nickel,Kitchen Faucets,🚿,779096S.jpg,,,
77980000,אקדח אצבע עם 4 חלקים לגינה,ציוד גן,AQUATEC,,,,ייעוד: לגינה | תיאור: אקדח אצבע עם 4 חלקים לגינה,Finger Spray Gun with 4 Parts,Garden Equipment,🌿,77980000.jpg,,,
77980001,אקדח אצבע,ציוד גן,AQUATEC,,,,תיאור: אקדח אצבע,Finger Spray Gun,Garden Equipment,🌿,77980001.jpg,,,
77IS0001,"אומגה 1¼""",חבקי צינור,AQUATEC,,,,"מידה: 1 1/4"" | תיאור: אומגה","Omega Clamp 1¼""",Pipe Clamps,🔩,77006080.jpg,,,
77IS0002,"אומגה 1½""",חבקי צינור,AQUATEC,,,,"מידה: 1 1/2"" | תיאור: אומגה","Omega Clamp 1½""",Pipe Clamps,🔩,77006080.jpg,,,
77MK0001,אקווה אוגן יחיד M,עוגנים ובנדים,AQUATEC,,,,תצורה: יחיד | סוג: יחיד | תיאור: אקווה אוגן יחיד M,Aqua Single Anchor M,Anchors & Bends,🔩,77MK0001.jpg,,,
77MK0002,אקווה אוגן כפול M,עוגנים ובנדים,AQUATEC,,,,תצורה: כפול | סוג: כפול | תיאור: אקווה אוגן כפול M,Aqua Double Anchor M,Anchors & Bends,🔩,77MK0002.jpg,,,
77SK0001,אקווה אוגן יחיד S,עוגנים ובנדים,AQUATEC,,,,תצורה: יחיד | סוג: יחיד | תיאור: אקווה אוגן יחיד S,Aqua Single Anchor S,Anchors & Bends,🔩,77MK0001.jpg,,,
77SK0002,אקווה אוגן כפול S,עוגנים ובנדים,AQUATEC,,,,תצורה: כפול | סוג: כפול | תיאור: אקווה אוגן כפול S,Aqua Double Anchor S,Anchors & Bends,🔩,77SK0002.jpg,,,
77Z2079C,רשת ניקל מרובעת עם אטם מתאים לצינור HDPE,מכסים ורשתות,AQUATEC,,,,תיאור: רשת ניקל מרובעת עם אטם מתאים לצינור HDPE,Nickel Square Grate with Seal for HDPE Pipe,Drain Covers & Grates,🔧,77Z2079C.jpg,,,
77Z2081C,מכסה ניקל מרובע עם אטם מתאים לצינור HDPE,מכסים ורשתות,AQUATEC,,,,תיאור: מכסה ניקל מרובע עם אטם מתאים לצינור HDPE,Nickel Square Cover with Seal for HDPE Pipe,Drain Covers & Grates,🔧,77Z2081C.jpg,,,
77Z3078A,"רשת נחושת עגול 4""",מכסים ורשתות,AQUATEC,,,,"חומר: נחושת | מידה: 4"" | תיאור: רשת נחושת עגול 4""","Brass Round Grate 4""",Drain Covers & Grates,🔧,77Z3078A.jpg,,,
77Z3080A,"מכסה נחושת עגול 4""",מכסים ורשתות,AQUATEC,,,,"חומר: נחושת | מידה: 4"" | תיאור: מכסה נחושת עגול 4""","Brass Round Cover 4""",Drain Covers & Grates,🔧,77Z3080A.jpg,,,
77Z3398A,"מכסה ניקל מרובע 8""",מכסים ורשתות,AQUATEC,,,,"מידה: 8"" | תיאור: מכסה ניקל מרובע 8""","Nickel Square Cover 8""",Drain Covers & Grates,🔧,77003022.jpg,,,
77Z3398B,"מכסה נחושת מרובע 6""",מכסים ורשתות,AQUATEC,,,,"חומר: נחושת | מידה: 6"" | תיאור: מכסה נחושת מרובע 6""","Brass Square Cover 6""",Drain Covers & Grates,🔧,77Z3398B.jpg,,,
77Z3399A,"רשת ניקל מרובעת 8""",מכסים ורשתות,AQUATEC,,,,"מידה: 8"" | תיאור: רשת ניקל מרובעת 8""","Nickel Square Grate 8""",Drain Covers & Grates,🔧,77003023.jpg,,,
77Z3399B,"רשת נחושת מרובעת 6""",מכסים ורשתות,AQUATEC,,,,"חומר: נחושת | מידה: 6"" | תיאור: רשת נחושת מרובעת 6""","Brass Square Grate 6""",Drain Covers & Grates,🔧,77Z3399B.jpg,,,
77Z3400A,"מכסה ניקל עגול 8""",מכסים ורשתות,AQUATEC,,,,"מידה: 8"" | תיאור: מכסה ניקל עגול 8""","Nickel Round Cover 8""",Drain Covers & Grates,🔧,77003024.jpg,,,
77Z3400B,"מכסה נחושת עגול 6""",מכסים ורשתות,AQUATEC,,,,"חומר: נחושת | מידה: 6"" | תיאור: מכסה נחושת עגול 6""","Brass Round Cover 6""",Drain Covers & Grates,🔧,77Z3400B.jpg,,,
77Z3401A,"רשת ניקל עגול 8""",מכסים ורשתות,AQUATEC,,,,"מידה: 8"" | תיאור: רשת ניקל עגול 8""","Nickel Round Grate 8""",Drain Covers & Grates,🔧,77003025.jpg,,,
77Z3401B,"רשת נחושת עגול 6""",מכסים ורשתות,AQUATEC,,,,"חומר: נחושת | מידה: 6"" | תיאור: רשת נחושת עגול 6""","Brass Round Grate 6""",Drain Covers & Grates,🔧,77Z3401B.jpg,,,
78071545,מצוף נחושת 2 תקני,מצופים,AQUATEC,,,,מאפיין: 2 תקני | חומר: נחושת | תיאור: מצוף נחושת 2 תקני,Brass Float Valve Dual Standard,Float Valves,🔵,78071545.jpg,,,
79255054,ברז דלי ארוך ידית מקס,ברזי דלי,AQUATEC,,,,אורך: ארוך | תיאור: ברז דלי ארוך ידית מקס,Long Bucket Tap Max Handle,Bucket Taps,🔧,79255054.jpg,,,
79904070,חותך צינורות קוטר 40,חותך צינורות,חוליות,,,,"יצרן: חוליות | מק""ט חוליות: 79904070 | DN: 40 | יח׳/ארגז: 80 | יח׳/משטח: 3,360",Pipe Cutter Diameter 40,חותך צינורות,🚰,sml_p11_b.jpg,,,
79905070,חותך צינורות קוטר 50,חותך צינורות,חוליות,,,,"יצרן: חוליות | מק""ט חוליות: 79905070 | DN: 50",Pipe Cutter Diameter 50,חותך צינורות,🚰,sml_p11_b.jpg,,,
7ISR0001,"אקווה בנד QA 3/4"" נמוך למחלק",עוגנים ובנדים,AQUATEC,,,,"מידה: 3/4"" | תיאור: אקווה בנד למחזק נמוך QA","Aqua QA 3/4"" Low Manifold Bend",Anchors & Bends,🔩,7ISR0002.jpg,,,
7ISR0002,"אקווה בנד QA 3/4"" גבוה למחלק",עוגנים ובנדים,AQUATEC,,,,"מידה: 3/4"" | תיאור: אקווה בנד למחזק גבוה QA","Aqua QA 3/4"" High Manifold Bend",Anchors & Bends,🔩,7ISR0002.jpg,,,
805024,פקק שקע-תקע 75,פקקים וצינורות,ליפסקי,,,,DN: 75,Insertion plug DN75,Couplers & Pipes,⚫,805024.jpeg,,,
8315,"מעבר ניקל 1/2"" × 3/4""",אביזרי נחושת,AQUATEC,,,,"מידה: 1/2"" * 3/4"" | תיאור: מעבר ניקל","Nickel Adapter 1/2""×3/4""",Brass Fittings,🔧,8315.jpg,,,
8315B,"מעבר ניקל למיכל הדחה 1/2"" × 3/8""",אביזרי נחושת,AQUATEC,,,,"מידה: 1/2"" * 3/8"" | תיאור: מעבר ניקל למיכל הדחה","Nickel Adapter for Cistern 1/2""×3/8""",Brass Fittings,🔧,8315B.jpg,,,
9091020108,"ברך PPR משטח ריסון תבריג פנימי 20x½""",ברכיים PPR,פולירול,,,,"R: ½"" | c: 20 | L: 51 | D1: 37 | z1: 15.5 | l1: 31.5 | D: 29.5 | z: 16.5 | l: 31 | d: 20 | מק""ט חוליות: 9091020108 | יצרן: Polyroll","PPR Elbow 20x½""",PPR Elbows,↪️,ppr_p25_a.jpg,,,
9091020110,"ברך PPR משטח ריסון תבריג פנימי 20x¾""",ברכיים PPR,פולירול,,,,"R: ¾"" | c: 25 | L: 54 | D1: 44 | z1: 24.0 | l1: 37.0 | D: 34.0 | z: 22.5 | l: 37 | d: 20 | מק""ט חוליות: 9091020110 | יצרן: Polyroll","PPR Elbow 20x¾""",PPR Elbows,↪️,ppr_p25_a.jpg,,,
9091020112,"ברך PPR משטח ריסון תבריג פנימי 25x¾""",ברכיים PPR,פולירול,,,,"R: ¾"" | c: 25 | L: 54 | D1: 44 | z1: 24.0 | l1: 37.0 | D: 34.0 | z: 21.0 | l: 37 | d: 25 | מק""ט חוליות: 9091020112 | יצרן: Polyroll","PPR Elbow 25x¾""",PPR Elbows,↪️,ppr_p25_a.jpg,,,
9091020113,"ברך PPR משטח ריסון תבריג פנימי 25x½""",ברכיים PPR,פולירול,,,,"R: ½"" | c: 20 | L: 53 | D1: 37 | z1: 15.0 | l1: 31.0 | D: 34.0 | z: 17.5 | l: 37 | d: 25 | מק""ט חוליות: 9091020113 | יצרן: Polyroll","PPR Elbow 25x½""",PPR Elbows,↪️,ppr_p25_a.jpg,,,
9091021008,"מתאם PPR עגול תבריג פנימי 20x½""",מתאמים PPR,פולירול,,,,"R: ½"" | L: 40.5 | D: 37.5 | z: 13.0 | l: 27.5 | d: 20 | מק""ט חוליות: 9091021008 | יצרן: Polyroll","PPR Adapter 20x½""",PPR Adapters,🔩,ppr_p27_a.jpg,,,
9091021010,"מתאם PPR עגול תבריג פנימי 20x¾""",מתאמים PPR,פולירול,,,,"R: ¾"" | L: 40.5 | D: 43.5 | z: 13.0 | l: 27.5 | d: 20 | מק""ט חוליות: 9091021010 | יצרן: Polyroll","PPR Adapter 20x¾""",PPR Adapters,🔩,ppr_p27_a.jpg,,,
9091021011,"מתאם PPR עגול תבריג פנימי 25x½""",מתאמים PPR,פולירול,,,,"R: ½"" | L: 42.0 | D: 37.5 | z: 13.0 | l: 29.5 | d: 25 | מק""ט חוליות: 9091021011 | יצרן: Polyroll","PPR Adapter 25x½""",PPR Adapters,🔩,ppr_p27_a.jpg,,,
9091021012,"מתאם PPR עגול תבריג פנימי 25x¾""",מתאמים PPR,פולירול,,,,"R: ¾"" | L: 40.5 | D: 43.5 | z: 11.5 | l: 27.5 | d: 25 | מק""ט חוליות: 9091021012 | יצרן: Polyroll","PPR Adapter 25x¾""",PPR Adapters,🔩,ppr_p27_a.jpg,,,
9091021013,"מתאם PPR עגול תבריג פנימי 32x¾""",מתאמים PPR,פולירול,,,,"z: ¾"" | l: 43.5 | d: 43.5 | מק""ט חוליות: 9091021013 | יצרן: Polyroll","PPR Adapter 32x¾""",PPR Adapters,🔩,ppr_p27_a.jpg,,,
9091021114,"מתאם PPR משושה תבריג פנימי ""32x1",מתאמים PPR,פולירול,,,,"SW: 39 | R: ""1 | L1: 59.5 | D: 60.0 | z: 19.5 | l: 37.5 | d: 32 | מק""ט חוליות: 9091021114 | יצרן: Polyroll","PPR Adapter ""32x1",PPR Adapters,🔩,ppr_p28_a.jpg,,,
9091021115,"מתאם PPR משושה תבריג פנימי ""40x1",מתאמים PPR,פולירול,,,,"SW: 39 | R: ""1 | L1: 62.0 | D: 60.0 | z: 19.5 | l: 40.0 | d: 40 | מק""ט חוליות: 9091021115 | יצרן: Polyroll","PPR Adapter ""40x1",PPR Adapters,🔩,ppr_p28_a.jpg,,,
9091021116,"מתאם PPR משושה תבריג פנימי 40x¼""",מתאמים PPR,פולירול,,,,"SW: 50 | R: 1x¼"" | L1: 63.0 | D: 74.0 | z: 19.5 | l: 40.0 | d: 40 | מק""ט חוליות: 9091021116 | יצרן: Polyroll","PPR Adapter 40x¼""",PPR Adapters,🔩,ppr_p28_a.jpg,,,
9091021117,"מתאם PPR משושה תבריג פנימי 50x¼""",מתאמים PPR,פולירול,,,,"SW: 50 | R: 1x¼"" | L1: 66.0 | D: 74.0 | z: 19.5 | l: 43.0 | d: 50 | מק""ט חוליות: 9091021117 | יצרן: Polyroll","PPR Adapter 50x¼""",PPR Adapters,🔩,ppr_p28_a.jpg,,,
9091021118,"מתאם PPR משושה תבריג פנימי 50x½""",מתאמים PPR,פולירול,,,,"D: 55 | z: 1x½"" | l: 67.0 | d: 85.5 | מק""ט חוליות: 9091021118 | יצרן: Polyroll","PPR Adapter 50x½""",PPR Adapters,🔩,ppr_p28_a.jpg,,,
9091021119,"מתאם PPR משושה תבריג פנימי 63x½""",מתאמים PPR,פולירול,,,,"SW: 55 | R: 1x½"" | L1: 73.5 | D: 84.0 | z: 24.0 | l: 51.5 | d: 63 | מק""ט חוליות: 9091021119 | יצרן: Polyroll","PPR Adapter 63x½""",PPR Adapters,🔩,ppr_p28_a.jpg,,,
9091021120,"מתאם PPR משושה תבריג פנימי ""63x2",מתאמים PPR,פולירול,,,,"R: 67 | L1: ""2 | D: 77.0 | z: 101.0 | l: 23.5 | d: 51.0 | מק""ט חוליות: 9091021120 | יצרן: Polyroll","PPR Adapter ""63x2",PPR Adapters,🔩,ppr_p28_a.jpg,,,
9091021122,"מתאם PPR משושה תבריג פנימי ""75x2",מתאמים PPR,פולירול,,,,"R: 67 | L1: ""2 | D: 77.0 | z: 100.0 | l: 21.0 | d: 51.0 | מק""ט חוליות: 9091021122 | יצרן: Polyroll","PPR Adapter ""75x2",PPR Adapters,🔩,ppr_p28_a.jpg,,,
9091021208,"מתאם PPR עגול תבריג חיצוני 20x½""",מתאמים PPR,פולירול,,,,"R: ½"" | D: 38.5 | z: 42.0 | L: 56.5 | d: 20 | מק""ט חוליות: 9091021208 | יצרן: Polyroll","PPR Adapter 20x½""",PPR Adapters,🔩,ppr_p27_b.jpg,,,
9091021210,"מתאם PPR עגול תבריג חיצוני 20x¾""",מתאמים PPR,פולירול,,,,"R: ¾"" | D: 38.5 | z: 43.0 | L: 57.5 | d: 20 | מק""ט חוליות: 9091021210 | יצרן: Polyroll","PPR Adapter 20x¾""",PPR Adapters,🔩,ppr_p27_b.jpg,,,
9091021211,"מתאם PPR עגול תבריג חיצוני 25x½""",מתאמים PPR,פולירול,,,,"R: ½"" | D: 38.5 | z: 42.0 | L: 58.0 | d: 25 | מק""ט חוליות: 9091021211 | יצרן: Polyroll","PPR Adapter 25x½""",PPR Adapters,🔩,ppr_p27_b.jpg,,,
9091021212,"מתאם PPR עגול תבריג חיצוני 25x¾""",מתאמים PPR,פולירול,,,,"R: ¾"" | D: 38.5 | z: 41.5 | L: 57.5 | d: 25 | מק""ט חוליות: 9091021212 | יצרן: Polyroll","PPR Adapter 25x¾""",PPR Adapters,🔩,ppr_p27_b.jpg,,,
9091021213,"מתאם PPR עגול תבריג חיצוני 32x¾""",מתאמים PPR,פולירול,,,,"L: ¾"" | d: 43.0 | מידה: 32x¾"" | שיטת חיבור: ריתוך-הברגה חיצוני | מק""ט חוליות: 9091021213 | יצרן: Polyroll","PPR Adapter 32x¾""",PPR Adapters,🔩,ppr_p27_b.jpg,,,
9091021314,"מתאם PPR משושה תבריג חיצוני ""32x1",מתאמים PPR,פולירול,,,,"SW: 32 | R: ""1 | D: 53.0 | z: 60.5 | L: 78.5 | d: 32 | מק""ט חוליות: 9091021314 | יצרן: Polyroll","PPR Adapter ""32x1",PPR Adapters,🔩,ppr_p28_b.jpg,,,
9091021316,"מתאם PPR משושה תבריג חיצוני 32x¼""",מתאמים PPR,פולירול,,,,"SW: 41 | R: 1x¼"" | D: 68.0 | z: 63.0 | L: 81.0 | d: 32 | מק""ט חוליות: 9091021316 | יצרן: Polyroll","PPR Adapter 32x¼""",PPR Adapters,🔩,ppr_p28_b.jpg,,,
9091021317,"מתאם PPR משושה תבריג חיצוני ""40x1",מתאמים PPR,פולירול,,,,"SW: 32 | R: ""1 | D: 52.0 | z: 60.5 | L: 81.0 | d: 40 | מק""ט חוליות: 9091021317 | יצרן: Polyroll","PPR Adapter ""40x1",PPR Adapters,🔩,ppr_p28_b.jpg,,,
9091021318,"מתאם PPR משושה תבריג חיצוני 40x¼""",מתאמים PPR,פולירול,,,,"SW: 41 | R: 1x¼"" | D: 68.0 | z: 64.0 | L: 84.5 | d: 40 | מק""ט חוליות: 9091021318 | יצרן: Polyroll","PPR Adapter 40x¼""",PPR Adapters,🔩,ppr_p28_b.jpg,,,
9091021319,"מתאם PPR משושה תבריג חיצוני 50x¼""",מתאמים PPR,פולירול,,,,"SW: 41 | R: 1x¼"" | D: 68.0 | z: 62.0 | L: 85.5 | d: 50 | מק""ט חוליות: 9091021319 | יצרן: Polyroll","PPR Adapter 50x¼""",PPR Adapters,🔩,ppr_p28_b.jpg,,,
9091021320,"מתאם PPR משושה תבריג חיצוני 50x½""",מתאמים PPR,פולירול,,,,"SW: 46 | R: 1x½"" | D: 74.0 | z: 65.0 | L: 88.5 | d: 50 | מק""ט חוליות: 9091021320 | יצרן: Polyroll","PPR Adapter 50x½""",PPR Adapters,🔩,ppr_p28_b.jpg,,,
9091021321,"מתאם PPR משושה תבריג חיצוני 63x½""",מתאמים PPR,פולירול,,,,"SW: 46 | R: 1x½"" | D: 72.5 | z: 67.0 | L: 94.5 | d: 63 | מק""ט חוליות: 9091021321 | יצרן: Polyroll","PPR Adapter 63x½""",PPR Adapters,🔩,ppr_p28_b.jpg,,,
9091021322,"מתאם PPR משושה תבריג חיצוני ""63x2",מתאמים PPR,פולירול,,,,"SW: 50 | R: ""2 | D: 84.0 | z: 75.0 | L: 102.5 | d: 63 | מק""ט חוליות: 9091021322 | יצרן: Polyroll","PPR Adapter ""63x2",PPR Adapters,🔩,ppr_p28_b.jpg,,,
9091021323,"מתאם PPR משושה תבריג חיצוני ""75x2",מתאמים PPR,פולירול,,,,"SW: 50 | R: ""2 | D: 84.0 | z: 72.0 | L: 102.0 | d: 75 | מק""ט חוליות: 9091021323 | יצרן: Polyroll","PPR Adapter ""75x2",PPR Adapters,🔩,ppr_p28_b.jpg,,,
9091021324,"מתאם PPR משושה תבריג חיצוני 75x½""",מתאמים PPR,פולירול,,,,"SW: 65 | R: 2x½"" | D: 100.0 | z: 75.0 | L: 105.0 | d: 75 | מק""ט חוליות: 9091021324 | יצרן: Polyroll","PPR Adapter 75x½""",PPR Adapters,🔩,ppr_p28_b.jpg,,,
9091021325,"מתאם PPR משושה תבריג חיצוני ""90x3",מתאמים PPR,פולירול,,,,"SW: 85 | R: ""3 | D: 120.0 | z: 88.0 | L: 121.0 | d: 90 | מק""ט חוליות: 9091021325 | יצרן: Polyroll","PPR Adapter ""90x3",PPR Adapters,🔩,ppr_p28_b.jpg,,,
9091021327,"מתאם PPR משושה תבריג חיצוני ""110x4",מתאמים PPR,פולירול,,,,"SW: 105 | R: ""4 | D: 147.0 | z: 111.0 | L: 148.0 | d: 110 | מק""ט חוליות: 9091021327 | יצרן: Polyroll","PPR Adapter ""110x4",PPR Adapters,🔩,ppr_p28_b.jpg,,,
9091023008,"ברך PPR תבריג פנימי 20x¾""",ברכיים PPR,פולירול,,,,"R: ¾"" | D1: 44.0 | Z1: 24.0 | L1: 37.0 | D: 34.0 | z: 22.5 | L: 37.0 | d: 20 | מק""ט חוליות: 9091023008 | יצרן: Polyroll","PPR Elbow 20x¾""",PPR Elbows,↪️,ppr_p25_c.jpg,,,
9091023010,"ברך PPR תבריג פנימי 20x½""",ברכיים PPR,פולירול,,,,"R: ½"" | D1: 37.0 | Z1: 18.5 | L1: 31.5 | D: 29.5 | z: 17.0 | L: 31.5 | d: 20 | מק""ט חוליות: 9091023010 | יצרן: Polyroll","PPR Elbow 20x½""",PPR Elbows,↪️,ppr_p25_c.jpg,,,
9091023012,"ברך PPR תבריג פנימי 25x¾""",ברכיים PPR,פולירול,,,,"D1: ¾"" | Z1: 44.0 | L1: 24.0 | D: 37.0 | z: 34.0 | L: 21.0 | d: 37.0 | מק""ט חוליות: 9091023012 | יצרן: Polyroll","PPR Elbow 25x¾""",PPR Elbows,↪️,ppr_p25_c.jpg,,,
9091023014,"ברך PPR תבריג פנימי 25x½""",ברכיים PPR,פולירול,,,,"R: ½"" | D1: 37.0 | Z1: 24.0 | L1: 37.0 | D: 34.0 | z: 18.0 | L: 34.0 | d: 25 | מק""ט חוליות: 9091023014 | יצרן: Polyroll","PPR Elbow 25x½""",PPR Elbows,↪️,ppr_p25_c.jpg,,,
9091023016,"ברך PPR תבריג פנימי 32x¾""",ברכיים PPR,פולירול,,,,"R: ¾"" | D1: 44.0 | Z1: 38.0 | L1: 51 | D: 43.0 | z: 9.5 | L: 27.5 | d: 32 | מק""ט חוליות: 9091023016 | יצרן: Polyroll","PPR Elbow 32x¾""",PPR Elbows,↪️,ppr_p25_c.jpg,,,
9091023018,"ברך PPR תבריג פנימי ""32x1",ברכיים PPR,פולירול,,,,"R: ""1 | D1: 60.5 | Z1: 44.5 | L1: 66.5 | D: 43.0 | z: 16.0 | L: 32.0 | d: 32 | מק""ט חוליות: 9091023018 | יצרן: Polyroll","PPR Elbow ""32x1",PPR Elbows,↪️,ppr_p25_c.jpg,,,
9091023506,"ברך PPR תבריג חיצוני 20x½""",ברכיים PPR,פולירול,,,,"R: ½"" | D1: 37 | Z1: 53.0 | D: 29.5 | z: 17.0 | L: 31.5 | d: 20 | מק""ט חוליות: 9091023506 | יצרן: Polyroll","PPR Elbow 20x½""",PPR Elbows,↪️,ppr_p25_b.jpg,,,
9091023508,"ברך PPR תבריג חיצוני 20x¾""",ברכיים PPR,פולירול,,,,"R: ¾"" | D1: 38 | Z1: 54.0 | D: 34.0 | z: 22.5 | L: 37.0 | d: 20 | מק""ט חוליות: 9091023508 | יצרן: Polyroll","PPR Elbow 20x¾""",PPR Elbows,↪️,ppr_p25_b.jpg,,,
9091023510,"ברך PPR תבריג חיצוני 25x¾""",ברכיים PPR,פולירול,,,,"D1: ¾"" | Z1: 38 | D: 54.0 | z: 34.0 | L: 21.0 | d: 37.0 | מק""ט חוליות: 9091023510 | יצרן: Polyroll","PPR Elbow 25x¾""",PPR Elbows,↪️,ppr_p25_b.jpg,,,
9091023512,"ברך PPR תבריג חיצוני 32x¾""",ברכיים PPR,פולירול,,,,"R: ¾"" | D1: 38 | Z1: 68.0 | D: 43.0 | z: 9.5 | L: 27.5 | d: 32 | מק""ט חוליות: 9091023512 | יצרן: Polyroll","PPR Elbow 32x¾""",PPR Elbows,↪️,ppr_p25_b.jpg,,,
9091023514,"ברך PPR תבריג חיצוני ""32x1",ברכיים PPR,פולירול,,,,"Z1: ""1 | D: 52 | z: 85.5 | L: 43.0 | d: 13.0 | מק""ט חוליות: 9091023514 | יצרן: Polyroll","PPR Elbow ""32x1",PPR Elbows,↪️,ppr_p25_b.jpg,,,
9091025006,"מסעף PPR תבריג פנימי 20x½""",מסעפים PPR,פולירול,,,,"R: ½"" | D1: 37 | Z1: 24 | L1: 37 | D: 29.5 | z: 17.0 | L: 31.5 | d: 20 | מק""ט חוליות: 9091025006 | יצרן: Polyroll","PPR Tee 20x½""",PPR Tees,🔱,ppr_p26_a.jpg,,,
9091025008,"מסעף PPR תבריג פנימי 20x¾""",מסעפים PPR,פולירול,,,,"R: ¾"" | D1: 44 | Z1: 25 | L1: 38 | D: 34.0 | z: 22.5 | L: 37.0 | d: 20 | מק""ט חוליות: 9091025008 | יצרן: Polyroll","PPR Tee 20x¾""",PPR Tees,🔱,ppr_p26_a.jpg,,,
9091025010,"מסעף PPR תבריג פנימי 25x½""",מסעפים PPR,פולירול,,,,"R: ½"" | D1: 37 | Z1: 25 | L1: 38 | D: 34.0 | z: 18.0 | L: 34.0 | d: 25 | מק""ט חוליות: 9091025010 | יצרן: Polyroll","PPR Tee 25x½""",PPR Tees,🔱,ppr_p26_a.jpg,,,
9091025012,"מסעף PPR תבריג פנימי 25x¾""",מסעפים PPR,פולירול,,,,"D1: ¾"" | Z1: 44 | L1: 25 | D: 38 | z: 34.0 | L: 21.0 | d: 37.0 | מק""ט חוליות: 9091025012 | יצרן: Polyroll","PPR Tee 25x¾""",PPR Tees,🔱,ppr_p26_a.jpg,,,
9091025014,"מסעף PPR תבריג פנימי 32x¾""",מסעפים PPR,פולירול,,,,"R: ¾"" | D1: 44 | Z1: 38 | L1: 51 | D: 43.0 | z: 9.5 | L: 27.5 | d: 32 | מק""ט חוליות: 9091025014 | יצרן: Polyroll","PPR Tee 32x¾""",PPR Tees,🔱,ppr_p26_a.jpg,,,
9091025016,"מסעף PPR תבריג פנימי 32x1""x32",מסעפים PPR,פולירול,,,,"D1: ""1 | Z1: 60 | L1: 49 | D: 67 | z: 43.0 | L: 13.5 | d: 31.0 | מק""ט חוליות: 9091025016 | יצרן: Polyroll","PPR Tee 32x1""x32",PPR Tees,🔱,ppr_p26_a.jpg,,,
9091025018,"מסעף PPR תבריג פנימי 40x½""",מסעפים PPR,פולירול,,,,"Z1: ½"" | L1: 37 | D: 27 | z: 40 | L: 52 | d: 21 | מק""ט חוליות: 9091025018 | יצרן: Polyroll","PPR Tee 40x½""",PPR Tees,🔱,ppr_p26_a.jpg,,,
9091025019,"מסעף PPR תבריג פנימי 40x¾""",מסעפים PPR,פולירול,,,,"R: ¾"" | D1: 52 | Z1: 27.5 | L1: 40.5 | D: 52 | z: 20 | L: 40.4 | d: 40 | מק""ט חוליות: 9091025019 | יצרן: Polyroll","PPR Tee 40x¾""",PPR Tees,🔱,ppr_p26_a.jpg,,,
9091025020,"מסעף PPR תבריג פנימי 40x1""x40",מסעפים PPR,פולירול,,,,"R: ""1 | D1: 60 | Z1: 34 | L1: 56 | D: 52 | z: 21 | L: 41.5 | d: 40 | מק""ט חוליות: 9091025020 | יצרן: Polyroll","PPR Tee 40x1""x40",PPR Tees,🔱,ppr_p26_a.jpg,,,
9091025506,"מסעף PPR תבריג חיצוני 20x½""",מסעפים PPR,פולירול,,,,"R: ½"" | D1: 37 | l1: 53 | D: 29.5 | z2: 16 | z: 17 | l: 31.5 | d: 20 | מק""ט חוליות: 9091025506 | יצרן: Polyroll","PPR Tee 20x½""",PPR Tees,🔱,ppr_p26_b.jpg,,,
9091028214,"רוכב PPR משושה 40x½""",רוכבים PPR,פולירול,,,,"SW: 24 | R: ½"" | D: 38.5 | z: 43.0 | L: 39 | d1: 25 | d: 40 | מק""ט חוליות: 9091028214 | יצרן: Polyroll","PPR Saddle 40x½""",PPR Saddles,🪢,ppr_p29_c.jpg,,,
9091028216,"רוכב PPR משושה 50x½""",רוכבים PPR,פולירול,,,,"SW: 24 | R: ½"" | D: 38.5 | z: 48.0 | L: 39 | d1: 25 | d: 50 | מק""ט חוליות: 9091028216 | יצרן: Polyroll","PPR Saddle 50x½""",PPR Saddles,🪢,ppr_p29_c.jpg,,,
9091028218,"רוכב PPR משושה 63x½""",רוכבים PPR,פולירול,,,,"SW: 24 | R: ½"" | D: 38.5 | z: 54.5 | L: 39 | d1: 25 | d: 63 | מק""ט חוליות: 9091028218 | יצרן: Polyroll","PPR Saddle 63x½""",PPR Saddles,🪢,ppr_p29_c.jpg,,,
9091028220,"רוכב PPR משושה 75x½""",רוכבים PPR,פולירול,,,,"R: 24 | D: ½"" | z: 38.5 | L: 53.5 | d1: 39 | d: 25 | מק""ט חוליות: 9091028220 | יצרן: Polyroll","PPR Saddle 75x½""",PPR Saddles,🪢,ppr_p29_c.jpg,,,
9091028222,"רוכב PPR משושה 90x½""",רוכבים PPR,פולירול,,,,"SW: 24 | R: ½"" | D: 38.5 | z: 68.0 | L: 39 | d1: 25 | d: 90 | מק""ט חוליות: 9091028222 | יצרן: Polyroll","PPR Saddle 90x½""",PPR Saddles,🪢,ppr_p29_c.jpg,,,
9091028224,"רוכב PPR משושה 110x½""",רוכבים PPR,פולירול,,,,"D: 24 | z: ½"" | L: 38.5 | d1: 78.0 | d: 39 | מק""ט חוליות: 9091028224 | יצרן: Polyroll","PPR Saddle 110x½""",PPR Saddles,🪢,ppr_p29_c.jpg,,,
9091028234,"רוכב PPR משושה 40x¾""",רוכבים PPR,פולירול,,,,"SW: 31 | R: ¾"" | D: 43.5 | z: 43.0 | L: 39 | d1: 25 | d: 40 | מק""ט חוליות: 9091028234 | יצרן: Polyroll","PPR Saddle 40x¾""",PPR Saddles,🪢,ppr_p29_c.jpg,,,
9091028236,"רוכב PPR משושה 50x¾""",רוכבים PPR,פולירול,,,,"R: 31 | D: ¾"" | z: 43.5 | L: 49.5 | d1: 39 | d: 25 | מק""ט חוליות: 9091028236 | יצרן: Polyroll","PPR Saddle 50x¾""",PPR Saddles,🪢,ppr_p29_c.jpg,,,
9091028238,"רוכב PPR משושה 63x¾""",רוכבים PPR,פולירול,,,,"SW: 31 | R: ¾"" | D: 43.5 | z: 55.5 | L: 39 | d1: 25 | d: 63 | מק""ט חוליות: 9091028238 | יצרן: Polyroll","PPR Saddle 63x¾""",PPR Saddles,🪢,ppr_p29_c.jpg,,,
9091028240,"רוכב PPR משושה 75x¾""",רוכבים PPR,פולירול,,,,"SW: 31 | R: ¾"" | D: 43.5 | z: 63.0 | L: 39 | d1: 25 | d: 75 | מק""ט חוליות: 9091028240 | יצרן: Polyroll","PPR Saddle 75x¾""",PPR Saddles,🪢,ppr_p29_c.jpg,,,
9091028242,"רוכב PPR משושה 90x¾""",רוכבים PPR,פולירול,,,,"SW: 31 | R: ¾"" | D: 43.5 | z: 73.0 | L: 39 | d1: 25 | d: 90 | מק""ט חוליות: 9091028242 | יצרן: Polyroll","PPR Saddle 90x¾""",PPR Saddles,🪢,ppr_p29_c.jpg,,,
9091028244,"רוכב PPR משושה 110x¾""",רוכבים PPR,פולירול,,,,"SW: 31 | R: ¾"" | D: 43.5 | z: 80.5 | L: 39 | d1: 25 | d: 110 | מק""ט חוליות: 9091028244 | יצרן: Polyroll","PPR Saddle 110x¾""",PPR Saddles,🪢,ppr_p29_c.jpg,,,
9092071112,צינור PPR מיזוג אוויר 32×4.4,צינורות PPR מיזוג אוויר,פולירול,,,,"יצרן: Aquatherm | מק""ט חוליות: 9092071112 | תיאור: צינור מיזוג אוויר (blue pipe) | חומר: PPR · מחוזק בסיבי זכוכית (faser) | SDR: 7.4 | dn נומינלי: 32 | de קוטר חיצוני: 32 | e עובי דופן: 4.4 | di קוטר פנימי: 23.2 | משקל (ק""ג/מ׳): 0.391 | נפח מים (ל׳/מ׳): 0.423 | אורך: 4 מ׳",PPR AC Blue Pipe 32×4.4,PPR AC Blue Pipes,❄️,ppr_p80_a.jpg,,,
9092071114,צינור PPR מיזוג אוויר 40×3.7,צינורות PPR מיזוג אוויר,פולירול,,,,"יצרן: Aquatherm | מק""ט חוליות: 9092071114 | תיאור: צינור מיזוג אוויר (blue pipe) | חומר: PPR · מחוזק בסיבי זכוכית (faser) | SDR: 11 | dn נומינלי: 40 | de קוטר חיצוני: 40 | e עובי דופן: 3.7 | di קוטר פנימי: 32.6 | משקל (ק""ג/מ׳): 0.435 | נפח מים (ל׳/מ׳): 0.834 | אורך: 4 מ׳",PPR AC Blue Pipe 40×3.7,PPR AC Blue Pipes,❄️,ppr_p80_a.jpg,,,
9092071116,צינור PPR מיזוג אוויר 50×4.6,צינורות PPR מיזוג אוויר,פולירול,,,,"יצרן: Aquatherm | מק""ט חוליות: 9092071116 | תיאור: צינור מיזוג אוויר (blue pipe) | חומר: PPR · מחוזק בסיבי זכוכית (faser) | SDR: 11 | dn נומינלי: 50 | de קוטר חיצוני: 50 | e עובי דופן: 4.6 | di קוטר פנימי: 40.8 | משקל (ק""ג/מ׳): 0.674 | נפח מים (ל׳/מ׳): 1.307 | אורך: 4 מ׳",PPR AC Blue Pipe 50×4.6,PPR AC Blue Pipes,❄️,ppr_p80_a.jpg,,,
9092071118,צינור PPR מיזוג אוויר 63×5.8,צינורות PPR מיזוג אוויר,פולירול,,,,"יצרן: Aquatherm | מק""ט חוליות: 9092071118 | תיאור: צינור מיזוג אוויר (blue pipe) | חומר: PPR · מחוזק בסיבי זכוכית (faser) | SDR: 11 | dn נומינלי: 63 | de קוטר חיצוני: 63 | e עובי דופן: 5.8 | di קוטר פנימי: 51.4 | משקל (ק""ג/מ׳): 1.065 | נפח מים (ל׳/מ׳): 2.074 | אורך: 4 מ׳",PPR AC Blue Pipe 63×5.8,PPR AC Blue Pipes,❄️,ppr_p80_a.jpg,,,
9092071120,צינור PPR מיזוג אוויר 75×6.8,צינורות PPR מיזוג אוויר,פולירול,,,,"יצרן: Aquatherm | מק""ט חוליות: 9092071120 | תיאור: צינור מיזוג אוויר (blue pipe) | חומר: PPR · מחוזק בסיבי זכוכית (faser) | SDR: 11 | dn נומינלי: 75 | de קוטר חיצוני: 75 | e עובי דופן: 6.8 | di קוטר פנימי: 61.4 | משקל (ק""ג/מ׳): 1.485 | נפח מים (ל׳/מ׳): 2.959 | אורך: 4 מ׳",PPR AC Blue Pipe 75×6.8,PPR AC Blue Pipes,❄️,ppr_p80_a.jpg,,,
9092071122,צינור PPR מיזוג אוויר 90×8.2,צינורות PPR מיזוג אוויר,פולירול,,,,"יצרן: Aquatherm | מק""ט חוליות: 9092071122 | תיאור: צינור מיזוג אוויר (blue pipe) | חומר: PPR · מחוזק בסיבי זכוכית (faser) | SDR: 11 | dn נומינלי: 90 | de קוטר חיצוני: 90 | e עובי דופן: 8.2 | di קוטר פנימי: 73.6 | משקל (ק""ג/מ׳): 2.150 | נפח מים (ל׳/מ׳): 4.252 | אורך: 4 מ׳",PPR AC Blue Pipe 90×8.2,PPR AC Blue Pipes,❄️,ppr_p80_a.jpg,,,
9092071124,צינור PPR מיזוג אוויר 110×10.0,צינורות PPR מיזוג אוויר,פולירול,,,,"יצרן: Aquatherm | מק""ט חוליות: 9092071124 | תיאור: צינור מיזוג אוויר (blue pipe) | חומר: PPR · מחוזק בסיבי זכוכית (faser) | SDR: 11 | dn נומינלי: 110 | de קוטר חיצוני: 110 | e עובי דופן: 10.0 | di קוטר פנימי: 90.0 | משקל (ק""ג/מ׳): 3.185 | נפח מים (ל׳/מ׳): 6.359 | אורך: 4 מ׳",PPR AC Blue Pipe 110×10.0,PPR AC Blue Pipes,❄️,ppr_p80_a.jpg,,,
9092071126,צינור PPR מיזוג אוויר 125×11.4,צינורות PPR מיזוג אוויר,פולירול,,,,"יצרן: Aquatherm | מק""ט חוליות: 9092071126 | תיאור: צינור מיזוג אוויר (blue pipe) | חומר: PPR · מחוזק בסיבי זכוכית (faser) | SDR: 11 | dn נומינלי: 125 | de קוטר חיצוני: 125 | e עובי דופן: 11.4 | di קוטר פנימי: 102.2 | משקל (ק""ג/מ׳): 4.130 | נפח מים (ל׳/מ׳): 8.199 | אורך: 4 מ׳",PPR AC Blue Pipe 125×11.4,PPR AC Blue Pipes,❄️,ppr_p80_a.jpg,,,
9092071130,צינור PPR מיזוג אוויר 160×14.6,צינורות PPR מיזוג אוויר,פולירול,,,,"יצרן: Aquatherm | מק""ט חוליות: 9092071130 | תיאור: צינור מיזוג אוויר (blue pipe) | חומר: PPR · מחוזק בסיבי זכוכית (faser) | SDR: 11 | dn נומינלי: 160 | de קוטר חיצוני: 160 | e עובי דופן: 14.6 | di קוטר פנימי: 130.8 | משקל (ק""ג/מ׳): 6.751 | נפח מים (ל׳/מ׳): 13.430 | אורך: 5.8 מ׳",PPR AC Blue Pipe 160×14.6,PPR AC Blue Pipes,❄️,ppr_p80_a.jpg,,,
9092071134,צינור PPR מיזוג אוויר 200×18.2,צינורות PPR מיזוג אוויר,פולירול,,,,"יצרן: Aquatherm | מק""ט חוליות: 9092071134 | תיאור: צינור מיזוג אוויר (blue pipe) | חומר: PPR · מחוזק בסיבי זכוכית (faser) | SDR: 11 | dn נומינלי: 200 | de קוטר חיצוני: 200 | e עובי דופן: 18.2 | di קוטר פנימי: 163.6 | משקל (ק""ג/מ׳): 10.515 | נפח מים (ל׳/מ׳): 21.010 | אורך: 5.8 מ׳",PPR AC Blue Pipe 200×18.2,PPR AC Blue Pipes,❄️,ppr_p80_a.jpg,,,
9092071138,צינור PPR מיזוג אוויר 250×22.7,צינורות PPR מיזוג אוויר,פולירול,,,,"יצרן: Aquatherm | מק""ט חוליות: 9092071138 | תיאור: צינור מיזוג אוויר (blue pipe) | חומר: PPR · מחוזק בסיבי זכוכית (faser) | SDR: 11 | dn נומינלי: 250 | de קוטר חיצוני: 250 | e עובי דופן: 22.7 | di קוטר פנימי: 204.6 | משקל (ק""ג/מ׳): 16.363 | נפח מים (ל׳/מ׳): 32.861 | אורך: 5.8 מ׳",PPR AC Blue Pipe 250×22.7,PPR AC Blue Pipes,❄️,ppr_p80_a.jpg,,,
9093570130,צינור PPR מיזוג אוויר 160×9.1,צינורות PPR מיזוג אוויר,פולירול,,,,"יצרן: Aquatherm | מק""ט חוליות: 9093570130 | תיאור: צינור מיזוג אוויר (blue pipe) | חומר: PPR · מחוזק בסיבי זכוכית (faser) | SDR: 17.6 | dn נומינלי: 160 | de קוטר חיצוני: 160 | e עובי דופן: 9.1 | di קוטר פנימי: 141.8 | משקל (ק""ג/מ׳): 4.574 | נפח מים (ל׳/מ׳): 15.792 | אורך: 5.8 מ׳",PPR AC Blue Pipe 160×9.1,PPR AC Blue Pipes,❄️,ppr_p80_a.jpg,,,
9093570134,צינור PPR מיזוג אוויר 200×11.4,צינורות PPR מיזוג אוויר,פולירול,,,,"יצרן: Aquatherm | מק""ט חוליות: 9093570134 | תיאור: צינור מיזוג אוויר (blue pipe) | חומר: PPR · מחוזק בסיבי זכוכית (faser) | SDR: 17.6 | dn נומינלי: 200 | de קוטר חיצוני: 200 | e עובי דופן: 11.4 | di קוטר פנימי: 177.2 | משקל (ק""ג/מ׳): 7.081 | נפח מים (ל׳/מ׳): 24.661 | אורך: 5.8 מ׳",PPR AC Blue Pipe 200×11.4,PPR AC Blue Pipes,❄️,ppr_p80_a.jpg,,,
9093570138,צינור PPR מיזוג אוויר 250×14.2,צינורות PPR מיזוג אוויר,פולירול,,,,"יצרן: Aquatherm | מק""ט חוליות: 9093570138 | תיאור: צינור מיזוג אוויר (blue pipe) | חומר: PPR · מחוזק בסיבי זכוכית (faser) | SDR: 17.6 | dn נומינלי: 250 | de קוטר חיצוני: 250 | e עובי דופן: 14.2 | di קוטר פנימי: 221.6 | משקל (ק""ג/מ׳): 10.949 | נפח מים (ל׳/מ׳): 38.568 | אורך: 5.8 מ׳",PPR AC Blue Pipe 250×14.2,PPR AC Blue Pipes,❄️,ppr_p80_a.jpg,,,
9101601210,"מצמד HDPE הברגה פנימית 16×1/2""",מחברי HDPE,AQUATEC,,,,"מידה: 16*1/2"" | תיאור: מצמד הברגה פנימית","HDPE Female Thread Coupler 16×1/2""",HDPE Fittings,🔧,9101601210.jpg,,,
9101601211,"מצמד HDPE הברגה חיצונית 16×1/2""",מחברי HDPE,AQUATEC,,,,"מידה: 16*1/2"" | תיאור: מצמד הברגה חיצונית","HDPE Male Thread Coupler 16×1/2""",HDPE Fittings,🔧,9101601211.jpg,,,
9101601231,"זווית HDPE הברגה חיצונית 16×1/2""",מחברי HDPE,AQUATEC,,,,"מידה: 16*1/2"" | תיאור: זוית הברגה חיצונית","HDPE Male Thread Elbow 16×1/2""",HDPE Fittings,🔧,9101601231.jpg,,,
9101601232,"זווית HDPE הברגה פנימית 16×1/2""",מחברי HDPE,AQUATEC,,,,"מידה: 16*""1/2 | תיאור: זוית הברגה פנימית","HDPE Female Thread Elbow 16×1/2""",HDPE Fittings,🔧,9101601232.jpg,,,
9101601240,הסתעפות HDPE הברגה פנימית 16×1/2×16,מחברי HDPE,AQUATEC,,,,תיאור: הסתעפות הברגה פנימית | מידה: 16*1/2*16,"HDPE Female Tee 16×1/2""×16",HDPE Fittings,🔧,9101601240.jpg,,,
9101601241,הסתעפות HDPE הברגה חיצונית 16×1/2×16,מחברי HDPE,AQUATEC,,,,תיאור: הסתעפות הברגה חיצונית | מידה: 16*1/2*16,"HDPE Male Tee 16×1/2""×16",HDPE Fittings,🔧,9101601241.jpg,,,
9101601610,מצמד HDPE 16×16,מחברי HDPE,AQUATEC,,,,מידה: 16*16 | תיאור: מצמד,HDPE Coupler 16×16,HDPE Fittings,🔧,9101601610.jpg,,,
9101601640,הסתעפות HDPE דו כיווני 16×16×16,מחברי HDPE,AQUATEC,,,,תצורה: דו כיווני | מידה: 16*16*16 | תיאור: הסתעפות,HDPE Equal Tee 16×16×16,HDPE Fittings,🔧,9101601640.jpg,,,
9101603410,"מצמד HDPE הברגה פנימית 16×3/4""",מחברי HDPE,AQUATEC,,,,"מידה: 16*3/4"" | תיאור: מצמד הברגה פנימית","HDPE Female Thread Coupler 16×3/4""",HDPE Fittings,🔧,9101601210.jpg,,,
9101603411,"מצמד HDPE הברגה חיצונית 16×3/4""",מחברי HDPE,AQUATEC,,,,"מידה: 16*3/4"" | תיאור: מצמד הברגה חיצונית","HDPE Male Thread Coupler 16×3/4""",HDPE Fittings,🔧,9101601211.jpg,,,
9101603431,"זווית HDPE הברגה חיצונית 16×3/4""",מחברי HDPE,AQUATEC,,,,"מידה: 16*3/4"" | תיאור: זוית הברגה חיצונית","HDPE Male Thread Elbow 16×3/4""",HDPE Fittings,🔧,9101601231.jpg,,,
9101603441,הסתעפות HDPE הברגה חיצונית 16×3/4×16,מחברי HDPE,AQUATEC,,,,"תיאור: הסתעפות הברגה חיצונית | מידה: 16*3/4""*16","HDPE Male Tee 16×3/4""×16",HDPE Fittings,🔧,9101601241.jpg,,,
9102001210,"מצמד HDPE הברגה פנימית 20×1/2""",מחברי HDPE,AQUATEC,,,,"מידה: 20*1/2"" | תיאור: מצמד הברגה פנימית","HDPE Female Thread Coupler 20×1/2""",HDPE Fittings,🔧,9101601210.jpg,,,
9102001211,"מצמד HDPE הברגה חיצונית 20×1/2""",מחברי HDPE,AQUATEC,,,,"מידה: 20*1/2"" | תיאור: מצמד הברגה חיצונית","HDPE Male Thread Coupler 20×1/2""",HDPE Fittings,🔧,9101601211.jpg,,,
9102001230,"זווית HDPE הברגה פנימית 20×1/2""",מחברי HDPE,AQUATEC,,,,"מידה: 20*""1/2 | תיאור: זוית הברגה פנימית","HDPE Female Thread Elbow 20×1/2""",HDPE Fittings,🔧,9101601232.jpg,,,
9102001231,"זווית HDPE הברגה חיצונית 20×1/2""",מחברי HDPE,AQUATEC,,,,"מידה: 20*1/2"" | תיאור: זוית הברגה חיצונית","HDPE Male Thread Elbow 20×1/2""",HDPE Fittings,🔧,9101601231.jpg,,,
9102001240,הסתעפות HDPE הברגה פנימית 20×1/2×20,מחברי HDPE,AQUATEC,,,,תיאור: הסתעפות הברגה פנימית | מידה: 20*1/2*20,"HDPE Female Tee 20×1/2""×20",HDPE Fittings,🔧,9101601240.jpg,,,
9102001241,הסתעפות HDPE הברגה חיצונית 20×1/2×20,מחברי HDPE,AQUATEC,,,,"תיאור: הסתעפות הברגה חיצונית | מידה: 20*1/2""*20","HDPE Male Tee 20×1/2""×20",HDPE Fittings,🔧,9101601241.jpg,,,
9102001242,הסתעפות HDPE דו כיווני 20×16×20,מחברי HDPE,AQUATEC,,,,תצורה: דו כיווני | מידה: 20*16*20 | תיאור: הסתעפות,HDPE Reducing Tee 20×16×20,HDPE Fittings,🔧,9101601640.jpg,,,
9102002004,מצמד HDPE 16×20,מחברי HDPE,AQUATEC,,,,מידה: 16*20 | תיאור: מצמד,HDPE Coupler 16×20,HDPE Fittings,🔧,9101601610.jpg,,,
9102002010,מצמד HDPE 20×20,מחברי HDPE,AQUATEC,,,,מידה: 20*20 | תיאור: מצמד,HDPE Coupler 20×20,HDPE Fittings,🔧,9101601610.jpg,,,
9102002040,הסתעפות HDPE דו כיווני 20×20×20,מחברי HDPE,AQUATEC,,,,תצורה: דו כיווני | מידה: 20*20*20 | תיאור: הסתעפות,HDPE Equal Tee 20×20×20,HDPE Fittings,🔧,9101601640.jpg,,,
9102003410,"מצמד HDPE הברגה פנימית 20×3/4""",מחברי HDPE,AQUATEC,,,,"מידה: 20*3/4"" | תיאור: מצמד הברגה פנימית","HDPE Female Thread Coupler 20×3/4""",HDPE Fittings,🔧,9101601210.jpg,,,
9102003411,"מצמד HDPE הברגה חיצונית 20×3/4""",מחברי HDPE,AQUATEC,,,,"מידה: 20*3/4"" | תיאור: מצמד הברגה חיצונית","HDPE Male Thread Coupler 20×3/4""",HDPE Fittings,🔧,9101601211.jpg,,,
9102003430,"זווית HDPE הברגה פנימית 20×3/4""",מחברי HDPE,AQUATEC,,,,"מידה: 20*""3/4 | תיאור: זוית הברגה פנימית","HDPE Female Thread Elbow 20×3/4""",HDPE Fittings,🔧,9101601232.jpg,,,
9102003431,"זווית HDPE הברגה חיצונית 20×3/4""",מחברי HDPE,AQUATEC,,,,"מידה: 20*3/4"" | תיאור: זוית הברגה חיצונית","HDPE Male Thread Elbow 20×3/4""",HDPE Fittings,🔧,9101601231.jpg,,,
9102003440,הסתעפות HDPE הברגה פנימית 20×3/4×20,מחברי HDPE,AQUATEC,,,,"תיאור: הסתעפות הברגה פנימית | מידה: 20*3/4""*20","HDPE Female Tee 20×3/4""×20",HDPE Fittings,🔧,9101601240.jpg,,,
9102003441,הסתעפות HDPE הברגה חיצונית 20×3/4×20,מחברי HDPE,AQUATEC,,,,"תיאור: הסתעפות הברגה חיצונית | מידה: 20*3/4""*20","HDPE Male Tee 20×3/4""×20",HDPE Fittings,🔧,9101601241.jpg,,,
9102010011,"מצמד HDPE הברגה חיצונית 20×1""",מחברי HDPE,AQUATEC,,,,תיאור: מצמד הברגה חיצונית,"HDPE Male Thread Coupler 20×1""",HDPE Fittings,🔧,9101601211.jpg,,,
910250080,מצמד HDPE 20×25,מחברי HDPE,AQUATEC,,,,מידה: 20*25 | תיאור: מצמד,HDPE Coupler 20×25,HDPE Fittings,🔧,9101601610.jpg,,,
9102501210,"מצמד HDPE הברגה פנימית 25×1/2""",מחברי HDPE,AQUATEC,,,,"מידה: 25*1/2"" | תיאור: מצמד הברגה פנימית","HDPE Female Thread Coupler 25×1/2""",HDPE Fittings,🔧,9101601210.jpg,,,
9102501211,"מצמד HDPE הברגה חיצונית 25×1/2""",מחברי HDPE,AQUATEC,,,,"מידה: 25*1/2"" | תיאור: מצמד הברגה חיצונית","HDPE Male Thread Coupler 25×1/2""",HDPE Fittings,🔧,9101601211.jpg,,,
9102501230,"זווית HDPE הברגה פנימית 25×1/2""",מחברי HDPE,AQUATEC,,,,"מידה: 25*""1/2 | תיאור: זוית הברגה פנימית","HDPE Female Thread Elbow 25×1/2""",HDPE Fittings,🔧,9101601232.jpg,,,
9102501231,"זווית HDPE הברגה חיצונית 25×1/2""",מחברי HDPE,AQUATEC,,,,"מידה: 25*1/2"" | תיאור: זוית הברגה חיצונית","HDPE Male Thread Elbow 25×1/2""",HDPE Fittings,🔧,9101601231.jpg,,,
9102501240,הסתעפות HDPE הברגה פנימית 25×1/2×25,מחברי HDPE,AQUATEC,,,,תיאור: הסתעפות הברגה פנימית | מידה: 25*1/2*25,"HDPE Female Tee 25×1/2""×25",HDPE Fittings,🔧,9101601240.jpg,,,
9102501241,הסתעפות HDPE הברגה חיצונית 25×1/2×25,מחברי HDPE,AQUATEC,,,,"תיאור: הסתעפות הברגה חיצונית | מידה: 25*1/2""*25","HDPE Male Tee 25×1/2""×25",HDPE Fittings,🔧,9101601241.jpg,,,
9102502510,מצמד HDPE 25×25,מחברי HDPE,AQUATEC,,,,מידה: 25*25 | תיאור: מצמד,HDPE Coupler 25×25,HDPE Fittings,🔧,9101601610.jpg,,,
9102502540,הסתעפות HDPE דו כיווני 25×25×25,מחברי HDPE,AQUATEC,,,,תצורה: דו כיווני | מידה: 25*25*25 | תיאור: הסתעפות,HDPE Equal Tee 25×25×25,HDPE Fittings,🔧,9101601640.jpg,,,
9102503410,"מצמד HDPE הברגה פנימית 25×3/4""",מחברי HDPE,AQUATEC,,,,"מידה: 25*3/4"" | תיאור: מצמד הברגה פנימית","HDPE Female Thread Coupler 25×3/4""",HDPE Fittings,🔧,9101601210.jpg,,,
9102503411,"מצמד HDPE הברגה חיצונית 25×3/4""",מחברי HDPE,AQUATEC,,,,"מידה: 25*3/4"" | תיאור: מצמד הברגה חיצונית","HDPE Male Thread Coupler 25×3/4""",HDPE Fittings,🔧,9101601211.jpg,,,
9102503430,"זווית HDPE הברגה פנימית 25×3/4""",מחברי HDPE,AQUATEC,,,,"מידה: 25*""3/4 | תיאור: זוית הברגה פנימית","HDPE Female Thread Elbow 25×3/4""",HDPE Fittings,🔧,9101601232.jpg,,,
9102503431,"זווית HDPE הברגה חיצונית 25×3/4""",מחברי HDPE,AQUATEC,,,,"מידה: 25*3/4"" | תיאור: זוית הברגה חיצונית","HDPE Male Thread Elbow 25×3/4""",HDPE Fittings,🔧,9101601231.jpg,,,
9102503440,הסתעפות HDPE הברגה פנימית 25×3/4×25,מחברי HDPE,AQUATEC,,,,"תיאור: הסתעפות הברגה פנימית | מידה: 25*3/4""*25","HDPE Female Tee 25×3/4""×25",HDPE Fittings,🔧,9101601240.jpg,,,
9102503441,הסתעפות HDPE הברגה חיצונית 25×3/4×25,מחברי HDPE,AQUATEC,,,,"תיאור: הסתעפות הברגה חיצונית | מידה: 25*3/4""*25","HDPE Male Tee 25×3/4""×25",HDPE Fittings,🔧,9101601241.jpg,,,
9102510010,"מצמד HDPE הברגה פנימית 25×1""",מחברי HDPE,AQUATEC,,,,"מידה: 25*1"" | תיאור: מצמד הברגה פנימית","HDPE Female Thread Coupler 25×1""",HDPE Fittings,🔧,9101601210.jpg,,,
9102510011,"מצמד HDPE הברגה חיצונית 25×1""",מחברי HDPE,AQUATEC,,,,מידה: 25*1 | תיאור: מצמד הברגה חיצונית,"HDPE Male Thread Coupler 25×1""",HDPE Fittings,🔧,9101601211.jpg,,,
9102510030,"זווית HDPE הברגה פנימית 25×1""",מחברי HDPE,AQUATEC,,,,מידה: 25*1 | תיאור: זוית הברגה פנימית,"HDPE Female Thread Elbow 25×1""",HDPE Fittings,🔧,9101601232.jpg,,,
9102510031,"זווית HDPE הברגה חיצונית 25×1""",מחברי HDPE,AQUATEC,,,,"מידה: 25*1"" | תיאור: זוית הברגה חיצונית","HDPE Male Thread Elbow 25×1""",HDPE Fittings,🔧,9101601231.jpg,,,
9102510040,הסתעפות HDPE הברגה פנימית 25×1×25,מחברי HDPE,AQUATEC,,,,תיאור: הסתעפות הברגה פנימית | מידה: 25*1*25,"HDPE Female Tee 25×1""×25",HDPE Fittings,🔧,9101601240.jpg,,,
9102510041,הסתעפות HDPE הברגה חיצונית 25×1×25,מחברי HDPE,AQUATEC,,,,תיאור: הסתעפות הברגה חיצונית | מידה: 25*1*25,"HDPE Male Tee 25×1""×25",HDPE Fittings,🔧,9101601241.jpg,,,
9103201211,"מצמד HDPE הברגה חיצונית 32×1/2""",מחברי HDPE,AQUATEC,,,,"מידה: 32*1/2"" | תיאור: מצמד הברגה חיצונית","HDPE Male Thread Coupler 32×1/2""",HDPE Fittings,🔧,9101601211.jpg,,,
9103201241,הסתעפות HDPE הברגה חיצונית 32×1/2×32,מחברי HDPE,AQUATEC,,,,"תיאור: הסתעפות הברגה חיצונית | מידה: 32*1/2""*32","HDPE Male Tee 32×1/2""×32",HDPE Fittings,🔧,9101601241.jpg,,,
9103202580,מצמד HDPE 32×25,מחברי HDPE,AQUATEC,,,,מידה: 32*25 | תיאור: מצמד,HDPE Coupler 32×25,HDPE Fittings,🔧,9101601610.jpg,,,
9103203210,מצמד HDPE 32×32,מחברי HDPE,AQUATEC,,,,מידה: 32*32 | תיאור: מצמד,HDPE Coupler 32×32,HDPE Fittings,🔧,9101601610.jpg,,,
9103203240,הסתעפות HDPE דו כיווני 32×32×32,מחברי HDPE,AQUATEC,,,,תצורה: דו כיווני | מידה: 32*32*32 | תיאור: הסתעפות,HDPE Equal Tee 32×32×32,HDPE Fittings,🔧,9101601640.jpg,,,
9103203410,"מצמד HDPE הברגה פנימית 32×3/4""",מחברי HDPE,AQUATEC,,,,"מידה: 32*3/4"" | תיאור: מצמד הברגה פנימית","HDPE Female Thread Coupler 32×3/4""",HDPE Fittings,🔧,9101601210.jpg,,,
9103203411,"מצמד HDPE הברגה חיצונית 32×3/4""",מחברי HDPE,AQUATEC,,,,"מידה: 32*3/4"" | תיאור: מצמד הברגה חיצונית","HDPE Male Thread Coupler 32×3/4""",HDPE Fittings,🔧,9101601211.jpg,,,
9103203430,"זווית HDPE הברגה פנימית 32×3/4""",מחברי HDPE,AQUATEC,,,,"מידה: 32*""3/4 | תיאור: זוית הברגה פנימית","HDPE Female Thread Elbow 32×3/4""",HDPE Fittings,🔧,9101601232.jpg,,,
9103203431,"זווית HDPE הברגה חיצונית 32×3/4""",מחברי HDPE,AQUATEC,,,,"מידה: 32*3/4"" | תיאור: זוית הברגה חיצונית","HDPE Male Thread Elbow 32×3/4""",HDPE Fittings,🔧,9101601231.jpg,,,
9103203440,הסתעפות HDPE הברגה פנימית 32×3/4×32,מחברי HDPE,AQUATEC,,,,"תיאור: הסתעפות הברגה פנימית | מידה: 32*3/4""*32","HDPE Female Tee 32×3/4""×32",HDPE Fittings,🔧,9101601240.jpg,,,
9103203441,הסתעפות HDPE הברגה חיצונית 32×3/4×32,מחברי HDPE,AQUATEC,,,,"תיאור: הסתעפות הברגה חיצונית | מידה: 32*3/4""*32","HDPE Male Tee 32×3/4""×32",HDPE Fittings,🔧,9101601241.jpg,,,
9103210010,"מצמד HDPE הברגה פנימית 32×1""",מחברי HDPE,AQUATEC,,,,"מידה: 32*1"" | תיאור: מצמד הברגה פנימית","HDPE Female Thread Coupler 32×1""",HDPE Fittings,🔧,9101601210.jpg,,,
9103210011,"מצמד HDPE הברגה חיצונית 32×1""",מחברי HDPE,AQUATEC,,,,מידה: 32*1 | תיאור: מצמד הברגה חיצונית,"HDPE Male Thread Coupler 32×1""",HDPE Fittings,🔧,9101601211.jpg,,,
9103210030,"זווית HDPE הברגה פנימית 32×1""",מחברי HDPE,AQUATEC,,,,מידה: 32*1 | תיאור: זוית הברגה פנימית,"HDPE Female Thread Elbow 32×1""",HDPE Fittings,🔧,9101601232.jpg,,,
9103210031,"זווית HDPE הברגה חיצונית 32×1""",מחברי HDPE,AQUATEC,,,,"מידה: 32*1"" | תיאור: זוית הברגה חיצונית","HDPE Male Thread Elbow 32×1""",HDPE Fittings,🔧,9101601231.jpg,,,
9103210040,הסתעפות HDPE הברגה פנימית 32×1×32,מחברי HDPE,AQUATEC,,,,תיאור: הסתעפות הברגה פנימית | מידה: 32*1*32,"HDPE Female Tee 32×1""×32",HDPE Fittings,🔧,9101601240.jpg,,,
9103210041,הסתעפות HDPE הברגה חיצונית 32×1×32,מחברי HDPE,AQUATEC,,,,תיאור: הסתעפות הברגה חיצונית | מידה: 32*1*32,"HDPE Male Tee 32×1""×32",HDPE Fittings,🔧,9101601241.jpg,,,
9103211210,"מצמד HDPE הברגה פנימית 32×11/2""",מחברי HDPE,AQUATEC,,,,"מידה: 32*1 1/2"" | תיאור: מצמד הברגה פנימית","HDPE Female Thread Coupler 32×1½""",HDPE Fittings,🔧,9101601210.jpg,,,
9103211211,"מצמד HDPE הברגה חיצונית 32×11/2""",מחברי HDPE,AQUATEC,,,,"מידה: 32*1 1/2"" | תיאור: מצמד הברגה חיצונית","HDPE Male Thread Coupler 32×1½""",HDPE Fittings,🔧,9101601211.jpg,,,
9103211411,"מצמד HDPE הברגה חיצונית 32×11/4""",מחברי HDPE,AQUATEC,,,,מידה: 32*1 1/4 | תיאור: מצמד הברגה חיצונית,"HDPE Male Thread Coupler 32×1¼""",HDPE Fittings,🔧,9101601211.jpg,,,
9104002580,מצמד HDPE 40×25,מחברי HDPE,AQUATEC,,,,מידה: 40*25 | תיאור: מצמד,HDPE Coupler 40×25,HDPE Fittings,🔧,9101601610.jpg,,,
9104003240,הסתעפות HDPE דו כיווני 40×32×40,מחברי HDPE,AQUATEC,,,,תצורה: דו כיווני | מידה: 40*32*40 | תיאור: הסתעפות,HDPE Reducing Tee 40×32×40,HDPE Fittings,🔧,9101601640.jpg,,,
9104003280,מצמד HDPE 32×40,מחברי HDPE,AQUATEC,,,,מידה: 32*40 | תיאור: מצמד,HDPE Coupler 32×40,HDPE Fittings,🔧,9101601610.jpg,,,
9104004010,מצמד HDPE 40×40,מחברי HDPE,AQUATEC,,,,מידה: 40*40 | תיאור: מצמד,HDPE Coupler 40×40,HDPE Fittings,🔧,9101601610.jpg,,,
9104004040,הסתעפות HDPE דו כיווני 40×40×40,מחברי HDPE,AQUATEC,,,,תצורה: דו כיווני | מידה: 40*40*40 | תיאור: הסתעפות,HDPE Equal Tee 40×40×40,HDPE Fittings,🔧,9101601640.jpg,,,
9104010010,"מצמד HDPE הברגה פנימית 40×1""",מחברי HDPE,AQUATEC,,,,"מידה: 40*1"" | תיאור: מצמד הברגה פנימית","HDPE Female Thread Coupler 40×1""",HDPE Fittings,🔧,9101601210.jpg,,,
9104010011,"מצמד HDPE הברגה חיצונית 40×1""",מחברי HDPE,AQUATEC,,,,מידה: 40*1 | תיאור: מצמד הברגה חיצונית,"HDPE Male Thread Coupler 40×1""",HDPE Fittings,🔧,9101601211.jpg,,,
9104011210,"מצמד HDPE הברגה פנימית 40×11/2""",מחברי HDPE,AQUATEC,,,,"מידה: 40*1 1/2"" | תיאור: מצמד הברגה פנימית","HDPE Female Thread Coupler 40×1½""",HDPE Fittings,🔧,9101601210.jpg,,,
9104011211,"מצמד HDPE הברגה חיצונית 40×11/2""",מחברי HDPE,AQUATEC,,,,"מידה: 40*1 1/2"" | תיאור: מצמד הברגה חיצונית","HDPE Male Thread Coupler 40×1½""",HDPE Fittings,🔧,9101601211.jpg,,,
9104011230,"זווית HDPE הברגה פנימית 40×11/2""",מחברי HDPE,AQUATEC,,,,"מידה: 40*""11/2 | תיאור: זוית הברגה פנימית","HDPE Female Thread Elbow 40×1½""",HDPE Fittings,🔧,9101601232.jpg,,,
9104011231,"זווית HDPE הברגה חיצונית 40×11/2""",מחברי HDPE,AQUATEC,,,,"מידה: 40*1 1/2"" | תיאור: זוית הברגה חיצונית","HDPE Male Thread Elbow 40×1½""",HDPE Fittings,🔧,9101601231.jpg,,,
9104011240,הסתעפות HDPE הברגה פנימית 40×11/2×40,מחברי HDPE,AQUATEC,,,,"תיאור: הסתעפות הברגה פנימית | מידה: 40*11/2""*40","HDPE Female Tee 40×1½""×40",HDPE Fittings,🔧,9101601240.jpg,,,
9104011241,הסתעפות HDPE הברגה חיצונית 40×1×40,מחברי HDPE,AQUATEC,,,,תיאור: הסתעפות הברגה חיצונית | מידה: 40*1*40,"HDPE Male Tee 40×1""×40",HDPE Fittings,🔧,9101601241.jpg,,,
9104011410,"מצמד HDPE הברגה פנימית 40×11/4""",מחברי HDPE,AQUATEC,,,,"מידה: 40*1 1/4"" | תיאור: מצמד הברגה פנימית","HDPE Female Thread Coupler 40×1¼""",HDPE Fittings,🔧,9101601210.jpg,,,
9104011411,"מצמד HDPE הברגה חיצונית 40×11/4""",מחברי HDPE,AQUATEC,,,,מידה: 40*1 1/4 | תיאור: מצמד הברגה חיצונית,"HDPE Male Thread Coupler 40×1¼""",HDPE Fittings,🔧,9101601211.jpg,,,
9104011430,"זווית HDPE הברגה פנימית 40×11/4""",מחברי HDPE,AQUATEC,,,,מידה: 40*11/4 | תיאור: זוית הברגה פנימית,"HDPE Female Thread Elbow 40×1¼""",HDPE Fittings,🔧,9101601232.jpg,,,
9104011431,"זווית HDPE הברגה חיצונית 40×11/4""",מחברי HDPE,AQUATEC,,,,"מידה: 40*1 1/4"" | תיאור: זוית הברגה חיצונית","HDPE Male Thread Elbow 40×1¼""",HDPE Fittings,🔧,9101601231.jpg,,,
9104011440,הסתעפות HDPE הברגה פנימית 40×11/4×40,מחברי HDPE,AQUATEC,,,,תיאור: הסתעפות הברגה פנימית | מידה: 40*11/4*40,"HDPE Female Tee 40×1¼""×40",HDPE Fittings,🔧,9101601240.jpg,,,
9104011441,הסתעפות HDPE הברגה חיצונית 40×11/4×40,מחברי HDPE,AQUATEC,,,,תיאור: הסתעפות הברגה חיצונית | מידה: 40*11/4*40,"HDPE Male Tee 40×1¼""×40",HDPE Fittings,🔧,9101601241.jpg,,,
9104020011,"מצמד HDPE הברגה חיצונית 40×2""",מחברי HDPE,AQUATEC,,,,מידה: 40*2 | תיאור: מצמד הברגה חיצונית,"HDPE Male Thread Coupler 40×2""",HDPE Fittings,🔧,9101601211.jpg,,,
9105005010,מצמד HDPE 50×50,מחברי HDPE,AQUATEC,,,,מידה: 50*50 | תיאור: מצמד,HDPE Coupler 50×50,HDPE Fittings,🔧,9101601610.jpg,,,
9105005040,הסתעפות HDPE דו כיווני 50×50×50,מחברי HDPE,AQUATEC,,,,תצורה: דו כיווני | מידה: 50*50*50 | תיאור: הסתעפות,HDPE Equal Tee 50×50×50,HDPE Fittings,🔧,9101601640.jpg,,,
9105010011,"מצמד HDPE הברגה חיצונית 50×1""",מחברי HDPE,AQUATEC,,,,מידה: 50*1 | תיאור: מצמד הברגה חיצונית,"HDPE Male Thread Coupler 50×1""",HDPE Fittings,🔧,9101601211.jpg,,,
9105011210,"מצמד HDPE הברגה פנימית 50×11/2""",מחברי HDPE,AQUATEC,,,,"מידה: 50*1 1/2"" | תיאור: מצמד הברגה פנימית","HDPE Female Thread Coupler 50×1½""",HDPE Fittings,🔧,9101601210.jpg,,,
9105011211,"מצמד HDPE הברגה חיצונית 50×11/2""",מחברי HDPE,AQUATEC,,,,"מידה: 50*1 1/2"" | תיאור: מצמד הברגה חיצונית","HDPE Male Thread Coupler 50×1½""",HDPE Fittings,🔧,9101601211.jpg,,,
9105011230,"זווית HDPE הברגה פנימית 50×11/2""",מחברי HDPE,AQUATEC,,,,"מידה: 50*""11/2 | תיאור: זוית הברגה פנימית","HDPE Female Thread Elbow 50×1½""",HDPE Fittings,🔧,9101601232.jpg,,,
9105011231,"זווית HDPE הברגה חיצונית 50×11/2""",מחברי HDPE,AQUATEC,,,,"מידה: 50*1 1/2"" | תיאור: זוית הברגה חיצונית","HDPE Male Thread Elbow 50×1½""",HDPE Fittings,🔧,9101601231.jpg,,,
9105011240,הסתעפות HDPE הברגה פנימית 50×11/2×50,מחברי HDPE,AQUATEC,,,,"תיאור: הסתעפות הברגה פנימית | מידה: 50*11/2""*50","HDPE Female Tee 50×1½""×50",HDPE Fittings,🔧,9101601240.jpg,,,
9105011241,הסתעפות HDPE הברגה חיצונית 50×1×50,מחברי HDPE,AQUATEC,,,,תיאור: הסתעפות הברגה חיצונית,"HDPE Male Tee 50×1""×50",HDPE Fittings,🔧,9101601241.jpg,,,
9105011410,"מצמד HDPE הברגה פנימית 50×11/4""",מחברי HDPE,AQUATEC,,,,"מידה: 50*1 1/4"" | תיאור: מצמד הברגה פנימית","HDPE Female Thread Coupler 50×1¼""",HDPE Fittings,🔧,9101601210.jpg,,,
9105011411,"מצמד HDPE הברגה חיצונית 50×11/4""",מחברי HDPE,AQUATEC,,,,תיאור: מצמד הברגה חיצונית,"HDPE Male Thread Coupler 50×1¼""",HDPE Fittings,🔧,9101601211.jpg,,,
9105020010,"מצמד HDPE הברגה פנימית 50×2""",מחברי HDPE,AQUATEC,,,,"מידה: 50*2"" | תיאור: מצמד הברגה פנימית","HDPE Female Thread Coupler 50×2""",HDPE Fittings,🔧,9101601210.jpg,,,
9105020011,"מצמד HDPE הברגה חיצונית 50×2""",מחברי HDPE,AQUATEC,,,,מידה: 50*2 | תיאור: מצמד הברגה חיצונית,"HDPE Male Thread Coupler 50×2""",HDPE Fittings,🔧,9101601211.jpg,,,
9105020030,"זווית HDPE הברגה פנימית 50×2""",מחברי HDPE,AQUATEC,,,,תיאור: זוית הברגה פנימית,"HDPE Female Thread Elbow 50×2""",HDPE Fittings,🔧,9101601232.jpg,,,
9105020031,"זווית HDPE הברגה חיצונית 50×2""",מחברי HDPE,AQUATEC,,,,"מידה: 50*2"" | תיאור: זוית הברגה חיצונית","HDPE Male Thread Elbow 50×2""",HDPE Fittings,🔧,9101601231.jpg,,,
9105020040,הסתעפות HDPE הברגה פנימית 50×2×50,מחברי HDPE,AQUATEC,,,,תיאור: הסתעפות הברגה פנימית | מידה: 50*2*50,"HDPE Female Tee 50×2""×50",HDPE Fittings,🔧,9101601240.jpg,,,
9105020041,הסתעפות HDPE הברגה חיצונית 50×2×50,מחברי HDPE,AQUATEC,,,,תיאור: הסתעפות הברגה חיצונית | מידה: 50*2*50,"HDPE Male Tee 50×2""×50",HDPE Fittings,🔧,9101601241.jpg,,,
910603440,הסתעפות HDPE הברגה פנימית 16×3/4×16,מחברי HDPE,AQUATEC,,,,תיאור: הסתעפות HDPE הברגה פנימית 16×3/4×16,"HDPE Female Tee 16×3/4""×16",HDPE Fittings,🔧,9101601240.jpg,,,
9106306310,מצמד HDPE 63×63,מחברי HDPE,AQUATEC,,,,מידה: 63*63 | תיאור: מצמד,HDPE Coupler 63×63,HDPE Fittings,🔧,9101601610.jpg,,,
9106306340,הסתעפות HDPE דו כיווני 63×63×63,מחברי HDPE,AQUATEC,,,,תצורה: דו כיווני | מידה: 63*63*63 | תיאור: הסתעפות,HDPE Equal Tee 63×63×63,HDPE Fittings,🔧,9101601640.jpg,,,
9106311210,"מצמד HDPE הברגה פנימית 63×11/2""",מחברי HDPE,AQUATEC,,,,"מידה: 63*1 1/2"" | תיאור: מצמד הברגה פנימית","HDPE Female Thread Coupler 63×1½""",HDPE Fittings,🔧,9101601210.jpg,,,
9106311211,"מצמד HDPE הברגה חיצונית 63×11/2""",מחברי HDPE,AQUATEC,,,,"מידה: 63*1 1/2"" | תיאור: מצמד הברגה חיצונית","HDPE Male Thread Coupler 63×1½""",HDPE Fittings,🔧,9101601211.jpg,,,
9106320010,"מצמד HDPE הברגה פנימית 63×2""",מחברי HDPE,AQUATEC,,,,"מידה: 63*2"" | תיאור: מצמד הברגה פנימית","HDPE Female Thread Coupler 63×2""",HDPE Fittings,🔧,9101601210.jpg,,,
9106320011,"מצמד HDPE הברגה חיצונית 63×2""",מחברי HDPE,AQUATEC,,,,מידה: 63*2 | תיאור: מצמד הברגה חיצונית,"HDPE Male Thread Coupler 63×2""",HDPE Fittings,🔧,9101601211.jpg,,,
9106320030,"זווית HDPE הברגה פנימית 63×2""",מחברי HDPE,AQUATEC,,,,מידה: 63*2 | תיאור: זוית הברגה פנימית,"HDPE Female Thread Elbow 63×2""",HDPE Fittings,🔧,9101601232.jpg,,,
9106320031,"זווית HDPE הברגה חיצונית 63×2""",מחברי HDPE,AQUATEC,,,,תיאור: זוית הברגה חיצונית,"HDPE Male Thread Elbow 63×2""",HDPE Fittings,🔧,9101601231.jpg,,,
9106320040,הסתעפות HDPE הברגה פנימית 63×2×63,מחברי HDPE,AQUATEC,,,,תיאור: הסתעפות הברגה פנימית | מידה: 63*2*63,"HDPE Female Tee 63×2""×63",HDPE Fittings,🔧,9101601240.jpg,,,
9106320041,הסתעפות HDPE הברגה חיצונית 63×2×63,מחברי HDPE,AQUATEC,,,,תיאור: הסתעפות הברגה חיצונית | מידה: 63*2*63,"HDPE Male Tee 63×2""×63",HDPE Fittings,🔧,9101601241.jpg,,,
9106321210,"מצמד HDPE הברגה פנימית 63×21/2""",מחברי HDPE,AQUATEC,,,,"מידה: 63*2 1/2"" | תיאור: מצמד הברגה פנימית","HDPE Female Thread Coupler 63×2½""",HDPE Fittings,🔧,9101601210.jpg,,,
9106321211,"מצמד HDPE הברגה חיצונית 63×21/2""",מחברי HDPE,AQUATEC,,,,מידה: 63*2 1/2 | תיאור: מצמד הברגה חיצונית,"HDPE Male Thread Coupler 63×2½""",HDPE Fittings,🔧,9101601211.jpg,,,
91117002,מצמד PPR 20,מצמדים PPR,פולירול,,,,"D: 29.5 | z: 1.5 | l: 16.0 | d: 20 | מק""ט חוליות: 91117002 | יצרן: Polyroll",PPR Coupler 20,PPR Couplers,🔗,ppr_p22_c.jpg,,,
91117003,מצמד PPR 25,מצמדים PPR,פולירול,,,,"D: 34.0 | z: 1.5 | l: 17.5 | d: 25 | מק""ט חוליות: 91117003 | יצרן: Polyroll",PPR Coupler 25,PPR Couplers,🔗,ppr_p22_c.jpg,,,
91117004,מצמד PPR 32,מצמדים PPR,פולירול,,,,"D: 43.0 | z: 2.25 | l: 20.25 | d: 32 | מק""ט חוליות: 91117004 | יצרן: Polyroll",PPR Coupler 32,PPR Couplers,🔗,ppr_p22_c.jpg,,,
91117005,מצמד PPR 40,מצמדים PPR,פולירול,,,,"D: 52.0 | z: 3.25 | l: 23.75 | d: 40 | מק""ט חוליות: 91117005 | יצרן: Polyroll",PPR Coupler 40,PPR Couplers,🔗,ppr_p22_c.jpg,,,
91117006,מצמד PPR 50,מצמדים PPR,פולירול,,,,"D: 68.0 | z: 3.0 | l: 26.5 | d: 50 | מק""ט חוליות: 91117006 | יצרן: Polyroll",PPR Coupler 50,PPR Couplers,🔗,ppr_p22_c.jpg,,,
91117007,מצמד PPR 63,מצמדים PPR,פולירול,,,,"D: 84.0 | z: 2.75 | l: 30.25 | d: 63 | מק""ט חוליות: 91117007 | יצרן: Polyroll",PPR Coupler 63,PPR Couplers,🔗,ppr_p22_c.jpg,,,
91117008,מצמד PPR 75,מצמדים PPR,פולירול,,,,"D: 100.0 | z: 3.25 | l: 33.25 | d: 75 | מק""ט חוליות: 91117008 | יצרן: Polyroll",PPR Coupler 75,PPR Couplers,🔗,ppr_p22_c.jpg,,,
91117009,מצמד PPR 90,מצמדים PPR,פולירול,,,,"D: 120.0 | z: 3.25 | l: 36.25 | d: 90 | מק""ט חוליות: 91117009 | יצרן: Polyroll",PPR Coupler 90,PPR Couplers,🔗,ppr_p22_c.jpg,,,
91117010,מצמד PPR 110,מצמדים PPR,פולירול,,,,"D: 147.0 | z: 4.0 | l: 41.0 | d: 110 | מק""ט חוליות: 91117010 | יצרן: Polyroll",PPR Coupler 110,PPR Couplers,🔗,ppr_p22_c.jpg,,,
91117012,מצמד PPR 125,מצמדים PPR,פולירול,,,,"D: 167.0 | z: 5.0 | l: 45.0 | d: 125 | מק""ט חוליות: 91117012 | יצרן: Polyroll",PPR Coupler 125,PPR Couplers,🔗,ppr_p22_c.jpg,,,
91517603,מצמד PPR פ.ח מצרה 25/20,מצמדים PPR,פולירול,,,,"D: 29.5 | z: 24.0 | l: 38.5 | d1: 20 | d: 25 | מק""ט חוליות: 91517603 | יצרן: Polyroll",PPR Coupler 25/20,PPR Couplers,🔗,ppr_p23_a.jpg,,,
91517605,מצמד PPR פ.ח מצרה 32/20,מצמדים PPR,פולירול,,,,"D: 29.5 | z: 23.0 | l: 37.5 | d1: 20 | d: 32 | מק""ט חוליות: 91517605 | יצרן: Polyroll",PPR Coupler 32/20,PPR Couplers,🔗,ppr_p23_a.jpg,,,
91517606,מצמד PPR פ.ח מצרה 32/25,מצמדים PPR,פולירול,,,,"D: 34.0 | z: 22.0 | l: 38.0 | d1: 25 | d: 32 | מק""ט חוליות: 91517606 | יצרן: Polyroll",PPR Coupler 32/25,PPR Couplers,🔗,ppr_p23_a.jpg,,,
91517608,מצמד PPR פ.ח מצרה 40/20,מצמדים PPR,פולירול,,,,"D: 29.5 | z: 30.5 | l: 45.0 | d1: 20 | d: 40 | מק""ט חוליות: 91517608 | יצרן: Polyroll",PPR Coupler 40/20,PPR Couplers,🔗,ppr_p23_a.jpg,,,
91517609,מצמד PPR פ.ח מצרה 40/25,מצמדים PPR,פולירול,,,,"z: 34.0 | l: 34.0 | d1: 50.0 | d: 25 | מק""ט חוליות: 91517609 | יצרן: Polyroll",PPR Coupler 40/25,PPR Couplers,🔗,ppr_p23_a.jpg,,,
91517610,מצמד PPR פ.ח מצרה 40/32,מצמדים PPR,פולירול,,,,"D: 43.0 | z: 32.0 | l: 50.0 | d1: 32 | d: 40 | מק""ט חוליות: 91517610 | יצרן: Polyroll",PPR Coupler 40/32,PPR Couplers,🔗,ppr_p23_a.jpg,,,
91517612,מצמד PPR פ.ח מצרה 50/20,מצמדים PPR,פולירול,,,,"D: 29.5 | z: 40.5 | l: 55.0 | d1: 20 | d: 50 | מק""ט חוליות: 91517612 | יצרן: Polyroll",PPR Coupler 50/20,PPR Couplers,🔗,ppr_p23_a.jpg,,,
91517613,מצמד PPR פ.ח מצרה 50/25,מצמדים PPR,פולירול,,,,"D: 34.0 | z: 39.0 | l: 55.0 | d1: 25 | d: 50 | מק""ט חוליות: 91517613 | יצרן: Polyroll",PPR Coupler 50/25,PPR Couplers,🔗,ppr_p23_a.jpg,,,
91517614,מצמד PPR פ.ח מצרה 50/32,מצמדים PPR,פולירול,,,,"D: 43.0 | z: 36.0 | l: 54.0 | d1: 32 | d: 50 | מק""ט חוליות: 91517614 | יצרן: Polyroll",PPR Coupler 50/32,PPR Couplers,🔗,ppr_p23_a.jpg,,,
91517615,מצמד PPR פ.ח מצרה 50/40,מצמדים PPR,פולירול,,,,"D: 52.0 | z: 32.0 | l: 52.5 | d1: 40 | d: 50 | מק""ט חוליות: 91517615 | יצרן: Polyroll",PPR Coupler 50/40,PPR Couplers,🔗,ppr_p23_a.jpg,,,
91517617,מצמד PPR פ.ח מצרה 63/20,מצמדים PPR,פולירול,,,,"D: 29.5 | z: 50.5 | l: 65.0 | d1: 20 | d: 63 | מק""ט חוליות: 91517617 | יצרן: Polyroll",PPR Coupler 63/20,PPR Couplers,🔗,ppr_p23_a.jpg,,,
91517618,מצמד PPR פ.ח מצרה 63/25,מצמדים PPR,פולירול,,,,"D: 34.0 | z: 49.0 | l: 65.0 | d1: 25 | d: 63 | מק""ט חוליות: 91517618 | יצרן: Polyroll",PPR Coupler 63/25,PPR Couplers,🔗,ppr_p23_a.jpg,,,
91517619,מצמד PPR פ.ח מצרה 63/32,מצמדים PPR,פולירול,,,,"D: 43.0 | z: 44.0 | l: 62.0 | d1: 32 | d: 63 | מק""ט חוליות: 91517619 | יצרן: Polyroll",PPR Coupler 63/32,PPR Couplers,🔗,ppr_p23_a.jpg,,,
91517620,מצמד PPR פ.ח מצרה 63/40,מצמדים PPR,פולירול,,,,"D: 52.0 | z: 44.5 | l: 65.0 | d1: 40 | d: 63 | מק""ט חוליות: 91517620 | יצרן: Polyroll",PPR Coupler 63/40,PPR Couplers,🔗,ppr_p23_a.jpg,,,
91517621,מצמד PPR פ.ח מצרה 63/50,מצמדים PPR,פולירול,,,,"D: 68.0 | z: 40.0 | l: 63.5 | d1: 50 | d: 63 | מק""ט חוליות: 91517621 | יצרן: Polyroll",PPR Coupler 63/50,PPR Couplers,🔗,ppr_p23_a.jpg,,,
91517623,מצמד PPR פ.ח מצרה 75/20,מצמדים PPR,פולירול,,,,"D: 34.5 | z: 51.0 | l: 65.5 | d1: 20 | d: 75 | מק""ט חוליות: 91517623 | יצרן: Polyroll",PPR Coupler 75/20,PPR Couplers,🔗,ppr_p23_a.jpg,,,
91517624,מצמד PPR פ.ח מצרה 75/25,מצמדים PPR,פולירול,,,,"D: 34.5 | z: 49.5 | l: 65.5 | d1: 25 | d: 75 | מק""ט חוליות: 91517624 | יצרן: Polyroll",PPR Coupler 75/25,PPR Couplers,🔗,ppr_p23_a.jpg,,,
91517625,מצמד PPR פ.ח מצרה 75/32,מצמדים PPR,פולירול,,,,"D: 52.0 | z: 51.5 | l: 69.5 | d1: 32 | d: 75 | מק""ט חוליות: 91517625 | יצרן: Polyroll",PPR Coupler 75/32,PPR Couplers,🔗,ppr_p23_a.jpg,,,
91517626,מצמד PPR פ.ח מצרה 75/40,מצמדים PPR,פולירול,,,,"D: 52.0 | z: 49.0 | l: 69.5 | d1: 40 | d: 75 | מק""ט חוליות: 91517626 | יצרן: Polyroll",PPR Coupler 75/40,PPR Couplers,🔗,ppr_p23_a.jpg,,,
91517627,מצמד PPR פ.ח מצרה 75/50,מצמדים PPR,פולירול,,,,"D: 68.0 | z: 39.5 | l: 63.0 | d1: 50 | d: 75 | מק""ט חוליות: 91517627 | יצרן: Polyroll",PPR Coupler 75/50,PPR Couplers,🔗,ppr_p23_a.jpg,,,
91517628,מצמד PPR פ.ח מצרה 75/63,מצמדים PPR,פולירול,,,,"D: 84.0 | z: 43.5 | l: 71.0 | d1: 63 | d: 75 | מק""ט חוליות: 91517628 | יצרן: Polyroll",PPR Coupler 75/63,PPR Couplers,🔗,ppr_p23_a.jpg,,,
91517634,מצמד PPR פ.ח מצרה 90/50,מצמדים PPR,פולירול,,,,"D: 68.0 | z: 51.5 | l: 75.0 | d1: 50 | d: 90 | מק""ט חוליות: 91517634 | יצרן: Polyroll",PPR Coupler 90/50,PPR Couplers,🔗,ppr_p23_a.jpg,,,
91517635,מצמד PPR פ.ח מצרה 90/63,מצמדים PPR,פולירול,,,,"D: 84.0 | z: 50.5 | l: 78.0 | d1: 63 | d: 90 | מק""ט חוליות: 91517635 | יצרן: Polyroll",PPR Coupler 90/63,PPR Couplers,🔗,ppr_p23_a.jpg,,,
91517636,מצמד PPR פ.ח מצרה 90/75,מצמדים PPR,פולירול,,,,"D: 100.0 | z: 51.5 | l: 81.5 | d1: 75 | d: 90 | מק""ט חוליות: 91517636 | יצרן: Polyroll",PPR Coupler 90/75,PPR Couplers,🔗,ppr_p23_a.jpg,,,
91517643,מצמד PPR פ.ח מצרה 110/63,מצמדים PPR,פולירול,,,,"D: 84.0 | z: 58.5 | l: 86.0 | d1: 63 | d: 110 | מק""ט חוליות: 91517643 | יצרן: Polyroll",PPR Coupler 110/63,PPR Couplers,🔗,ppr_p23_a.jpg,,,
91517644,מצמד PPR פ.ח מצרה 110/75,מצמדים PPR,פולירול,,,,"D: 100.0 | z: 59.0 | l: 89.0 | d1: 75 | d: 110 | מק""ט חוליות: 91517644 | יצרן: Polyroll",PPR Coupler 110/75,PPR Couplers,🔗,ppr_p23_a.jpg,,,
91517645,מצמד PPR פ.ח מצרה 110/90,מצמדים PPR,פולירול,,,,"D: 120.0 | z: 66.0 | l: 99.0 | d1: 90 | d: 110 | מק""ט חוליות: 91517645 | יצרן: Polyroll",PPR Coupler 110/90,PPR Couplers,🔗,ppr_p23_a.jpg,,,
91517667,מצמד PPR פ.ח מצרה 125/75,מצמדים PPR,פולירול,,,,"D: 100.0 | z: 71.0 | l: 101.0 | d1: 75 | d: 125 | מק""ט חוליות: 91517667 | יצרן: Polyroll",PPR Coupler 125/75,PPR Couplers,🔗,ppr_p23_a.jpg,,,
91517668,מצמד PPR פ.ח מצרה 125/90,מצמדים PPR,פולירול,,,,"D: 120.0 | z: 66.0 | l: 99.0 | d1: 90 | d: 125 | מק""ט חוליות: 91517668 | יצרן: Polyroll",PPR Coupler 125/90,PPR Couplers,🔗,ppr_p23_a.jpg,,,
91517670,מצמד PPR פ.ח מצרה 125/110,מצמדים PPR,פולירול,,,,"D: 147.0 | z: 75.0 | l: 112.0 | d1: 110 | d: 125 | מק""ט חוליות: 91517670 | יצרן: Polyroll",PPR Coupler 125/110,PPR Couplers,🔗,ppr_p23_a.jpg,,,
91814802,שרוול PPR חשמלי 20,אביזרי ריתוך חשמלי PPR,פולירול,,,,"D: 31.5 | h: 36.0 | l: 35.0 | d: 20 | מק""ט חוליות: 91814802 | יצרן: Polyroll | תיאור: שרוול ריתוך חשמלי",PPR EF Sleeve 20,PPR Electrofusion,⚡,ppr_p33_a.jpg,,,
91814803,שרוול PPR חשמלי 25,אביזרי ריתוך חשמלי PPR,פולירול,,,,"D: 36.5 | h: 38.5 | l: 39.0 | d: 25 | מק""ט חוליות: 91814803 | יצרן: Polyroll | תיאור: שרוול ריתוך חשמלי",PPR EF Sleeve 25,PPR Electrofusion,⚡,ppr_p33_a.jpg,,,
91814804,שרוול PPR חשמלי 32,אביזרי ריתוך חשמלי PPR,פולירול,,,,"D: 45.0 | h: 42.5 | l: 40.0 | d: 32 | מק""ט חוליות: 91814804 | יצרן: Polyroll | תיאור: שרוול ריתוך חשמלי",PPR EF Sleeve 32,PPR Electrofusion,⚡,ppr_p33_a.jpg,,,
91814805,שרוול PPR חשמלי 40,אביזרי ריתוך חשמלי PPR,פולירול,,,,"D: 54.0 | h: 47.0 | l: 46.0 | d: 40 | מק""ט חוליות: 91814805 | יצרן: Polyroll | תיאור: שרוול ריתוך חשמלי",PPR EF Sleeve 40,PPR Electrofusion,⚡,ppr_p33_a.jpg,,,
91814806,שרוול PPR חשמלי 50,אביזרי ריתוך חשמלי PPR,פולירול,,,,"D: 65.0 | h: 52.0 | l: 51.5 | d: 50 | מק""ט חוליות: 91814806 | יצרן: Polyroll | תיאור: שרוול ריתוך חשמלי",PPR EF Sleeve 50,PPR Electrofusion,⚡,ppr_p33_a.jpg,,,
91814807,שרוול PPR חשמלי 63,אביזרי ריתוך חשמלי PPR,פולירול,,,,"D: 81.5 | h: 58.0 | l: 59.0 | d: 63 | מק""ט חוליות: 91814807 | יצרן: Polyroll | תיאור: שרוול ריתוך חשמלי",PPR EF Sleeve 63,PPR Electrofusion,⚡,ppr_p33_a.jpg,,,
91814808,שרוול PPR חשמלי 75,אביזרי ריתוך חשמלי PPR,פולירול,,,,"D: 96.0 | h: 64.5 | l: 65.0 | d: 75 | מק""ט חוליות: 91814808 | יצרן: Polyroll | תיאור: שרוול ריתוך חשמלי",PPR EF Sleeve 75,PPR Electrofusion,⚡,ppr_p33_a.jpg,,,
91814809,שרוול PPR חשמלי 90,אביזרי ריתוך חשמלי PPR,פולירול,,,,"D: 113.5 | h: 72.0 | l: 72.5 | d: 90 | מק""ט חוליות: 91814809 | יצרן: Polyroll | תיאור: שרוול ריתוך חשמלי",PPR EF Sleeve 90,PPR Electrofusion,⚡,ppr_p33_a.jpg,,,
91814810,שרוול PPR חשמלי 110,אביזרי ריתוך חשמלי PPR,פולירול,,,,"D: 139.0 | h: 82.5 | l: 80.0 | d: 110 | מק""ט חוליות: 91814810 | יצרן: Polyroll | תיאור: שרוול ריתוך חשמלי",PPR EF Sleeve 110,PPR Electrofusion,⚡,ppr_p33_a.jpg,,,
91814811,שרוול PPR חשמלי 125,אביזרי ריתוך חשמלי PPR,פולירול,,,,"D: 156.0 | h: 90.0 | l: 86.0 | d: 125 | מק""ט חוליות: 91814811 | יצרן: Polyroll | תיאור: שרוול ריתוך חשמלי",PPR EF Sleeve 125,PPR Electrofusion,⚡,ppr_p33_a.jpg,,,
91814813,שרוול PPR חשמלי 160,אביזרי ריתוך חשמלי PPR,פולירול,,,,"D: 197 | h: 109.5 | l: 93 | d: 160 | מק""ט חוליות: 91814813 | יצרן: Polyroll | תיאור: שרוול ריתוך חשמלי",PPR EF Sleeve 160,PPR Electrofusion,⚡,ppr_p33_a.jpg,,,
91814814,שרוול PPRCT חשמלי 200,אביזרי ריתוך חשמלי PPR,פולירול,,,,"D: 243 | h: 134 | l: 105 | d: 200 | חומר: PPRCT | מק""ט חוליות: 91814814 | יצרן: Polyroll | תיאור: שרוול ריתוך חשמלי",PPR EF Sleeve 200,PPR Electrofusion,⚡,ppr_ef.jpg,,,
91814815,שרוול PPRCT חשמלי 250,אביזרי ריתוך חשמלי PPR,פולירול,,,,"D: 315 | h: 170 | l: 125 | d: 250 | חומר: PPRCT | מק""ט חוליות: 91814815 | יצרן: Polyroll | תיאור: שרוול ריתוך חשמלי",PPR EF Sleeve 250,PPR Electrofusion,⚡,ppr_ef.jpg,,,
920014131,פקק PPRCT פנים 160,פקקים PPR,פולירול,,,,"d: 130.8 | z: 14.6 | I: 70 | D: 160 | SD: 11 | חומר: PPRCT | מק""ט חוליות: 920014131 | יצרן: Polyroll",PPR Plug 160,PPR Plugs,🔘,ppr_plug.jpg,,,
920014135,פקק PPRCT פנים 200,פקקים PPR,פולירול,,,,"d: 163.6 | z: 18.2 | I: 80 | D: 200 | SD: 11 | חומר: PPRCT | מק""ט חוליות: 920014135 | יצרן: Polyroll",PPR Plug 200,PPR Plugs,🔘,ppr_plug.jpg,,,
920014139,פקק PPRCT פנים 250,פקקים PPR,פולירול,,,,"d: 204.6 | z: 22.7 | I: 90 | D: 250 | SD: 11 | חומר: PPRCT | מק""ט חוליות: 920014139 | יצרן: Polyroll",PPR Plug 250,PPR Plugs,🔘,ppr_plug.jpg,,,
92117042,ברך PPR 90° פ.פ 20,ברכיים PPR,פולירול,,,,"D: 29.5 | I: 25.5 | z: 11.0 | d: 20 | מק""ט חוליות: 92117042 | יצרן: Polyroll",PPR Elbow 20,PPR Elbows,↪️,ppr_p19_b.jpg,,,
92117043,ברך PPR 90° פ.פ 25,ברכיים PPR,פולירול,,,,"D: 34.0 | I: 29.5 | z: 13.5 | d: 25 | מק""ט חוליות: 92117043 | יצרן: Polyroll",PPR Elbow 25,PPR Elbows,↪️,ppr_p19_b.jpg,,,
92117044,ברך PPR 90° פ.פ 32,ברכיים PPR,פולירול,,,,"D: 43.0 | I: 35.0 | z: 17.0 | d: 32 | מק""ט חוליות: 92117044 | יצרן: Polyroll",PPR Elbow 32,PPR Elbows,↪️,ppr_p19_b.jpg,,,
92117045,ברך PPR 90° פ.פ 40,ברכיים PPR,פולירול,,,,"D: 52.0 | I: 41.5 | z: 21.0 | d: 40 | מק""ט חוליות: 92117045 | יצרן: Polyroll",PPR Elbow 40,PPR Elbows,↪️,ppr_p19_b.jpg,,,
92117046,ברך PPR 90° פ.פ 50,ברכיים PPR,פולירול,,,,"D: 68.0 | I: 49.5 | z: 26.0 | d: 50 | מק""ט חוליות: 92117046 | יצרן: Polyroll",PPR Elbow 50,PPR Elbows,↪️,ppr_p19_b.jpg,,,
92117047,ברך PPR 90° פ.פ 63,ברכיים PPR,פולירול,,,,"D: 84.0 | I: 60.0 | z: 32.5 | d: 63 | מק""ט חוליות: 92117047 | יצרן: Polyroll",PPR Elbow 63,PPR Elbows,↪️,ppr_p19_b.jpg,,,
92117048,ברך PPR 90° פ.פ 75,ברכיים PPR,פולירול,,,,"D: 100.0 | I: 68.5 | z: 38.5 | d: 75 | מק""ט חוליות: 92117048 | יצרן: Polyroll",PPR Elbow 75,PPR Elbows,↪️,ppr_p19_b.jpg,,,
92117049,ברך PPR 90° פ.פ 90,ברכיים PPR,פולירול,,,,"D: 120.0 | I: 79.0 | z: 46.0 | d: 90 | מק""ט חוליות: 92117049 | יצרן: Polyroll",PPR Elbow 90,PPR Elbows,↪️,ppr_p19_b.jpg,,,
92117050,ברך PPR 90° פ.פ 110,ברכיים PPR,פולירול,,,,"D: 147.0 | I: 93.0 | z: 56.0 | d: 110 | מק""ט חוליות: 92117050 | יצרן: Polyroll",PPR Elbow 110,PPR Elbows,↪️,ppr_p19_b.jpg,,,
92117051,ברך PPR 90° פ.פ 125,ברכיים PPR,פולירול,,,,"D: 167.0 | I: 116.5 | z: 76.5 | d: 125 | מק""ט חוליות: 92117051 | יצרן: Polyroll",PPR Elbow 125,PPR Elbows,↪️,ppr_p19_b.jpg,,,
92117102,ברך PPR 45° פ.פ 20,ברכיים PPR,פולירול,,,,"D: 29.5 | I: 19.5 | z: 5.0 | d: 20 | מק""ט חוליות: 92117102 | יצרן: Polyroll",PPR Elbow 20,PPR Elbows,↪️,ppr_p19_a.jpg,,,
92117103,ברך PPR 45° פ.פ 25,ברכיים PPR,פולירול,,,,"D: 34.0 | I: 22.0 | z: 6.0 | d: 25 | מק""ט חוליות: 92117103 | יצרן: Polyroll",PPR Elbow 25,PPR Elbows,↪️,ppr_p19_a.jpg,,,
92117104,ברך PPR 45° פ.פ 32,ברכיים PPR,פולירול,,,,"D: 43.0 | I: 25.5 | z: 7.5 | d: 32 | מק""ט חוליות: 92117104 | יצרן: Polyroll",PPR Elbow 32,PPR Elbows,↪️,ppr_p19_a.jpg,,,
92117105,ברך PPR 45° פ.פ 40,ברכיים PPR,פולירול,,,,"D: 52.0 | I: 30.0 | z: 9.5 | d: 40 | מק""ט חוליות: 92117105 | יצרן: Polyroll",PPR Elbow 40,PPR Elbows,↪️,ppr_p19_a.jpg,,,
92117106,ברך PPR 45° פ.פ 50,ברכיים PPR,פולירול,,,,"D: 68.0 | I: 35.0 | z: 11.5 | d: 50 | מק""ט חוליות: 92117106 | יצרן: Polyroll",PPR Elbow 50,PPR Elbows,↪️,ppr_p19_a.jpg,,,
92117107,ברך PPR 45° פ.פ 63,ברכיים PPR,פולירול,,,,"D: 84.0 | I: 41.5 | z: 14.0 | d: 63 | מק""ט חוליות: 92117107 | יצרן: Polyroll",PPR Elbow 63,PPR Elbows,↪️,ppr_p19_a.jpg,,,
92117108,ברך PPR 45° פ.פ 75,ברכיים PPR,פולירול,,,,"D: 100.0 | I: 46.5 | z: 16.5 | d: 75 | מק""ט חוליות: 92117108 | יצרן: Polyroll",PPR Elbow 75,PPR Elbows,↪️,ppr_p19_a.jpg,,,
92117109,ברך PPR 45° פ.פ 90,ברכיים PPR,פולירול,,,,"D: 120.0 | I: 52.5 | z: 19.5 | d: 90 | מק""ט חוליות: 92117109 | יצרן: Polyroll",PPR Elbow 90,PPR Elbows,↪️,ppr_p19_b.jpg,,,
92117110,ברך PPR 45° פ.פ 110,ברכיים PPR,פולירול,,,,"D: 147.0 | I: 60.5 | z: 23.5 | d: 110 | מק""ט חוליות: 92117110 | יצרן: Polyroll",PPR Elbow 110,PPR Elbows,↪️,ppr_p19_a.jpg,,,
92117111,ברך PPR 45° פ.פ 125,ברכיים PPR,פולירול,,,,"D: 167.0 | I: 67.0 | z: 27.0 | d: 125 | מק""ט חוליות: 92117111 | יצרן: Polyroll",PPR Elbow 125,PPR Elbows,↪️,ppr_p19_a.jpg,,,
921912531,ברך PPRCT 45° פ.פ 160,ברכיים PPR,פולירול,,,,"z: 95 | d: 160 | SD: 11 | חומר: PPRCT | מק""ט חוליות: 921912531 | יצרן: Polyroll",PPR Elbow 160,PPR Elbows,↪️,ppr_elbow_45.jpg,,,
922012535,ברך PPRCT 45° פ.פ 200,ברכיים PPR,פולירול,,,,"z: 274 | d: 200 | SD: 11 | חומר: PPRCT | מק""ט חוליות: 922012535 | יצרן: Polyroll",PPR Elbow 200,PPR Elbows,↪️,ppr_elbow_45.jpg,,,
922012539,ברך PPRCT 45° פ.פ 250,ברכיים PPR,פולירול,,,,"z: 412 | d: 250 | SD: 11 | חומר: PPRCT | מק""ט חוליות: 922012539 | יצרן: Polyroll",PPR Elbow 250,PPR Elbows,↪️,ppr_elbow_45.jpg,,,
922512134,ברך PPRCT 90° פ.פ 200,ברכיים PPR,פולירול,,,,"z: 175 | d: 200 | SD: 17.6 | חומר: PPRCT | מק""ט חוליות: 922512134 | יצרן: Polyroll",PPR Elbow 200,PPR Elbows,↪️,ppr_elbow_90.jpg,,,
922512534,ברך PPRCT 45° פ.פ 200,ברכיים PPR,פולירול,,,,"z: 274 | d: 200 | SD: 17.6 | חומר: PPRCT | מק""ט חוליות: 922512534 | יצרן: Polyroll",PPR Elbow 200,PPR Elbows,↪️,ppr_elbow_45.jpg,,,
922514130,פקק PPRCT פנים 160,פקקים PPR,פולירול,,,,"d: 141.8 | z: 14.6 | I: 70 | D: 160 | SD: 17.6 | חומר: PPRCT | מק""ט חוליות: 922514130 | יצרן: Polyroll",PPR Plug 160,PPR Plugs,🔘,ppr_plug.jpg,,,
922514134,פקק PPRCT פנים 200,פקקים PPR,פולירול,,,,"d: 177.2 | z: 18.2 | I: 80 | D: 200 | SD: 17.6 | חומר: PPRCT | מק""ט חוליות: 922514134 | יצרן: Polyroll",PPR Plug 200,PPR Plugs,🔘,ppr_plug.jpg,,,
922514138,פקק PPRCT פנים 250,פקקים PPR,פולירול,,,,"d: 221.6 | z: 34.2 | I: 90 | D: 250 | SD: 17.6 | חומר: PPRCT | מק""ט חוליות: 922514138 | יצרן: Polyroll",PPR Plug 250,PPR Plugs,🔘,ppr_plug.jpg,,,
92317062,ברך PPR 90° פ.ח 20,ברכיים PPR,פולירול,,,,"D: 29.5 | I1: 25.5 | I: 25.5 | z1: 15.0 | z: 11.0 | מק""ט חוליות: 92317062 | יצרן: Polyroll",PPR Elbow 20,PPR Elbows,↪️,ppr_p20_b.jpg,,,
92317063,ברך PPR 90° פ.ח 25,ברכיים PPR,פולירול,,,,"D: 34.0 | I1: 29.5 | I: 29.5 | z1: 17.0 | z: 13.5 | מק""ט חוליות: 92317063 | יצרן: Polyroll",PPR Elbow 25,PPR Elbows,↪️,ppr_p20_b.jpg,,,
92317064,ברך PPR 90° פ.ח 32,ברכיים PPR,פולירול,,,,"D: 43.0 | I1: 39.0 | I: 35.0 | z1: 21.5 | z: 17.0 | מק""ט חוליות: 92317064 | יצרן: Polyroll",PPR Elbow 32,PPR Elbows,↪️,ppr_p20_b.jpg,,,
92317065,ברך PPR 90° פ.ח 40,ברכיים PPR,פולירול,,,,"D: 52.0 | I1: 45.5 | I: 41.5 | z1: 26.0 | z: 21.0 | d: 40 | מק""ט חוליות: 92317065 | יצרן: Polyroll",PPR Elbow 40,PPR Elbows,↪️,ppr_p20_b.jpg,,,
92317122,ברך PPR 45° פ.ח 20,ברכיים PPR,פולירול,,,,"D: 29.5 | I1: 19.5 | I: 19.5 | z1: 9.0 | z: 5.0 | מק""ט חוליות: 92317122 | יצרן: Polyroll",PPR Elbow 20,PPR Elbows,↪️,ppr_p20_a.jpg,,,
92317123,ברך PPR 45° פ.ח 25,ברכיים PPR,פולירול,,,,"D: 34.0 | I1: 22.0 | I: 22.0 | z1: 8.5 | z: 6.0 | מק""ט חוליות: 92317123 | יצרן: Polyroll",PPR Elbow 25,PPR Elbows,↪️,ppr_p20_a.jpg,,,
92317124,ברך PPR 45° פ.ח 32,ברכיים PPR,פולירול,,,,"D: 43.0 | I1: 28.5 | I: 25.5 | z1: 11.5 | z: 7.5 | מק""ט חוליות: 92317124 | יצרן: Polyroll",PPR Elbow 32,PPR Elbows,↪️,ppr_p20_a.jpg,,,
92317125,ברך PPR 45° פ.ח 40,ברכיים PPR,פולירול,,,,"D: 52.0 | I1: 30.5 | I: 30.0 | z1: 13.5 | z: 9.5 | d: 40 | מק""ט חוליות: 92317125 | יצרן: Polyroll",PPR Elbow 40,PPR Elbows,↪️,ppr_p20_a.jpg,,,
925212138,ברך PPRCT 90° פ.פ 250,ברכיים PPR,פולירול,,,,"z: 220 | d: 250 | SD: 17.6 | חומר: PPRCT | מק""ט חוליות: 925212138 | יצרן: Polyroll",PPR Elbow 250,PPR Elbows,↪️,ppr_elbow_90.jpg,,,
94117202,מסעף PPR 20,מסעפים PPR,פולירול,,,,"D: 29.5 | I: 25.5 | z: 11.0 | d: 20 | מק""ט חוליות: 94117202 | יצרן: Polyroll",PPR Tee 20,PPR Tees,🔱,ppr_p20_c.jpg,,,
94117203,מסעף PPR 25,מסעפים PPR,פולירול,,,,"D: 34.0 | I: 31.0 | z: 15.0 | d: 25 | מק""ט חוליות: 94117203 | יצרן: Polyroll",PPR Tee 25,PPR Tees,🔱,ppr_p20_c.jpg,,,
94117204,מסעף PPR 32,מסעפים PPR,פולירול,,,,"D: 43.0 | I: 35.0 | z: 17.0 | d: 32 | מק""ט חוליות: 94117204 | יצרן: Polyroll",PPR Tee 32,PPR Tees,🔱,ppr_p20_c.jpg,,,
94117205,מסעף PPR 40,מסעפים PPR,פולירול,,,,"D: 52.0 | I: 40.5 | z: 20.0 | d: 40 | מק""ט חוליות: 94117205 | יצרן: Polyroll",PPR Tee 40,PPR Tees,🔱,ppr_p20_c.jpg,,,
94117206,מסעף PPR 50,מסעפים PPR,פולירול,,,,"D: 68.0 | I: 49.5 | z: 26.0 | d: 50 | מק""ט חוליות: 94117206 | יצרן: Polyroll",PPR Tee 50,PPR Tees,🔱,ppr_p20_c.jpg,,,
94117207,מסעף PPR 63,מסעפים PPR,פולירול,,,,"D: 84.0 | I: 60.0 | z: 32.5 | d: 63 | מק""ט חוליות: 94117207 | יצרן: Polyroll",PPR Tee 63,PPR Tees,🔱,ppr_p20_c.jpg,,,
94117208,מסעף PPR 75,מסעפים PPR,פולירול,,,,"D: 100.0 | I: 68.5 | z: 38.5 | d: 75 | מק""ט חוליות: 94117208 | יצרן: Polyroll",PPR Tee 75,PPR Tees,🔱,ppr_p20_c.jpg,,,
94117209,מסעף PPR 90,מסעפים PPR,פולירול,,,,"D: 120.0 | I: 79.0 | z: 46.0 | d: 90 | מק""ט חוליות: 94117209 | יצרן: Polyroll",PPR Tee 90,PPR Tees,🔱,ppr_p20_c.jpg,,,
94117210,מסעף PPR 110,מסעפים PPR,פולירול,,,,"D: 147.0 | I: 93.0 | z: 56.0 | d: 110 | מק""ט חוליות: 94117210 | יצרן: Polyroll",PPR Tee 110,PPR Tees,🔱,ppr_p20_c.jpg,,,
94117212,מסעף PPR 125,מסעפים PPR,פולירול,,,,"D: 167.0 | I: 116.5 | z: 76.5 | d: 125 | מק""ט חוליות: 94117212 | יצרן: Polyroll",PPR Tee 125,PPR Tees,🔱,ppr_p20_c.jpg,,,
94517250,מסעף PPR מצרה 25x20x20,מסעפים PPR,פולירול,,,,"z2: 16.5 | l2: 31.0 | d2: 20 | D1: 34.0 | z1: 16.0 | l1: 30.5 | d1: 20 | D: 34 | z: 15.0 | l: 31.0 | d: 25 | מק""ט חוליות: 94517250 | יצרן: Polyroll",PPR Tee 25x20x20,PPR Tees,🔱,ppr_p21_a.jpg,,,
94517251,מסעף PPR מצרה 20x25x20,מסעפים PPR,פולירול,,,,"z2: 16.5 | l2: 31.0 | d2: 20 | D1: 34.0 | z1: 14.5 | l1: 30.5 | d1: 25 | D: 34 | z: 16.5 | l: 31.0 | d: 20 | מק""ט חוליות: 94517251 | יצרן: Polyroll",PPR Tee 20x25x20,PPR Tees,🔱,ppr_p21_a.jpg,,,
94517254,מסעף PPR מצרה 25x20x25,מסעפים PPR,פולירול,,,,"z2: 15.0 | l2: 31.0 | d2: 25 | D1: 34.0 | z1: 16.0 | l1: 30.5 | d1: 20 | D: 34 | z: 15.0 | l: 31.0 | d: 25 | מק""ט חוליות: 94517254 | יצרן: Polyroll",PPR Tee 25x20x25,PPR Tees,🔱,ppr_p21_a.jpg,,,
94517261,מסעף PPR מצרה 32x20x20,מסעפים PPR,פולירול,,,,"z2: 22.25 | l2: 36.5 | d2: 20 | D1: 43.0 | z1: 22.5 | l1: 37.0 | d1: 20 | D: 43 | z: 18.75 | l: 36.5 | d: 32 | מק""ט חוליות: 94517261 | יצרן: Polyroll",PPR Tee 32x20x20,PPR Tees,🔱,ppr_p21_a.jpg,,,
94517269,מסעף PPR מצרה 32X25X25,מסעפים PPR,פולירול,,,,"d: 32 | d1: 25 | מידה: 32X25X25 | שיטת חיבור: ריתוך שקע מצרה | מק""ט חוליות: 94517269 | יצרן: Polyroll",PPR Tee 32X25X25,PPR Tees,🔱,ppr_p21_a.jpg,,,
94517273,מסעף PPR מצרה 32x20x32,מסעפים PPR,פולירול,,,,"z2: 17.0 | l2: 35.0 | d2: 32 | D1: 29.5 | z1: 16.5 | l1: 31.0 | d1: 20 | D: 43 | z: 17.0 | l: 35.0 | d: 32 | מק""ט חוליות: 94517273 | יצרן: Polyroll",PPR Tee 32x20x32,PPR Tees,🔱,ppr_p21_a.jpg,,,
94517275,מסעף PPR מצרה 32x25x32,מסעפים PPR,פולירול,,,,"z2: 17.0 | l2: 35.0 | d2: 32 | D1: 43.0 | z1: 18.5 | l1: 34.5 | d1: 25 | D: 43 | z: 17.0 | l: 35.0 | d: 32 | מק""ט חוליות: 94517275 | יצרן: Polyroll",PPR Tee 32x25x32,PPR Tees,🔱,ppr_p21_a.jpg,,,
94517305,מסעף PPR מצרה 40x20x40,מסעפים PPR,פולירול,,,,"l2: 21.0 | d2: 41.5 | D1: 40 | z1: 34.0 | l1: 21.5 | d1: 36.0 | D: 20 | z: 52 | l: 21.0 | d: 41.5 | מק""ט חוליות: 94517305 | יצרן: Polyroll",PPR Tee 40x20x40,PPR Tees,🔱,ppr_p21_a.jpg,,,
94517307,מסעף PPR מצרה 40x25x40,מסעפים PPR,פולירול,,,,"z2: 21.0 | l2: 41.5 | d2: 40 | D1: 34.0 | z1: 20.0 | l1: 36.0 | d1: 25 | D: 52 | z: 21.0 | l: 41.5 | d: 40 | מק""ט חוליות: 94517307 | יצרן: Polyroll",PPR Tee 40x25x40,PPR Tees,🔱,ppr_p21_a.jpg,,,
94517309,מסעף PPR מצרה 40x32x40,מסעפים PPR,פולירול,,,,"z2: 21.5 | l2: 42.0 | d2: 40 | D1: 52.0 | z1: 22.5 | l1: 40.5 | d1: 32 | D: 52 | z: 21.5 | l: 42.0 | d: 40 | מק""ט חוליות: 94517309 | יצרן: Polyroll",PPR Tee 40x32x40,PPR Tees,🔱,ppr_p21_a.jpg,,,
94517333,מסעף PPR מצרה 50x20x50,מסעפים PPR,פולירול,,,,"z2: 26.0 | l2: 49.5 | d2: 50 | D1: 29.5 | z1: 26.0 | l1: 40.5 | d1: 20 | D: 68 | z: 26.0 | l: 49.5 | d: 50 | מק""ט חוליות: 94517333 | יצרן: Polyroll",PPR Tee 50x20x50,PPR Tees,🔱,ppr_p21_a.jpg,,,
94517334,מסעף PPR מצרה 50x25x50,מסעפים PPR,פולירול,,,,"z2: 26.0 | l2: 49.5 | d2: 50 | D1: 43.0 | z1: 28.5 | l1: 44.5 | d1: 25 | D: 68 | z: 26.0 | l: 49.5 | d: 50 | מק""ט חוליות: 94517334 | יצרן: Polyroll",PPR Tee 50x25x50,PPR Tees,🔱,ppr_p21_a.jpg,,,
94517336,מסעף PPR מצרה 50x32x50,מסעפים PPR,פולירול,,,,"z2: 26.0 | l2: 49.5 | d2: 50 | D1: 43.0 | z1: 26.5 | l1: 44.5 | d1: 32 | D: 68 | z: 26.0 | l: 49.5 | d: 50 | מק""ט חוליות: 94517336 | יצרן: Polyroll",PPR Tee 50x32x50,PPR Tees,🔱,ppr_p21_a.jpg,,,
94517338,מסעף PPR מצרה 50x40x50,מסעפים PPR,פולירול,,,,"z2: 26.0 | l2: 49.5 | d2: 50 | D1: 68.0 | z1: 29.0 | l1: 49.5 | d1: 40 | D: 68 | z: 26.0 | l: 49.5 | d: 50 | מק""ט חוליות: 94517338 | יצרן: Polyroll",PPR Tee 50x40x50,PPR Tees,🔱,ppr_p21_a.jpg,,,
94517351,מסעף PPR מצרה 63x20x63,מסעפים PPR,פולירול,,,,"z2: 32.5 | l2: 60.0 | d2: 63 | D1: 34.0 | z1: 34.0 | l1: 48.5 | d1: 20 | D: 84 | z: 32.5 | l: 60.0 | d: 63 | מק""ט חוליות: 94517351 | יצרן: Polyroll",PPR Tee 63x20x63,PPR Tees,🔱,ppr_p21_a.jpg,,,
94517352,מסעף PPR מצרה 63x25x63,מסעפים PPR,פולירול,,,,"z2: 32.5 | l2: 60.0 | d2: 63 | D1: 34.0 | z1: 32.5 | l1: 48.5 | d1: 25 | D: 84 | z: 32.5 | l: 60.0 | d: 63 | מק""ט חוליות: 94517352 | יצרן: Polyroll",PPR Tee 63x25x63,PPR Tees,🔱,ppr_p21_a.jpg,,,
94517354,מסעף PPR מצרה 63x32x63,מסעפים PPR,פולירול,,,,"z2: 32.5 | l2: 60.0 | d2: 63 | D1: 52.0 | z1: 35.5 | l1: 53.5 | d1: 32 | D: 84 | z: 32.5 | l: 60.0 | d: 63 | מק""ט חוליות: 94517354 | יצרן: Polyroll",PPR Tee 63x32x63,PPR Tees,🔱,ppr_p21_a.jpg,,,
94517356,מסעף PPR מצרה 63x40x63,מסעפים PPR,פולירול,,,,"z2: 32.5 | l2: 60.0 | d2: 63 | D1: 52.0 | z1: 33.0 | l1: 53.5 | d1: 40 | D: 84 | z: 32.5 | l: 60.0 | d: 63 | מק""ט חוליות: 94517356 | יצרן: Polyroll",PPR Tee 63x40x63,PPR Tees,🔱,ppr_p21_a.jpg,,,
94517358,מסעף PPR מצרה 63x50x63,מסעפים PPR,פולירול,,,,"z2: 32.5 | l2: 60.0 | d2: 63 | D1: 84.0 | z1: 36.5 | l1: 60.0 | d1: 50 | D: 84 | z: 32.5 | l: 60.0 | d: 63 | מק""ט חוליות: 94517358 | יצרן: Polyroll",PPR Tee 63x50x63,PPR Tees,🔱,ppr_p21_a.jpg,,,
94517369,מסעף PPR מצרה 75x20x75,מסעפים PPR,פולירול,,,,"z2: 38.5 | l2: 68.5 | d2: 75 | D1: 34.0 | z1: 40.0 | l1: 54.5 | d1: 20 | D: 100 | z: 38.5 | l: 68.5 | d: 75 | מק""ט חוליות: 94517369 | יצרן: Polyroll",PPR Tee 75x20x75,PPR Tees,🔱,ppr_p21_a.jpg,,,
94517370,מסעף PPR מצרה 75x25x75,מסעפים PPR,פולירול,,,,"z2: 38.5 | l2: 68.5 | d2: 75 | D1: 34.0 | z1: 38.5 | l1: 54.5 | d1: 25 | D: 100 | z: 38.5 | l: 68.5 | d: 75 | מק""ט חוליות: 94517370 | יצרן: Polyroll",PPR Tee 75x25x75,PPR Tees,🔱,ppr_p21_a.jpg,,,
94517372,מסעף PPR מצרה 75x32x75,מסעפים PPR,פולירול,,,,"z2: 38.5 | l2: 68.5 | d2: 75 | D1: 52.0 | z1: 41.0 | l1: 59.0 | d1: 32 | D: 100 | z: 38.5 | l: 68.5 | d: 75 | מק""ט חוליות: 94517372 | יצרן: Polyroll",PPR Tee 75x32x75,PPR Tees,🔱,ppr_p21_a.jpg,,,
94517374,מסעף PPR מצרה 75x40x75,מסעפים PPR,פולירול,,,,"z2: 38.5 | l2: 68.5 | d2: 75 | D1: 52.0 | z1: 38.5 | l1: 59.0 | d1: 40 | D: 100 | z: 38.5 | l: 68.5 | d: 75 | מק""ט חוליות: 94517374 | יצרן: Polyroll",PPR Tee 75x40x75,PPR Tees,🔱,ppr_p21_a.jpg,,,
94517376,מסעף PPR מצרה 75x50x75,מסעפים PPR,פולירול,,,,"z2: 38.5 | l2: 68.5 | d2: 75 | D1: 84.0 | z1: 42.5 | l1: 66.0 | d1: 50 | D: 100 | z: 38.5 | l: 68.5 | d: 75 | מק""ט חוליות: 94517376 | יצרן: Polyroll",PPR Tee 75x50x75,PPR Tees,🔱,ppr_p21_a.jpg,,,
94517378,מסעף PPR מצרה 75x63x75,מסעפים PPR,פולירול,,,,"z2: 38.5 | l2: 68.5 | d2: 75 | D1: 84.0 | z1: 38.5 | l1: 66.0 | d1: 63 | D: 100 | z: 38.5 | l: 68.5 | d: 75 | מק""ט חוליות: 94517378 | יצרן: Polyroll",PPR Tee 75x63x75,PPR Tees,🔱,ppr_p21_a.jpg,,,
94517392,מסעף PPR מצרה 90x32x90,מסעפים PPR,פולירול,,,,"z2: 46.0 | l2: 79.0 | d2: 90 | D1: 52.0 | z1: 47.0 | l1: 65.0 | d1: 32 | D: 120 | z: 46.0 | l: 79.0 | d: 90 | מק""ט חוליות: 94517392 | יצרן: Polyroll",PPR Tee 90x32x90,PPR Tees,🔱,ppr_p21_a.jpg,,,
94517393,מסעף PPR מצרה 90x40x90,מסעפים PPR,פולירול,,,,"z2: 46.0 | l2: 79.0 | d2: 90 | D1: 52.0 | z1: 44.5 | l1: 65.0 | d1: 40 | D: 120 | z: 46.0 | l: 79.0 | d: 90 | מק""ט חוליות: 94517393 | יצרן: Polyroll",PPR Tee 90x40x90,PPR Tees,🔱,ppr_p21_a.jpg,,,
94517394,מסעף PPR מצרה 90x50x90,מסעפים PPR,פולירול,,,,"z2: 46.0 | l2: 79.0 | d2: 90 | D1: 84.0 | z1: 51.5 | l1: 75.0 | d1: 50 | D: 120 | z: 46.0 | l: 79.0 | d: 90 | מק""ט חוליות: 94517394 | יצרן: Polyroll",PPR Tee 90x50x90,PPR Tees,🔱,ppr_p21_a.jpg,,,
94517396,מסעף PPR מצרה 90x63x90,מסעפים PPR,פולירול,,,,"z2: 46.0 | l2: 79.0 | d2: 90 | D1: 84.0 | z1: 47.5 | l1: 75.0 | d1: 63 | D: 120 | z: 46.0 | l: 79.0 | d: 90 | מק""ט חוליות: 94517396 | יצרן: Polyroll",PPR Tee 90x63x90,PPR Tees,🔱,ppr_p21_a.jpg,,,
94517398,מסעף PPR מצרה 90x75x90,מסעפים PPR,פולירול,,,,"z2: 46.0 | l2: 79.0 | d2: 90 | D1: 120.0 | z1: 51.0 | l1: 81.0 | d1: 75 | D: 120 | z: 46.0 | l: 79.0 | d: 90 | מק""ט חוליות: 94517398 | יצרן: Polyroll",PPR Tee 90x75x90,PPR Tees,🔱,ppr_p21_a.jpg,,,
94517414,מסעף PPR מצרה 110x63x110,מסעפים PPR,פולירול,,,,"z2: 56.0 | l2: 93.0 | d2: 110 | D1: 100.0 | z1: 60.0 | l1: 87.5 | d1: 63 | D: 147 | z: 56.0 | l: 93.0 | d: 110 | מק""ט חוליות: 94517414 | יצרן: Polyroll",PPR Tee 110x63x110,PPR Tees,🔱,ppr_p21_a.jpg,,,
94517416,מסעף PPR מצרה 110x75x110,מסעפים PPR,פולירול,,,,"z2: 56.0 | l2: 93.0 | d2: 110 | D1: 100.0 | z1: 57.5 | l1: 87.5 | d1: 75 | D: 147 | z: 56.0 | l: 93.0 | d: 110 | מק""ט חוליות: 94517416 | יצרן: Polyroll",PPR Tee 110x75x110,PPR Tees,🔱,ppr_p21_a.jpg,,,
94517418,מסעף PPR מצרה 110x90x110,מסעפים PPR,פולירול,,,,"z2: 56.0 | l2: 93.0 | d2: 110 | D1: 120.0 | z1: 56.0 | l1: 89.0 | d1: 90 | D: 147 | z: 56.0 | l: 93.0 | d: 110 | מק""ט חוליות: 94517418 | יצרן: Polyroll",PPR Tee 110x90x110,PPR Tees,🔱,ppr_p21_a.jpg,,,
94517594,מסעף PPR מצרה 125x75x125,מסעפים PPR,פולירול,,,,"z2: 76.5 | l2: 116.5 | d2: 125 | D1: 100.0 | z1: 76.5 | l1: 106.5 | d1: 75 | D: 167 | z: 76.5 | l: 116.5 | d: 125 | מק""ט חוליות: 94517594 | יצרן: Polyroll",PPR Tee 125x75x125,PPR Tees,🔱,ppr_p21_a.jpg,,,
94517595,מסעף PPR מצרה 125x90x125,מסעפים PPR,פולירול,,,,"z2: 76.5 | l2: 116.5 | d2: 125 | D1: 120.0 | z1: 76.5 | l1: 109.5 | d1: 90 | D: 167 | z: 76.5 | l: 116.5 | d: 125 | מק""ט חוליות: 94517595 | יצרן: Polyroll",PPR Tee 125x90x125,PPR Tees,🔱,ppr_p21_a.jpg,,,
94517596,מסעף PPR מצרה 125x110x125,מסעפים PPR,פולירול,,,,"z2: 76.5 | l2: 116.5 | d2: 125 | D1: 147.0 | z1: 76.5 | l1: 113.5 | d1: 110 | D: 167 | z: 76.5 | l: 116.5 | d: 125 | מק""ט חוליות: 94517596 | יצרן: Polyroll",PPR Tee 125x110x125,PPR Tees,🔱,ppr_p21_a.jpg,,,
95016002,צינור PPR אספקת מים 20,צינורות PPR אספקת מים,פולירול,,,,"SDR: 6 | PN: 20 | קוטר חיצוני: 20 | עובי דופן: 3.4 | קוטר פנימי: 13.2 | משקל ק""ג/מ׳: 0.174 | נפח ל׳/מ׳: 0.137 | מק""ט חוליות: 95016002 | יצרן: Polyroll",PPR Pipe 20,PPR Supply Pipes,🔵,ppr_p18_a.jpg,,,
95016003,צינור PPR אספקת מים 25,צינורות PPR אספקת מים,פולירול,,,,"SDR: 6 | PN: 20 | קוטר חיצוני: 25 | עובי דופן: 4.2 | קוטר פנימי: 16.6 | משקל ק""ג/מ׳: 0.268 | נפח ל׳/מ׳: 0.216 | מק""ט חוליות: 95016003 | יצרן: Polyroll",PPR Pipe 25,PPR Supply Pipes,🔵,ppr_p18_a.jpg,,,
95016004,צינור PPR אספקת מים 32,צינורות PPR אספקת מים,פולירול,,,,"SDR: 6 | PN: 20 | קוטר חיצוני: 32 | עובי דופן: 5.4 | קוטר פנימי: 21.2 | משקל ק""ג/מ׳: 0.437 | נפח ל׳/מ׳: 0.353 | מק""ט חוליות: 95016004 | יצרן: Polyroll",PPR Pipe 32,PPR Supply Pipes,🔵,ppr_p18_a.jpg,,,
95016005,צינור PPR אספקת מים 40,צינורות PPR אספקת מים,פולירול,,,,"SDR: 6 | PN: 20 | קוטר חיצוני: 40 | עובי דופן: 6.7 | קוטר פנימי: 26.6 | משקל ק""ג/מ׳: 0.675 | נפח ל׳/מ׳: 0.555 | מק""ט חוליות: 95016005 | יצרן: Polyroll",PPR Pipe 40,PPR Supply Pipes,🔵,ppr_p18_a.jpg,,,
95016006,צינור PPR אספקת מים 50,צינורות PPR אספקת מים,פולירול,,,,"SDR: 6 | PN: 20 | קוטר חיצוני: 50 | עובי דופן: 8.3 | קוטר פנימי: 33.4 | משקל ק""ג/מ׳: 1.047 | נפח ל׳/מ׳: 0.876 | מק""ט חוליות: 95016006 | יצרן: Polyroll",PPR Pipe 50,PPR Supply Pipes,🔵,ppr_p18_a.jpg,,,
95116502,אומגה PPR 20,אומגה PPR,פולירול,,,,"h: 352 | s: 22 | קוטר: 20 | תיאור: אומגה | מק""ט חוליות: 95116502 | יצרן: Polyroll",PPR Omega 20,PPR Omega,🛟,ppr_p22_b.jpg,,,
95116503,אומגה PPR 25,אומגה PPR,פולירול,,,,"l: 352 | h: 25 | s: 25 | מק""ט חוליות: 95116503 | יצרן: Polyroll",PPR Omega 25,PPR Omega,🛟,ppr_p22_b.jpg,,,
95116504,אומגה PPR 32,אומגה PPR,פולירול,,,,"h: 352 | s: 32 | קוטר: 32 | תיאור: אומגה | מק""ט חוליות: 95116504 | יצרן: Polyroll",PPR Omega 32,PPR Omega,🛟,ppr_p22_b.jpg,,,
95270708,צינור PPR פייזר 20×2.8,צינורות PPR פייזר,פולירול,,,,"יצרן: Aquatherm | מק""ט יצרן: 70708 | PN: 16 | SDR: 7.4 | חומר: PPR · מחוזק בסיבי זכוכית (faser) | dn נומינלי: 20 | de קוטר חיצוני: 20.0 | e עובי דופן: 2.8 | di קוטר פנימי: 14.4 | משקל (ק""ג/מ׳): 0.157 | מק""ט חוליות: 95270708",PPR Faser Pipe 20×2.8 (PN16 SDR7.4),PPR Faser Pipes,🟦,ppr_p18_b.jpg,,,
95270710,צינור PPR פייזר 25,צינורות PPR פייזר,פולירול,,,,"יצרן: Aquatherm | SDR: 7.4 | PN: 16 | קוטר חיצוני: 25 | עובי דופן: 3.5 | קוטר פנימי: 18.0 | משקל ק""ג/מ׳: 0.244 | נפח ל׳/מ׳: 0.254 | מק""ט חוליות: 95270710",PPR Pipe 25,PPR Faser Pipes,🟦,ppr_p18_b.jpg,,,
95270712,צינור PPR פייזר 32,צינורות PPR פייזר,פולירול,,,,"יצרן: Aquatherm | SDR: 7.4 | PN: 16 | קוטר חיצוני: 32 | עובי דופן: 4.4 | קוטר פנימי: 23.2 | משקל ק""ג/מ׳: 0.391 | נפח ל׳/מ׳: 0.423 | מק""ט חוליות: 95270712",PPR Pipe 32,PPR Faser Pipes,🟦,ppr_p18_b.jpg,,,
95270714,צינור PPR פייזר 40,צינורות PPR פייזר,פולירול,,,,"יצרן: Aquatherm | SDR: 7.4 | PN: 16 | קוטר חיצוני: 40 | עובי דופן: 5.5 | קוטר פנימי: 29.0 | משקל ק""ג/מ׳: 0.608 | נפח ל׳/מ׳: 0.660 | מק""ט חוליות: 95270714",PPR Pipe 40,PPR Faser Pipes,🟦,ppr_p18_b.jpg,,,
95270716,צינור PPR פייזר 50,צינורות PPR פייזר,פולירול,,,,"יצרן: Aquatherm | SDR: 7.4 | PN: 16 | קוטר חיצוני: 50 | עובי דופן: 6.9 | קוטר פנימי: 36.2 | משקל ק""ג/מ׳: 0.948 | נפח ל׳/מ׳: 1.029 | מק""ט חוליות: 95270716",PPR Pipe 50,PPR Faser Pipes,🟦,ppr_p18_b.jpg,,,
95270718,צינור PPR פייזר 63,צינורות PPR פייזר,פולירול,,,,"יצרן: Aquatherm | SDR: 7.4 | PN: 16 | קוטר חיצוני: 63 | עובי דופן: 8.6 | קוטר פנימי: 45.8 | משקל ק""ג/מ׳: 1.490 | נפח ל׳/מ׳: 1.647 | מק""ט חוליות: 95270718",PPR Pipe 63,PPR Faser Pipes,🟦,ppr_p18_b.jpg,,,
95270720,צינור PPR פייזר 75,צינורות PPR פייזר,פולירול,,,,"יצרן: Aquatherm | SDR: 7.4 | PN: 16 | קוטר חיצוני: 75 | עובי דופן: 10.3 | קוטר פנימי: 54.4 | משקל ק""ג/מ׳: 2.120 | נפח ל׳/מ׳: 2.323 | מק""ט חוליות: 95270720",PPR Pipe 75,PPR Faser Pipes,🟦,ppr_p18_b.jpg,,,
95270722,צינור PPR פייזר 90,צינורות PPR פייזר,פולירול,,,,"יצרן: Aquatherm | SDR: 7.4 | PN: 16 | קוטר חיצוני: 90 | עובי דופן: 12.3 | קוטר פנימי: 65.4 | משקל ק""ג/מ׳: 3.037 | נפח ל׳/מ׳: 3.358 | מק""ט חוליות: 95270722",PPR Pipe 90,PPR Faser Pipes,🟦,ppr_p18_b.jpg,,,
95270724,צינור PPR פייזר 110,צינורות PPR פייזר,פולירול,,,,"יצרן: Aquatherm | SDR: 7.4 | PN: 16 | קוטר חיצוני: 110 | עובי דופן: 15.1 | קוטר פנימי: 79.8 | משקל ק""ג/מ׳: 4.546 | נפח ל׳/מ׳: 5.000 | מק""ט חוליות: 95270724",PPR Pipe 110,PPR Faser Pipes,🟦,ppr_p18_b.jpg,,,
95270726,צינור PPR פייזר 125,צינורות PPR פייזר,פולירול,,,,"SDR: 7.4 | PN: 16 | קוטר חיצוני: 125 | עובי דופן: 17.1 | קוטר פנימי: 90.8 | משקל ק""ג/מ׳: 5.850 | נפח ל׳/מ׳: 6.472 | מק""ט חוליות: 95270726 | יצרן: Polyroll",PPR Pipe 125,PPR Faser Pipes,🟦,ppr_p18_b.jpg,,,
96070108,צינור PPR מיזוג אוויר 20×2.8,צינורות PPR מיזוג אוויר,פולירול,,,,"יצרן: Aquatherm | מק""ט חוליות: 96070108 | תיאור: צינור מיזוג אוויר (blue pipe) | חומר: PPR · מחוזק בסיבי זכוכית (faser) | SDR: 7.4 | dn נומינלי: 20 | de קוטר חיצוני: 20 | e עובי דופן: 2.8 | di קוטר פנימי: 14.4 | משקל (ק""ג/מ׳): 0.157 | נפח מים (ל׳/מ׳): 0.163 | אורך: 4 מ׳",PPR AC Blue Pipe 20×2.8,PPR AC Blue Pipes,❄️,ppr_p80_a.jpg,,,
96070109,צינור PPR מיזוג אוויר 25×3.5,צינורות PPR מיזוג אוויר,פולירול,,,,"יצרן: Aquatherm | מק""ט חוליות: 96070109 | תיאור: צינור מיזוג אוויר (blue pipe) | חומר: PPR · מחוזק בסיבי זכוכית (faser) | SDR: 7.4 | dn נומינלי: 25 | de קוטר חיצוני: 25 | e עובי דופן: 3.5 | di קוטר פנימי: 18.0 | משקל (ק""ג/מ׳): 0.244 | נפח מים (ל׳/מ׳): 0.254 | אורך: 4 מ׳",PPR AC Blue Pipe 25×3.5,PPR AC Blue Pipes,❄️,ppr_p80_a.jpg,,,
98117702,פקק PPR 20,פקקים PPR,פולירול,,,,"D: 29.5 | z: 9.5 | l: 24.0 | d: 20 | מק""ט חוליות: 98117702 | יצרן: Polyroll",PPR Plug 20,PPR Plugs,🔘,ppr_p22_a.jpg,,,
98117703,פקק PPR 25,פקקים PPR,פולירול,,,,"D: 34.0 | z: 8.0 | l: 24.0 | d: 25 | מק""ט חוליות: 98117703 | יצרן: Polyroll",PPR Plug 25,PPR Plugs,🔘,ppr_p22_a.jpg,,,
98117704,פקק PPR 32,פקקים PPR,פולירול,,,,"D: 43.0 | z: 13.5 | l: 31.5 | d: 32 | מק""ט חוליות: 98117704 | יצרן: Polyroll",PPR Plug 32,PPR Plugs,🔘,ppr_p22_a.jpg,,,
98117705,פקק PPR 40,פקקים PPR,פולירול,,,,"D: 52.0 | z: 17.5 | l: 38.0 | d: 40 | מק""ט חוליות: 98117705 | יצרן: Polyroll",PPR Plug 40,PPR Plugs,🔘,ppr_p22_a.jpg,,,
98117706,פקק PPR 50,פקקים PPR,פולירול,,,,"D: 68.0 | z: 21.0 | l: 44.5 | d: 50 | מק""ט חוליות: 98117706 | יצרן: Polyroll",PPR Plug 50,PPR Plugs,🔘,ppr_p22_a.jpg,,,
98117707,פקק PPR 63,פקקים PPR,פולירול,,,,"D: 84.0 | z: 24.5 | l: 52.0 | d: 63 | מק""ט חוליות: 98117707 | יצרן: Polyroll",PPR Plug 63,PPR Plugs,🔘,ppr_p22_a.jpg,,,
98117708,פקק PPR 75,פקקים PPR,פולירול,,,,"D: 100.0 | z: 28.5 | l: 58.5 | d: 75 | מק""ט חוליות: 98117708 | יצרן: Polyroll",PPR Plug 75,PPR Plugs,🔘,ppr_p22_a.jpg,,,
98117709,פקק PPR 90,פקקים PPR,פולירול,,,,"D: 120.0 | z: 34.5 | l: 57.5 | d: 90 | מק""ט חוליות: 98117709 | יצרן: Polyroll",PPR Plug 90,PPR Plugs,🔘,ppr_p22_a.jpg,,,
98117710,פקק PPR 110,פקקים PPR,פולירול,,,,"D: 147.0 | z: 28.0 | l: 65.0 | d: 110 | מק""ט חוליות: 98117710 | יצרן: Polyroll",PPR Plug 110,PPR Plugs,🔘,ppr_p22_a.jpg,,,
98117711,פקק PPR 125,פקקים PPR,פולירול,,,,"D: 167.0 | z: 30.0 | l: 70.0 | d: 125 | מק""ט חוליות: 98117711 | יצרן: Polyroll",PPR Plug 125,PPR Plugs,🔘,ppr_p22_a.jpg,,,
98217741,רוכב PPR 40/20,רוכבים PPR,פולירול,,,,"D: 29.50 | z: 14.50 | l: 27.00 | d2: 25 | d1: 40 | d: 20 | מק""ט חוליות: 98217741 | יצרן: Polyroll",PPR Saddle 40/20,PPR Saddles,🪢,ppr_p24_a.jpg,,,
98217742,רוכב PPR 40/25,רוכבים PPR,פולירול,,,,"D: 34.00 | z: 16.00 | l: 28.50 | d2: 25 | d1: 40 | d: 25 | מק""ט חוליות: 98217742 | יצרן: Polyroll",PPR Saddle 40/25,PPR Saddles,🪢,ppr_p24_a.jpg,,,
98217744,רוכב PPR 50/20,רוכבים PPR,פולירול,,,,"D: 29.50 | z: 14.50 | l: 27.50 | d2: 25 | d1: 50 | d: 20 | מק""ט חוליות: 98217744 | יצרן: Polyroll",PPR Saddle 50/20,PPR Saddles,🪢,ppr_p24_a.jpg,,,
98217745,רוכב PPR 50/25,רוכבים PPR,פולירול,,,,"z: 34.00 | l: 16.00 | d2: 28.50 | d1: 25 | d: 50 | מק""ט חוליות: 98217745 | יצרן: Polyroll",PPR Saddle 50/25,PPR Saddles,🪢,ppr_p24_a.jpg,,,
98217747,רוכב PPR 63/20,רוכבים PPR,פולירול,,,,"z: 29.50 | l: 14.50 | d2: 27.50 | d1: 25 | d: 63 | מק""ט חוליות: 98217747 | יצרן: Polyroll",PPR Saddle 63/20,PPR Saddles,🪢,ppr_p24_a.jpg,,,
98217748,רוכב PPR 63/25,רוכבים PPR,פולירול,,,,"D: 34.00 | z: 16.00 | l: 28.50 | d2: 25 | d1: 63 | d: 25 | מק""ט חוליות: 98217748 | יצרן: Polyroll",PPR Saddle 63/25,PPR Saddles,🪢,ppr_p24_a.jpg,,,
98217749,רוכב PPR 63/32,רוכבים PPR,פולירול,,,,"D: 43.00 | z: 18.00 | l: 30.00 | d2: 32 | d1: 63 | d: 32 | מק""ט חוליות: 98217749 | יצרן: Polyroll",PPR Saddle 63/32,PPR Saddles,🪢,ppr_p24_a.jpg,,,
98217750,רוכב PPR 75/20,רוכבים PPR,פולירול,,,,"D: 29.50 | z: 14.50 | l: 27.50 | d2: 25 | d1: 75 | d: 20 | מק""ט חוליות: 98217750 | יצרן: Polyroll",PPR Saddle 75/20,PPR Saddles,🪢,ppr_p24_a.jpg,,,
98217751,רוכב PPR 75/25,רוכבים PPR,פולירול,,,,"D: 34.00 | z: 16.00 | l: 28.50 | d2: 25 | d1: 75 | d: 25 | מק""ט חוליות: 98217751 | יצרן: Polyroll",PPR Saddle 75/25,PPR Saddles,🪢,ppr_p24_a.jpg,,,
98217752,רוכב PPR 75/32,רוכבים PPR,פולירול,,,,"D: 43.00 | z: 18.00 | l: 30.00 | d2: 32 | d1: 75 | d: 32 | מק""ט חוליות: 98217752 | יצרן: Polyroll",PPR Saddle 75/32,PPR Saddles,🪢,ppr_p24_a.jpg,,,
98217753,רוכב PPR 75/40,רוכבים PPR,פולירול,,,,"D: 52.00 | z: 20.50 | l: 34.00 | d2: 40 | d1: 75 | d: 40 | מק""ט חוליות: 98217753 | יצרן: Polyroll",PPR Saddle 75/40,PPR Saddles,🪢,ppr_p24_a.jpg,,,
98217760,רוכב PPR 90/20,רוכבים PPR,פולירול,,,,"D: 29.50 | z: 14.50 | l: 27.50 | d2: 25 | d1: 90 | d: 20 | מק""ט חוליות: 98217760 | יצרן: Polyroll",PPR Saddle 90/20,PPR Saddles,🪢,ppr_p24_a.jpg,,,
98217761,רוכב PPR 90/25,רוכבים PPR,פולירול,,,,"D: 34.00 | z: 16.00 | l: 28.50 | d2: 25 | d1: 90 | d: 25 | מק""ט חוליות: 98217761 | יצרן: Polyroll",PPR Saddle 90/25,PPR Saddles,🪢,ppr_p24_a.jpg,,,
98217762,רוכב PPR 90/32,רוכבים PPR,פולירול,,,,"D: 43.00 | z: 18.00 | l: 30.00 | d2: 32 | d1: 90 | d: 32 | מק""ט חוליות: 98217762 | יצרן: Polyroll",PPR Saddle 90/32,PPR Saddles,🪢,ppr_p24_a.jpg,,,
98217763,רוכב PPR 90/40,רוכבים PPR,פולירול,,,,"D: 52.00 | z: 20.50 | l: 34.00 | d2: 40 | d1: 90 | d: 40 | מק""ט חוליות: 98217763 | יצרן: Polyroll",PPR Saddle 90/40,PPR Saddles,🪢,ppr_p24_a.jpg,,,
98217770,רוכב PPR 110/20,רוכבים PPR,פולירול,,,,"D: 29.50 | z: 14.50 | l: 27.50 | d2: 25 | d1: 110 | d: 20 | מק""ט חוליות: 98217770 | יצרן: Polyroll",PPR Saddle 110/20,PPR Saddles,🪢,ppr_p24_a.jpg,,,
98217771,רוכב PPR 110/25,רוכבים PPR,פולירול,,,,"D: 34.00 | z: 16.00 | l: 28.50 | d2: 25 | d1: 110 | d: 25 | מק""ט חוליות: 98217771 | יצרן: Polyroll",PPR Saddle 110/25,PPR Saddles,🪢,ppr_p24_a.jpg,,,
98217772,רוכב PPR 110/32,רוכבים PPR,פולירול,,,,"D: 43.00 | z: 18.00 | l: 30.00 | d2: 32 | d1: 110 | d: 32 | מק""ט חוליות: 98217772 | יצרן: Polyroll",PPR Saddle 110/32,PPR Saddles,🪢,ppr_p24_a.jpg,,,
98217773,רוכב PPR 110/40,רוכבים PPR,פולירול,,,,"D: 52.00 | z: 20.50 | l: 34.00 | d2: 40 | d1: 110 | d: 40 | מק""ט חוליות: 98217773 | יצרן: Polyroll",PPR Saddle 110/40,PPR Saddles,🪢,ppr_p24_a.jpg,,,
98217774,רוכב PPR 110/50,רוכבים PPR,פולירול,,,,"D: 68.00 | z: 23.50 | l: 34.00 | d2: 50 | d1: 110 | d: 50 | מק""ט חוליות: 98217774 | יצרן: Polyroll",PPR Saddle 110/50,PPR Saddles,🪢,ppr_p24_a.jpg,,,
98217780,רוכב PPR 125/20,רוכבים PPR,פולירול,,,,"D: 29.50 | z: 14.50 | l: 27.50 | d2: 25 | d1: 125 | d: 20 | מק""ט חוליות: 98217780 | יצרן: Polyroll",PPR Saddle 125/20,PPR Saddles,🪢,ppr_p24_a.jpg,,,
98217781,רוכב PPR 125/25,רוכבים PPR,פולירול,,,,"D: 34.00 | z: 16.00 | l: 28.50 | d2: 25 | d1: 125 | d: 25 | מק""ט חוליות: 98217781 | יצרן: Polyroll",PPR Saddle 125/25,PPR Saddles,🪢,ppr_p24_a.jpg,,,
98217782,רוכב PPR 125/32,רוכבים PPR,פולירול,,,,"D: 43.00 | z: 18.00 | l: 30.00 | d2: 32 | d1: 125 | d: 32 | מק""ט חוליות: 98217782 | יצרן: Polyroll",PPR Saddle 125/32,PPR Saddles,🪢,ppr_p24_a.jpg,,,
98217783,רוכב PPR 125/40,רוכבים PPR,פולירול,,,,"D: 52.00 | z: 20.50 | l: 34.00 | d2: 40 | d1: 125 | d: 40 | מק""ט חוליות: 98217783 | יצרן: Polyroll",PPR Saddle 125/40,PPR Saddles,🪢,ppr_p24_a.jpg,,,
98217784,רוכב PPR 125/50,רוכבים PPR,פולירול,,,,"D: 68.00 | z: 23.50 | l: 34.00 | d2: 50 | d1: 125 | d: 50 | מק""ט חוליות: 98217784 | יצרן: Polyroll",PPR Saddle 125/50,PPR Saddles,🪢,ppr_p24_a.jpg,,,
98217785,רוכב PPR 125/63,רוכבים PPR,פולירול,,,,"D: 84.00 | z: 27.50 | l: 38.00 | d2: 63 | d1: 125 | d: 63 | מק""ט חוליות: 98217785 | יצרן: Polyroll",PPR Saddle 125/63,PPR Saddles,🪢,ppr_p24_a.jpg,,,
98217795,רוכב PPRCT 160/20,רוכבים PPR,פולירול,,,,"D1: 160 | d: 20 | d2: 25 | l: 27.5 | z2: 14.5 | D: 29.5 | חומר: PPRCT | מק""ט חוליות: 98217795 | יצרן: Polyroll",PPRCT Saddle 160/20,PPR Saddles,🪢,ppr_saddle.jpg,,,
98217796,רוכב PPRCT 160/25,רוכבים PPR,פולירול,,,,"D1: 160 | d: 25 | d2: 25 | l: 28.5 | z2: 16.0 | D: 34.0 | חומר: PPRCT | מק""ט חוליות: 98217796 | יצרן: Polyroll",PPRCT Saddle 160/25,PPR Saddles,🪢,ppr_saddle.jpg,,,
98217797,רוכב PPRCT 160/32,רוכבים PPR,פולירול,,,,"D1: 160 | d: 32 | d2: 32 | l: 30.0 | z2: 18.0 | D: 43.0 | חומר: PPRCT | מק""ט חוליות: 98217797 | יצרן: Polyroll",PPRCT Saddle 160/32,PPR Saddles,🪢,ppr_saddle.jpg,,,
98217798,רוכב PPRCT 160/40,רוכבים PPR,פולירול,,,,"D1: 160 | d: 40 | d2: 40 | l: 34.0 | z2: 20.5 | D: 52.0 | חומר: PPRCT | מק""ט חוליות: 98217798 | יצרן: Polyroll",PPRCT Saddle 160/40,PPR Saddles,🪢,ppr_saddle.jpg,,,
98217799,רוכב PPRCT 160/50,רוכבים PPR,פולירול,,,,"D1: 160 | d: 50 | d2: 50 | l: 34.0 | z2: 23.5 | D: 68.0 | חומר: PPRCT | מק""ט חוליות: 98217799 | יצרן: Polyroll",PPRCT Saddle 160/50,PPR Saddles,🪢,ppr_saddle.jpg,,,
98217800,רוכב PPRCT 160/63,רוכבים PPR,פולירול,,,,"D1: 160 | d: 63 | d2: 63 | l: 38.0 | z2: 27.5 | D: 84.0 | חומר: PPRCT | מק""ט חוליות: 98217800 | יצרן: Polyroll",PPRCT Saddle 160/63,PPR Saddles,🪢,ppr_saddle.jpg,,,
98217805,רוכב PPRCT 160/75,רוכבים PPR,פולירול,,,,"D1: 160 | d: 75 | d2: 75 | l: 42.0 | z2: 30.0 | D: 100.0 | חומר: PPRCT | מק""ט חוליות: 98217805 | יצרן: Polyroll",PPRCT Saddle 160/75,PPR Saddles,🪢,ppr_saddle.jpg,,,
98217806,רוכב PPRCT 160/90,רוכבים PPR,פולירול,,,,"D1: 160 | d: 90 | d2: 90 | l: 45.0 | z2: 33.0 | D: 120.0 | חומר: PPRCT | מק""ט חוליות: 98217806 | יצרן: Polyroll",PPRCT Saddle 160/90,PPR Saddles,🪢,ppr_saddle.jpg,,,
98217808,רוכב PPRCT 200-250/25,רוכבים PPR,פולירול,,,,"D1: 200-250 | d: 25 | d2: 25 | l: 28.5 | z2: 16.0 | D: 34.0 | חומר: PPRCT | מק""ט חוליות: 98217808 | יצרן: Polyroll",PPRCT Saddle 200-250/25,PPR Saddles,🪢,ppr_saddle.jpg,,,
98217809,רוכב PPRCT 200-250/32,רוכבים PPR,פולירול,,,,"D1: 200-250 | d: 32 | d2: 32 | l: 30.0 | z2: 18.0 | D: 43.0 | חומר: PPRCT | מק""ט חוליות: 98217809 | יצרן: Polyroll",PPRCT Saddle 200-250/32,PPR Saddles,🪢,ppr_saddle.jpg,,,
98217810,רוכב PPRCT 200/40,רוכבים PPR,פולירול,,,,"D1: 200 | d: 40 | d2: 40 | l: 34.0 | z2: 20.5 | D: 52.0 | חומר: PPRCT | מק""ט חוליות: 98217810 | יצרן: Polyroll",PPRCT Saddle 200/40,PPR Saddles,🪢,ppr_saddle.jpg,,,
98217811,רוכב PPRCT 200/50,רוכבים PPR,פולירול,,,,"D1: 200 | d: 50 | d2: 50 | l: 34.0 | z2: 23.5 | D: 68.0 | חומר: PPRCT | מק""ט חוליות: 98217811 | יצרן: Polyroll",PPRCT Saddle 200/50,PPR Saddles,🪢,ppr_saddle.jpg,,,
98217812,רוכב PPRCT 200/63,רוכבים PPR,פולירול,,,,"D1: 200 | d: 63 | d2: 63 | l: 37.5 | z2: 27.5 | D: 84.0 | חומר: PPRCT | מק""ט חוליות: 98217812 | יצרן: Polyroll",PPRCT Saddle 200/63,PPR Saddles,🪢,ppr_saddle.jpg,,,
98217813,רוכב PPRCT 200/75,רוכבים PPR,פולירול,,,,"D1: 200 | d: 75 | d2: 75 | l: 42.0 | z2: 30.0 | D: 100.0 | חומר: PPRCT | מק""ט חוליות: 98217813 | יצרן: Polyroll",PPRCT Saddle 200/75,PPR Saddles,🪢,ppr_saddle.jpg,,,
98217814,רוכב PPRCT 200/90,רוכבים PPR,פולירול,,,,"D1: 200 | d: 90 | d2: 90 | l: 45.0 | z2: 33.0 | D: 120.0 | חומר: PPRCT | מק""ט חוליות: 98217814 | יצרן: Polyroll",PPRCT Saddle 200/90,PPR Saddles,🪢,ppr_saddle.jpg,,,
98217815,רוכב PPRCT 200/110,רוכבים PPR,פולירול,,,,"D1: 200 | d: 110 | d2: 110 | l: 49.0 | z2: 37.0 | D: 147.0 | חומר: PPRCT | מק""ט חוליות: 98217815 | יצרן: Polyroll",PPRCT Saddle 200/110,PPR Saddles,🪢,ppr_saddle.jpg,,,
98217816,רוכב PPRCT 200/125,רוכבים PPR,פולירול,,,,"D1: 200 | d: 125 | d2: 125 | l: 55.0 | z2: 40.0 | D: 167.0 | חומר: PPRCT | מק""ט חוליות: 98217816 | יצרן: Polyroll",PPRCT Saddle 200/125,PPR Saddles,🪢,ppr_saddle.jpg,,,
98217817,רוכב PPRCT 250/40,רוכבים PPR,פולירול,,,,"D1: 250 | d: 40 | d2: 40 | l: 34.0 | z2: 20.5 | D: 52.0 | חומר: PPRCT | מק""ט חוליות: 98217817 | יצרן: Polyroll",PPRCT Saddle 250/40,PPR Saddles,🪢,ppr_saddle.jpg,,,
98217818,רוכב PPRCT 250/50,רוכבים PPR,פולירול,,,,"D1: 250 | d: 50 | d2: 50 | l: 34.0 | z2: 23.5 | D: 68.0 | חומר: PPRCT | מק""ט חוליות: 98217818 | יצרן: Polyroll",PPRCT Saddle 250/50,PPR Saddles,🪢,ppr_saddle.jpg,,,
98217819,רוכב PPRCT 250/63,רוכבים PPR,פולירול,,,,"D1: 250 | d: 63 | d2: 63 | l: 37.5 | z2: 27.5 | D: 84.0 | חומר: PPRCT | מק""ט חוליות: 98217819 | יצרן: Polyroll",PPRCT Saddle 250/63,PPR Saddles,🪢,ppr_saddle.jpg,,,
98217820,רוכב PPRCT 250/75,רוכבים PPR,פולירול,,,,"D1: 250 | d: 75 | d2: 75 | l: 42.0 | z2: 30.0 | D: 100.0 | חומר: PPRCT | מק""ט חוליות: 98217820 | יצרן: Polyroll",PPRCT Saddle 250/75,PPR Saddles,🪢,ppr_saddle.jpg,,,
98217821,רוכב PPRCT 250/90,רוכבים PPR,פולירול,,,,"D1: 250 | d: 90 | d2: 90 | l: 45.0 | z2: 33.0 | D: 120.0 | חומר: PPRCT | מק""ט חוליות: 98217821 | יצרן: Polyroll",PPRCT Saddle 250/90,PPR Saddles,🪢,ppr_saddle.jpg,,,
98217822,רוכב PPRCT 250/110,רוכבים PPR,פולירול,,,,"D1: 250 | d: 110 | d2: 110 | l: 49.0 | z2: 37.0 | D: 147.0 | חומר: PPRCT | מק""ט חוליות: 98217822 | יצרן: Polyroll",PPRCT Saddle 250/110,PPR Saddles,🪢,ppr_saddle.jpg,,,
98217823,רוכב PPRCT 250/125,רוכבים PPR,פולירול,,,,"D1: 250 | d: 125 | d2: 125 | l: 55.0 | z2: 40.0 | D: 167.0 | חומר: PPRCT | מק""ט חוליות: 98217823 | יצרן: Polyroll",PPRCT Saddle 250/125,PPR Saddles,🪢,ppr_saddle.jpg,,,
98318368,"רוכב PPRCT תבריג פנים 160X25X3/4""",רוכבים PPR,פולירול,,,,"d: 160 | d1: 25 | R: 3/4"" | D: 43.5 | z: 58.5 | l: 39 | חומר: PPRCT | מק""ט חוליות: 98318368 | יצרן: Polyroll","PPR Threaded Saddle 160X25 3/4""",PPR Saddles,🪢,ppr_saddle.jpg,,,
98318369,"רוכב PPRCT תבריג פנים 200-250X32X1""",רוכבים PPR,פולירול,,,,"d: 200-250 | d1: 32 | R: 1"" | D: 60.0 | z: 121.0 | l: 43 | חומר: PPRCT | מק""ט חוליות: 98318369 | יצרן: Polyroll","PPR Threaded Saddle 200-250X32 1""",PPR Saddles,🪢,ppr_saddle.jpg,,,
98318371,"רוכב PPRCT תבריג פנים 200-250X25X3/4""",רוכבים PPR,פולירול,,,,"d: 200-250 | d1: 25 | R: 3/4"" | D: 43.5 | z: 66.0 | l: 39 | חומר: PPRCT | מק""ט חוליות: 98318371 | יצרן: Polyroll","PPR Threaded Saddle 200-250X25 3/4""",PPR Saddles,🪢,ppr_saddle.jpg,,,
98318373,"רוכב PPRCT תבריג פנים 160X32X1""",רוכבים PPR,פולירול,,,,"d: 160 | d1: 32 | R: 1"" | D: 60.0 | z: 118.0 | l: 43 | חומר: PPRCT | מק""ט חוליות: 98318373 | יצרן: Polyroll","PPR Threaded Saddle 160X32 1""",PPR Saddles,🪢,ppr_saddle.jpg,,,
98318381,"רוכב PPRCT תבריג פנים 160X25X1/2""",רוכבים PPR,פולירול,,,,"d: 160 | d1: 25 | R: 1/2"" | D: 38.5 | z: 103.0 | l: 39 | חומר: PPRCT | מק""ט חוליות: 98318381 | יצרן: Polyroll","PPR Threaded Saddle 160X25 1/2""",PPR Saddles,🪢,ppr_saddle.jpg,,,
98318382,"רוכב PPRCT תבריג פנים 200-250X25X1/2""",רוכבים PPR,פולירול,,,,"d: 200-250 | d1: 25 | R: 1/2"" | D: 38.5 | z: 38.0 | l: 39 | חומר: PPRCT | מק""ט חוליות: 98318382 | יצרן: Polyroll","PPR Threaded Saddle 200-250X25 1/2""",PPR Saddles,🪢,ppr_saddle.jpg,,,
98414205,אוגן PPR 40,צווארונים ואוגנים PPR,פולירול,,,,"d1: 51 | D: 141 | K: 100 | d2: 18 | b: 17.5 | z: 4 | מק""ט חוליות: 98414205 | יצרן: Polyroll",PPR Flange 40,PPR Collars,⭕,ppr_p34_a.jpg,,,
98414206,אוגן PPR 50,צווארונים ואוגנים PPR,פולירול,,,,"d1: 62 | D: 151 | K: 110 | d2: 18 | b: 17.5 | z: 4 | מק""ט חוליות: 98414206 | יצרן: Polyroll",PPR Flange 50,PPR Collars,⭕,ppr_p34_a.jpg,,,
98414207,אוגן PPR 63,צווארונים ואוגנים PPR,פולירול,,,,"d1: 78 | D: 166 | K: 125 | d2: 18 | b: 19.0 | z: 4 | מק""ט חוליות: 98414207 | יצרן: Polyroll",PPR Flange 63,PPR Collars,⭕,ppr_p34_a.jpg,,,
98414208,אוגן PPR 75,צווארונים ואוגנים PPR,פולירול,,,,"d1: 92 | D: 186 | K: 145 | d2: 18 | b: 19.0 | z: 4 | מק""ט חוליות: 98414208 | יצרן: Polyroll",PPR Flange 75,PPR Collars,⭕,ppr_p34_a.jpg,,,
98414209,אוגן PPR 90,צווארונים ואוגנים PPR,פולירול,,,,"d1: 110 | D: 201 | K: 160 | d2: 18 | b: 21.0 | z: 8 | מק""ט חוליות: 98414209 | יצרן: Polyroll",PPR Flange 90,PPR Collars,⭕,ppr_p34_a.jpg,,,
98414210,אוגן PPR 110,צווארונים ואוגנים PPR,פולירול,,,,"d1: 133 | D: 221 | K: 180 | d2: 18 | b: 22.0 | z: 8 | מק""ט חוליות: 98414210 | יצרן: Polyroll",PPR Flange 110,PPR Collars,⭕,ppr_p34_a.jpg,,,
98414211,אוגן PPR 125,צווארונים ואוגנים PPR,פולירול,,,,"d1: 167 | D: 251 | K: 210 | d2: 18 | b: 26.0 | z: 8 | מק""ט חוליות: 98414211 | יצרן: Polyroll",PPR Flange 125,PPR Collars,⭕,ppr_p34_a.jpg,,,
98414213,אוגן פלדה מצופה PP 160,צווארונים ואוגנים PPR,פולירול,,,,"n (ברגים): 8 | L (מרחק חורים): 27 | d2 (חור בורג): 22 | d1 (קוטר אטם): 240 | D (קוטר חוץ): 286 | d (קוטר פנים): 178 | מידה נומינלית: 160 | חומר: פלדה מצופה PP | מק""ט חוליות: 98414213 | יצרן: Polyroll",PP-Coated Steel Flange 160,PPR Collars,⭕,ppr_collar.jpg,,,
98414215,אוגן פלדה מצופה PP 200,צווארונים ואוגנים PPR,פולירול,,,,"n (ברגים): 8 | L (מרחק חורים): 28 | d2 (חור בורג): 22 | d1 (קוטר אטם): 295 | D (קוטר חוץ): 341 | d (קוטר פנים): 235 | מידה נומינלית: 200 | חומר: פלדה מצופה PP | מק""ט חוליות: 98414215 | יצרן: Polyroll",PP-Coated Steel Flange 200,PPR Collars,⭕,ppr_collar.jpg,,,
98415738,אוגן פלדה מצופה PP 250,צווארונים ואוגנים PPR,פולירול,,,,"n (ברגים): 12 | L (מרחק חורים): 31 | d2 (חור בורג): 22 | d1 (קוטר אטם): 350 | D (קוטר חוץ): 406 | d (קוטר פנים): 288 | מידה נומינלית: 250 | חומר: פלדה מצופה PP | מק""ט חוליות: 98415738 | יצרן: Polyroll",PP-Coated Steel Flange 250,PPR Collars,⭕,ppr_collar.jpg,,,
98415838,מחבר מתוברג מפלסטיק פוליפרופילן מפורק 20,מתאמים PPR,פולירול,,,,"D: 46 | z1: 5.5 | L1: 20.0 | z: 12 | L: 26 | d: 20 | מק""ט חוליות: 98415838 | יצרן: Polyroll",PPR Adapter 20,PPR Adapters,🔩,ppr_p29_b.jpg,,,
98415840,מחבר מתוברג מפלסטיק פוליפרופילן מפורק 25,מתאמים PPR,פולירול,,,,"D: 56 | z1: 5.0 | L1: 21.0 | z: 12 | L: 28 | d: 25 | מק""ט חוליות: 98415840 | יצרן: Polyroll",PPR Adapter 25,PPR Adapters,🔩,ppr_p29_b.jpg,,,
98415842,מחבר מתוברג מפלסטיק פוליפרופילן מפורק 32,מתאמים PPR,פולירול,,,,"D: 66 | z1: 5.0 | L1: 23.0 | z: 12 | L: 32 | d: 32 | מק""ט חוליות: 98415842 | יצרן: Polyroll",PPR Adapter 32,PPR Adapters,🔩,ppr_p29_b.jpg,,,
98415844,מחבר מתוברג מפלסטיק פוליפרופילן מפורק 40,מתאמים PPR,פולירול,,,,"D: 79 | z1: 5.0 | L1: 25.5 | z: 14 | L: 38 | d: 40 | מק""ט חוליות: 98415844 | יצרן: Polyroll",PPR Adapter 40,PPR Adapters,🔩,ppr_p29_b.jpg,,,
98415846,מחבר מתוברג מפלסטיק פוליפרופילן מפורק 50,מתאמים PPR,פולירול,,,,"D: 87 | z1: 5.0 | L1: 28.5 | z: 16 | L: 45 | d: 50 | מק""ט חוליות: 98415846 | יצרן: Polyroll",PPR Adapter 50,PPR Adapters,🔩,ppr_p29_b.jpg,,,
98415848,מחבר מתוברג מפלסטיק פוליפרופילן מפורק 63,מתאמים PPR,פולירול,,,,"D: 107 | z1: 5.0 | L1: 32.5 | z: 20 | L: 55.5 | d: 63 | מק""ט חוליות: 98415848 | יצרן: Polyroll",PPR Adapter 63,PPR Adapters,🔩,ppr_p29_b.jpg,,,
98417805,צווארון PPR 40,צווארונים ואוגנים PPR,פולירול,,,,"l: 11.0 | D1: 78 | D: 50 | z1: 15.0 | z: 35.5 | d: 40 | מק""ט חוליות: 98417805 | יצרן: Polyroll",PPR Collar 40,PPR Collars,⭕,ppr_p33_b.jpg,,,
98417806,צווארון PPR 50,צווארונים ואוגנים PPR,פולירול,,,,"l: 12.0 | D1: 88 | D: 61 | z1: 16.0 | z: 39.5 | d: 50 | מק""ט חוליות: 98417806 | יצרן: Polyroll",PPR Collar 50,PPR Collars,⭕,ppr_p33_b.jpg,,,
98417807,צווארון PPR 63,צווארונים ואוגנים PPR,פולירול,,,,"l: 14.0 | D1: 102 | D: 76 | z1: 16.0 | z: 43.5 | d: 63 | מק""ט חוליות: 98417807 | יצרן: Polyroll",PPR Collar 63,PPR Collars,⭕,ppr_p33_b.jpg,,,
98417808,צווארון PPR 75,צווארונים ואוגנים PPR,פולירול,,,,"d: 75 | z: 46.0 | z1: 16.0 | D: 90 | D1: 122 | l: 16.0 | מק""ט חוליות: 98417808 | יצרן: Polyroll",PPR Collar 75,PPR Collars,⭕,ppr_p33_b.jpg,,,
98417809,צווארון PPR 90,צווארונים ואוגנים PPR,פולירול,,,,"d: 90 | z: 50.0 | z1: 17.0 | D: 108 | D1: 138 | l: 17.0 | מק""ט חוליות: 98417809 | יצרן: Polyroll",PPR Collar 90,PPR Collars,⭕,ppr_p33_b.jpg,,,
98417810,צווארון PPR 110,צווארונים ואוגנים PPR,פולירול,,,,"d: 110 | z: 55.5 | z1: 18.5 | D: 131 | D1: 158 | l: 18.5 | מק""ט חוליות: 98417810 | יצרן: Polyroll",PPR Collar 110,PPR Collars,⭕,ppr_p33_b.jpg,,,
98417811,צווארון PPR 125,צווארונים ואוגנים PPR,פולירול,,,,"l: 20.0 | D1: 188 | D: 165 | z1: 23.0 | z: 63.0 | d: 125 | מק""ט חוליות: 98417811 | יצרן: Polyroll",PPR Collar 125,PPR Collars,⭕,ppr_p33_b.jpg,,,
9899,טרפלקס צינור ניקוז למזגן — 50 מ׳,צינורות גמישים,AQUATEC,,,,אורך: 50 מטר | תיאור: טרפלקס רשפים צינור ניקוז למזגן,Truflex AC Drain Pipe 50m,Flexible Pipes,🌀,9899.jpg,,,
99020402,ברז PPR כדורי 20,ברזים PPR,פולירול,,,,"L1: 85 | h: 66 | D: 32.0 | z: 40.5 | l: 55.0 | d: 20 | מק""ט חוליות: 99020402 | יצרן: Polyroll",PPR Valve 20,PPR Valves,🚰,ppr_p32_a.jpg,,,
99020403,ברז PPR כדורי 25,ברזים PPR,פולירול,,,,"L1: 85 | h: 73 | D: 41.0 | z: 39.0 | l: 55.0 | d: 25 | מק""ט חוליות: 99020403 | יצרן: Polyroll",PPR Valve 25,PPR Valves,🚰,ppr_p32_a.jpg,,,
99020404,ברז PPR כדורי 32,ברזים PPR,פולירול,,,,"L1: 108 | h: 82 | D: 47.0 | z: 45.5 | l: 63.5 | d: 32 | מק""ט חוליות: 99020404 | יצרן: Polyroll",PPR Valve 32,PPR Valves,🚰,ppr_p32_a.jpg,,,
99020405,ברז PPR כדורי 40,ברזים PPR,פולירול,,,,"L1: 108 | h: 93 | D: 58.0 | z: 52.0 | l: 72.5 | d: 40 | מק""ט חוליות: 99020405 | יצרן: Polyroll",PPR Valve 40,PPR Valves,🚰,ppr_p32_a.jpg,,,
99020412,ברז PPR כדורי 50,ברזים PPR,פולירול,,,,"L1: 140 | h: 114 | D: 70.5 | z: 60.0 | l: 83.5 | d: 50 | מק""ט חוליות: 99020412 | יצרן: Polyroll",PPR Valve 50,PPR Valves,🚰,ppr_p32_a.jpg,,,
99020414,ברז PPR כדורי 63,ברזים PPR,פולירול,,,,"h: 140 | D: 132 | z: 87.0 | l: 75.0 | d: 102.5 | מק""ט חוליות: 99020414 | יצרן: Polyroll",PPR Valve 63,PPR Valves,🚰,ppr_p32_a.jpg,,,
99040808,ברז PPR מעבר ישר 20,ברזים PPR,פולירול,,,,"h: 70.0 | D: 29.5 | z: 20.5 | l: 35 | d: 20 | מק""ט חוליות: 99040808 | יצרן: Polyroll",PPR Valve 20,PPR Valves,🚰,ppr_p31_a.jpg,,,
99040810,ברז PPR מעבר ישר 25,ברזים PPR,פולירול,,,,"h: 70.0 | D: 34.0 | z: 22.0 | l: 38 | d: 25 | מק""ט חוליות: 99040810 | יצרן: Polyroll",PPR Valve 25,PPR Valves,🚰,ppr_p31_a.jpg,,,
99040812,ברז PPR מעבר ישר 32,ברזים PPR,פולירול,,,,"h: 86.5 | D: 43.0 | z: 31.0 | l: 49 | d: 32 | מק""ט חוליות: 99040812 | יצרן: Polyroll",PPR Valve 32,PPR Valves,🚰,ppr_p31_a.jpg,,,
99040814,ברז PPR מעבר ישר 40,ברזים PPR,פולירול,,,,"h: 100.5 | D: 52.0 | z: 39.5 | l: 60 | d: 40 | מק""ט חוליות: 99040814 | יצרן: Polyroll",PPR Valve 40,PPR Valves,🚰,ppr_p31_a.jpg,,,
99040858,ברז PPR סמוי (ציפוי כרום) 20,ברזים PPR,פולירול,,,,"h2: 59 | h1: 28 | h: 116 | D: 29.5 | z: 20.5 | l: 35 | d: 20 | מק""ט חוליות: 99040858 | יצרן: Polyroll",PPR Valve 20,PPR Valves,🚰,ppr_p30_a.jpg,,,
99040860,ברז PPR סמוי (ציפוי כרום) 25,ברזים PPR,פולירול,,,,"h2: 59 | h1: 28 | h: 116 | D: 34.0 | z: 22.0 | l: 38 | d: 25 | מק""ט חוליות: 99040860 | יצרן: Polyroll",PPR Valve 25,PPR Valves,🚰,ppr_p30_a.jpg,,,
99040862,ברז PPR סמוי (ציפוי כרום) 32,ברזים PPR,פולירול,,,,"h2: 59 | h1: 34 | h: 121 | D: 43.0 | z: 31.0 | l: 49 | d: 32 | מק""ט חוליות: 99040862 | יצרן: Polyroll",PPR Valve 32,PPR Valves,🚰,ppr_p30_a.jpg,,,
99040888,ברז PPR סמוי (ציפוי כרום - ללא ידית) 20,ברזים PPR,פולירול,,,,"h1: 28 | h: 109 | D: 29.5 | z: 20.5 | l: 35 | d: 20 | מק""ט חוליות: 99040888 | יצרן: Polyroll",PPR Concealed Valve (no handle) 20,PPR Valves,🚰,ppr_p30_b.jpg,,,
99040890,ברז PPR סמוי (ציפוי כרום - ללא ידית) 25,ברזים PPR,פולירול,,,,"h1: 28 | h: 109 | D: 34.0 | z: 22.0 | l: 38 | d: 25 | מק""ט חוליות: 99040890 | יצרן: Polyroll",PPR Concealed Valve (no handle) 25,PPR Valves,🚰,ppr_p30_b.jpg,,,
99040892,ברז PPR סמוי (ציפוי כרום - ללא ידית) 32,ברזים PPR,פולירול,,,,"h1: 34 | h: 115 | D: 43.0 | z: 31.0 | l: 49 | d: 32 | מק""ט חוליות: 99040892 | יצרן: Polyroll",PPR Concealed Valve (no handle) 32,PPR Valves,🚰,ppr_p30_b.jpg,,,
99041108,ברז PPR אלכסוני 20,ברזים PPR,פולירול,,,,"h: 95.5 | D: 34 | z: 30.5 | l: 45 | d: 20 | מק""ט חוליות: 99041108 | יצרן: Polyroll",PPR Valve 20,PPR Valves,🚰,ppr_p31_c.jpg,,,
99041110,ברז PPR אלכסוני 25,ברזים PPR,פולירול,,,,"h: 95.5 | D: 34 | z: 29.0 | l: 45 | d: 25 | מק""ט חוליות: 99041110 | יצרן: Polyroll",PPR Valve 25,PPR Valves,🚰,ppr_p31_c.jpg,,,
99041112,ברז PPR אלכסוני 32,ברזים PPR,פולירול,,,,"h: 111.5 | D: 43 | z: 38.0 | l: 56 | d: 32 | מק""ט חוליות: 99041112 | יצרן: Polyroll",PPR Valve 32,PPR Valves,🚰,ppr_p31_c.jpg,,,
99041114,ברז PPR אלכסוני 40,ברזים PPR,פולירול,,,,"h: 135.0 | D: 52 | z: 44.5 | l: 65 | d: 40 | מק""ט חוליות: 99041114 | יצרן: Polyroll",PPR Valve 40,PPR Valves,🚰,ppr_p31_c.jpg,,,
99041208,ברז PPR אלכסוני עם מניעת זרימה חוזרת 20,ברזים PPR,פולירול,,,,"h: 95.5 | D: 34 | z: 30.5 | l: 45 | d: 20 | מק""ט חוליות: 99041208 | יצרן: Polyroll",PPR Angle Check Valve 20,PPR Valves,🚰,ppr_p31_b.jpg,,,
99041210,ברז PPR אלכסוני עם מניעת זרימה חוזרת 25,ברזים PPR,פולירול,,,,"h: 95.5 | D: 34 | z: 29.0 | l: 45 | d: 25 | מק""ט חוליות: 99041210 | יצרן: Polyroll",PPR Angle Check Valve 25,PPR Valves,🚰,ppr_p31_b.jpg,,,
99041212,ברז PPR אלכסוני עם מניעת זרימה חוזרת 32,ברזים PPR,פולירול,,,,"h: 111.5 | D: 43 | z: 38.0 | l: 56 | d: 32 | מק""ט חוליות: 99041212 | יצרן: Polyroll",PPR Angle Check Valve 32,PPR Valves,🚰,ppr_p31_b.jpg,,,
99041214,ברז PPR אלכסוני עם מניעת זרימה חוזרת 40,ברזים PPR,פולירול,,,,"h: 135.0 | D: 52 | z: 44.5 | l: 65 | d: 40 | מק""ט חוליות: 99041214 | יצרן: Polyroll",PPR Angle Check Valve 40,PPR Valves,🚰,ppr_p31_b.jpg,,,
99041388,ברז PPR כדורי פוליפרופילן 20,ברזים PPR,פולירול,,,,"L3: 68.0 | L2: 56.5 | H: 48.0 | h: 27 | E: 66.0 | D1: 50.3 | dk: 13.5 | d: 20 | DN: 15 | מק""ט חוליות: 99041388 | יצרן: Polyroll",PPR Valve 20,PPR Valves,🚰,ppr_p32_b.jpg,,,
99041390,ברז PPR כדורי פוליפרופילן 25,ברזים PPR,פולירול,,,,"L3: 78.0 | L2: 65.5 | H: 56.5 | h: 30 | E: 81.0 | D1: 59.0 | dk: 18.5 | d: 25 | DN: 20 | מק""ט חוליות: 99041390 | יצרן: Polyroll",PPR Valve 25,PPR Valves,🚰,ppr_p32_b.jpg,,,
99041392,ברז PPR כדורי פוליפרופילן 32,ברזים PPR,פולירול,,,,"L3: 84.5 | L2: 72.0 | H: 64.5 | h: 40 | E: 81.5 | D1: 70.3 | dk: 23.9 | d: 32 | DN: 25 | מק""ט חוליות: 99041392 | יצרן: Polyroll",PPR Valve 32,PPR Valves,🚰,ppr_p32_b.jpg,,,
99041394,ברז PPR כדורי פוליפרופילן 40,ברזים PPR,פולירול,,,,"L3: 100.0 | L2: 85.0 | H: 83.3 | h: 46 | E: 91.5 | D1: 85.9 | dk: 31.0 | d: 40 | DN: 32 | מק""ט חוליות: 99041394 | יצרן: Polyroll",PPR Valve 40,PPR Valves,🚰,ppr_p32_b.jpg,,,
99041396,ברז PPR כדורי פוליפרופילן 50,ברזים PPR,פולירול,,,,"L2: 107.0 | H: 89.0 | h: 89.4 | E: 55 | D1: 91.5 | dk: 99.5 | d: 38.5 | DN: 63 | מק""ט חוליות: 99041396 | יצרן: Polyroll",PPR Valve 50,PPR Valves,🚰,ppr_p32_b.jpg,,,
99041398,ברז PPR כדורי פוליפרופילן 63,ברזים PPR,פולירול,,,,"L3: 118.0 | L2: 101.0 | H: 115.0 | h: 70 | E: 141.5 | D1: 125.5 | dk: 50.0 | d: 75 | DN: 50 | מק""ט חוליות: 99041398 | יצרן: Polyroll",PPR Valve 63,PPR Valves,🚰,ppr_p32_b.jpg,,,
99041400,ברז PPR כדורי 75,ברזים PPR,פולירול,,,,"D: 152 | z: 139 | l: 129 | d: 108 | מק""ט חוליות: 99041400 | יצרן: Polyroll",PPR Valve 75,PPR Valves,🚰,ppr_p32_a.jpg,,,
99041602,ברז PPR כדורי בין אוגנים 90,ברזים PPR,פולירול,,,,"h1: 150 | D: 160 | z: 124 | l: 210 | d: 77 | DN: 80 | מק""ט חוליות: 99041602 | יצרן: Polyroll",PPR Valve 90,PPR Valves,🚰,ppr_p30_c.jpg,,,
99041604,ברז PPR כדורי בין אוגנים 110,ברזים PPR,פולירול,,,,"h2: 103.0 | h1: 165 | D: 180 | z: 145 | l: 260 | d: 94 | DN: 100 | מק""ט חוליות: 99041604 | יצרן: Polyroll",PPR Valve 110,PPR Valves,🚰,ppr_p30_c.jpg,,,
99041607,ברז PPR כדורי בין אוגנים 160,ברזים PPR,פולירול,,,,"h2: 136.5 | h1: 210 | D: 240 | z: 205 | l: 310 | d: 135 | DN: 150 | מק""ט חוליות: 99041607 | יצרן: Polyroll",PPR Valve 160,PPR Valves,🚰,ppr_p30_c.jpg,,,
992113131,מסעף PPRCT 160,מסעפים PPR,פולירול,,,,"z: 145 | d: 160 | SD: 11 | חומר: PPRCT | מק""ט חוליות: 992113131 | יצרן: Polyroll",PPR Tee 160,PPR Tees,🔱,ppr_tee.jpg,,,
992113135,מסעף PPRCT 200,מסעפים PPR,פולירול,,,,"z: 250 | d: 200 | SD: 11 | חומר: PPRCT | מק""ט חוליות: 992113135 | יצרן: Polyroll",PPR Tee 200,PPR Tees,🔱,ppr_tee.jpg,,,
992113139,מסעף PPRCT 250,מסעפים PPR,פולירול,,,,"z: 375 | d: 250 | SD: 11 | חומר: PPRCT | מק""ט חוליות: 992113139 | יצרן: Polyroll",PPR Tee 250,PPR Tees,🔱,ppr_tee.jpg,,,
992213601,מסעף PPRCT פ.פ מצרה 160X75X160,מסעפים PPR,פולירול,,,,"D1: 100 | z: 92 | l1: 122 | l: 230 | d1: 75 | d: 160 | SD: 11 | חומר: PPRCT | מק""ט חוליות: 992213601 | יצרן: Polyroll",PPR Tee 160X75X160,PPR Tees,🔱,ppr_tee_reducing.jpg,,,
992213603,מסעף PPRCT פ.פ מצרה 160X90X160,מסעפים PPR,פולירול,,,,"D1: 120 | z: 92 | l1: 125 | l: 230 | d1: 90 | d: 160 | SD: 11 | חומר: PPRCT | מק""ט חוליות: 992213603 | יצרן: Polyroll",PPR Tee 160X90X160,PPR Tees,🔱,ppr_tee_reducing.jpg,,,
992213609,מסעף PPRCT פ.פ מצרה 200X75X200,מסעפים PPR,פולירול,,,,"D1: 100 | z: 112 | l1: 142 | l: 250 | d1: 75 | d: 200 | SD: 11 | חומר: PPRCT | מק""ט חוליות: 992213609 | יצרן: Polyroll",PPR Tee 200X75X200,PPR Tees,🔱,ppr_tee_reducing.jpg,,,
992213611,מסעף PPRCT פ.פ מצרה 200X90X200,מסעפים PPR,פולירול,,,,"D1: 120 | z: 112 | l1: 145 | l: 250 | d1: 90 | d: 200 | SD: 11 | חומר: PPRCT | מק""ט חוליות: 992213611 | יצרן: Polyroll",PPR Tee 200X90X200,PPR Tees,🔱,ppr_tee_reducing.jpg,,,
992213613,מסעף PPRCT פ.פ מצרה 200X110X200,מסעפים PPR,פולירול,,,,"D1: 147 | z: 112 | l1: 149 | l: 250 | d1: 110 | d: 200 | SD: 11 | חומר: PPRCT | מק""ט חוליות: 992213613 | יצרן: Polyroll",PPR Tee 200X110X200,PPR Tees,🔱,ppr_tee_reducing.jpg,,,
992213615,מסעף PPRCT פ.פ מצרה 200X125X200,מסעפים PPR,פולירול,,,,"D1: 167 | z: 115 | l1: 155 | l: 250 | d1: 125 | d: 200 | SD: 11 | חומר: PPRCT | מק""ט חוליות: 992213615 | יצרן: Polyroll",PPR Tee 200X125X200,PPR Tees,🔱,ppr_tee_reducing.jpg,,,
992213619,מסעף PPRCT פ.פ מצרה 200X160X200,מסעפים PPR,פולירול,,,,"D1: 92 | z: 300 | l1: 160 | l: 200 | d1: 11 | חומר: PPRCT | מק""ט חוליות: 992213619 | יצרן: Polyroll",PPR Tee 200X160X200,PPR Tees,🔱,ppr_tee_reducing.jpg,,,
992213625,מסעף PPRCT פ.פ מצרה 250X75X250,מסעפים PPR,פולירול,,,,"D1: 100 | z: 137 | l1: 167 | l: 375 | d1: 75 | d: 250 | SD: 11 | חומר: PPRCT | מק""ט חוליות: 992213625 | יצרן: Polyroll",PPR Tee 250X75X250,PPR Tees,🔱,ppr_tee_reducing.jpg,,,
992213627,מסעף PPRCT פ.פ מצרה 250X90X250,מסעפים PPR,פולירול,,,,"D1: 120 | z: 137 | l1: 170 | l: 375 | d1: 90 | d: 250 | SD: 11 | חומר: PPRCT | מק""ט חוליות: 992213627 | יצרן: Polyroll",PPR Tee 250X90X250,PPR Tees,🔱,ppr_tee_reducing.jpg,,,
992213629,מסעף PPRCT פ.פ מצרה 250X110X250,מסעפים PPR,פולירול,,,,"D1: 147 | z: 137 | l1: 175 | l: 375 | d1: 110 | d: 250 | SD: 11 | חומר: PPRCT | מק""ט חוליות: 992213629 | יצרן: Polyroll",PPR Tee 250X110X250,PPR Tees,🔱,ppr_tee_reducing.jpg,,,
992213631,מסעף PPRCT פ.פ מצרה 250X125X250,מסעפים PPR,פולירול,,,,"D1: 167 | z: 140 | l1: 180 | l: 375 | d1: 125 | d: 250 | SD: 11 | חומר: PPRCT | מק""ט חוליות: 992213631 | יצרן: Polyroll",PPR Tee 250X125X250,PPR Tees,🔱,ppr_tee_reducing.jpg,,,
992213635,מסעף PPRCT פ.פ מצרה 250X160X250,מסעפים PPR,פולירול,,,,"D1: 92 | z: 375 | l1: 160 | l: 250 | d1: 11 | חומר: PPRCT | מק""ט חוליות: 992213635 | יצרן: Polyroll",PPR Tee 250X160X250,PPR Tees,🔱,ppr_tee_reducing.jpg,,,
992213641,מסעף PPRCT פ.פ מצרה 250X200X250,מסעפים PPR,פולירול,,,,"D1: 137 | z: 375 | l1: 200 | l: 250 | d1: 11 | חומר: PPRCT | מק""ט חוליות: 992213641 | יצרן: Polyroll",PPR Tee 250X200X250,PPR Tees,🔱,ppr_tee_reducing.jpg,,,
992411175,מצמד PPRCT פ.פ מצרה 160X110,מצמדים PPR,פולירול,,,,"D: 147 | z: 53 | I: 90 | d1: 110 | d: 160 | SD: 11 | חומר: PPRCT | מק""ט חוליות: 992411175 | יצרן: Polyroll",PPR Coupler 160X110,PPR Couplers,🔗,ppr_coupler_reducing.jpg,,,
992411177,מצמד PPRCT פ.פ מצרה 160X125,מצמדים PPR,פולירול,,,,"D: 167 | z: 50 | I: 90 | d1: 125 | d: 160 | SD: 11 | חומר: PPRCT | מק""ט חוליות: 992411177 | יצרן: Polyroll",PPR Coupler 160X125,PPR Couplers,🔗,ppr_coupler_reducing.jpg,,,
992411183,מצמד PPRCT פ.פ מצרה 200X125,מצמדים PPR,פולירול,,,,"D: 167 | z: 95 | I: 135 | d1: 125 | d: 200 | SD: 11 | חומר: PPRCT | מק""ט חוליות: 992411183 | יצרן: Polyroll",PPR Coupler 200X125,PPR Couplers,🔗,ppr_coupler_reducing.jpg,,,
992411185,מצמד PPRCT פ.פ מצרה 200X160,מצמדים PPR,פולירול,,,,"d: 200 | d1: 160 | z: 135 | SD: 11 | חומר: PPRCT | מק""ט חוליות: 992411185 | יצרן: Polyroll",PPR Coupler 200X160,PPR Couplers,🔗,ppr_coupler_reducing.jpg,,,
992411189,מצמד PPRCT פ.פ מצרה 250X160,מצמדים PPR,פולירול,,,,"D: 172.5 | z: 160 | I: 250 | d1: 11 | חומר: PPRCT | מק""ט חוליות: 992411189 | יצרן: Polyroll",PPR Coupler 250X160,PPR Couplers,🔗,ppr_coupler_reducing.jpg,,,
992411191,מצמד PPRCT פ.פ מצרה 250X200,מצמדים PPR,פולירול,,,,"D: 172.5 | z: 200 | I: 250 | d1: 11 | חומר: PPRCT | מק""ט חוליות: 992411191 | יצרן: Polyroll",PPR Coupler 250X200,PPR Couplers,🔗,ppr_coupler_reducing.jpg,,,
992412131,ברך PPRCT 90° פ.פ 160,ברכיים PPR,פולירול,,,,"z: 145 | d: 160 | SD: 11 | חומר: PPRCT | מק""ט חוליות: 992412131 | יצרן: Polyroll",PPR Elbow 160,PPR Elbows,↪️,ppr_elbow_90.jpg,,,
992412135,ברך PPRCT 90° פ.פ 200,ברכיים PPR,פולירול,,,,"z: 175 | d: 200 | SD: 11 | חומר: PPRCT | מק""ט חוליות: 992412135 | יצרן: Polyroll",PPR Elbow 200,PPR Elbows,↪️,ppr_elbow_90.jpg,,,
992412139,ברך PPRCT 90° פ.פ 250,ברכיים PPR,פולירול,,,,"z: 220 | d: 250 | SD: 11 | חומר: PPRCT | מק""ט חוליות: 992412139 | יצרן: Polyroll",PPR Elbow 250,PPR Elbows,↪️,ppr_elbow_90.jpg,,,
992415531,צווארון PPRCT 160,צווארונים ואוגנים PPR,פולירול,,,,"z1: 53 | l1: 14.6 | d1: 212 | D: 175 | z: 93 | I: 25 | d: 160 | SD: 11 | חומר: PPRCT | מק""ט חוליות: 992415531 | יצרן: Polyroll",PPR Collar 160,PPR Collars,⭕,ppr_collar.jpg,,,
992415535,צווארון PPRCT 200,צווארונים ואוגנים PPR,פולירול,,,,"z1: 72 | l1: 18.2 | d1: 268 | D: 232 | z: 130 | I: 32 | d: 200 | SD: 11 | חומר: PPRCT | מק""ט חוליות: 992415535 | יצרן: Polyroll",PPR Collar 200,PPR Collars,⭕,ppr_collar.jpg,,,
992415539,צווארון PPRCT 250,צווארונים ואוגנים PPR,פולירול,,,,"z1: 75 | l1: 22.7 | d1: 320 | D: 285 | z: 130 | I: 35 | d: 250 | SD: 11 | חומר: PPRCT | מק""ט חוליות: 992415539 | יצרן: Polyroll",PPR Collar 250,PPR Collars,⭕,ppr_collar.jpg,,,
992511174,מצמד PPRCT פ.פ מצרה 160X110,מצמדים PPR,פולירול,,,,"D: 147 | z: 53 | I: 90 | d1: 110 | d: 160 | SD: 17.6 | חומר: PPRCT | מק""ט חוליות: 992511174 | יצרן: Polyroll",PPR Coupler 160X110,PPR Couplers,🔗,ppr_coupler_reducing.jpg,,,
992511176,מצמד PPRCT פ.פ מצרה 160X125,מצמדים PPR,פולירול,,,,"D: 167 | z: 50 | I: 90 | d1: 125 | d: 160 | SD: 17.6 | חומר: PPRCT | מק""ט חוליות: 992511176 | יצרן: Polyroll",PPR Coupler 160X125,PPR Couplers,🔗,ppr_coupler_reducing.jpg,,,
992511180,מצמד PPRCT פ.פ מצרה 200X160,מצמדים PPR,פולירול,,,,"D: 135 | z: 160 | I: 200 | d1: 17.6 | חומר: PPRCT | מק""ט חוליות: 992511180 | יצרן: Polyroll",PPR Coupler 200X160,PPR Couplers,🔗,ppr_coupler_reducing.jpg,,,
992511182,מצמד PPRCT פ.פ מצרה 200X125,מצמדים PPR,פולירול,,,,"D: 167 | z: 95 | I: 135 | d1: 125 | d: 200 | SD: 17.6 | חומר: PPRCT | מק""ט חוליות: 992511182 | יצרן: Polyroll",PPR Coupler 200X125,PPR Couplers,🔗,ppr_coupler_reducing.jpg,,,
992511188,מצמד PPRCT פ.פ מצרה 250X160,מצמדים PPR,פולירול,,,,"D: 172.5 | z: 160 | I: 250 | d1: 17.6 | חומר: PPRCT | מק""ט חוליות: 992511188 | יצרן: Polyroll",PPR Coupler 250X160,PPR Couplers,🔗,ppr_coupler_reducing.jpg,,,
992511190,מצמד PPRCT פ.פ מצרה 250X200,מצמדים PPR,פולירול,,,,"D: 172.5 | z: 200 | I: 250 | d1: 17.6 | חומר: PPRCT | מק""ט חוליות: 992511190 | יצרן: Polyroll",PPR Coupler 250X200,PPR Couplers,🔗,ppr_coupler_reducing.jpg,,,
992512130,ברך PPRCT 90° פ.פ 160,ברכיים PPR,פולירול,,,,"z: 145 | d: 160 | SD: 17.6 | חומר: PPRCT | מק""ט חוליות: 992512130 | יצרן: Polyroll",PPR Elbow 160,PPR Elbows,↪️,ppr_elbow_90.jpg,,,
992512530,ברך PPRCT 45° פ.פ 160,ברכיים PPR,פולירול,,,,"z: 249 | d: 160 | SD: 17.6 | חומר: PPRCT | מק""ט חוליות: 992512530 | יצרן: Polyroll",PPR Elbow 160,PPR Elbows,↪️,ppr_elbow_45.jpg,,,
992513130,מסעף PPRCT 160,מסעפים PPR,פולירול,,,,"z: 145 | d: 160 | SD: 17.6 | חומר: PPRCT | מק""ט חוליות: 992513130 | יצרן: Polyroll",PPR Tee 160,PPR Tees,🔱,ppr_tee.jpg,,,
992513134,מסעף PPRCT 200,מסעפים PPR,פולירול,,,,"d: 200 | SD: 17.6 | מידה: 200 | שיטת חיבור: ריתוך שקע PPRCT | חומר: PPRCT | מק""ט חוליות: 992513134 | יצרן: Polyroll",PPR Tee 200,PPR Tees,🔱,ppr_tee.jpg,,,
992513138,מסעף PPRCT 250,מסעפים PPR,פולירול,,,,"z: 375 | d: 250 | SD: 17.6 | חומר: PPRCT | מק""ט חוליות: 992513138 | יצרן: Polyroll",PPR Tee 250,PPR Tees,🔱,ppr_tee.jpg,,,
992513618,מסעף PPRCT פ.פ מצרה 200X160X200,מסעפים PPR,פולירול,,,,"D1: 137 | z: 300 | l1: 160 | l: 200 | d1: 17.6 | חומר: PPRCT | מק""ט חוליות: 992513618 | יצרן: Polyroll",PPR Tee 200X160X200,PPR Tees,🔱,ppr_tee_reducing.jpg,,,
992513634,מסעף PPRCT פ.פ מצרה 250X160X250,מסעפים PPR,פולירול,,,,"D1: 137 | z: 375 | l1: 160 | l: 250 | d1: 17.6 | חומר: PPRCT | מק""ט חוליות: 992513634 | יצרן: Polyroll",PPR Tee 250X160X250,PPR Tees,🔱,ppr_tee_reducing.jpg,,,
992513640,מסעף PPRCT פ.פ מצרה 250X200X250,מסעפים PPR,פולירול,,,,"D1: 140 | z: 375 | l1: 200 | l: 250 | חומר: PPRCT | מק""ט חוליות: 992513640 | יצרן: Polyroll",PPR Tee 250X200X250,PPR Tees,🔱,ppr_tee_reducing.jpg,,,
992515530,צווארון PPRCT 160,צווארונים ואוגנים PPR,פולירול,,,,"z1: 53 | l1: 9.1 | d1: 212 | D: 175 | z: 93 | I: 25 | d: 160 | SD: 17.6 | חומר: PPRCT | מק""ט חוליות: 992515530 | יצרן: Polyroll",PPR Collar 160,PPR Collars,⭕,ppr_collar.jpg,,,
992515534,צווארון PPRCT 200,צווארונים ואוגנים PPR,פולירול,,,,"d: 200 | I: 32 | z: 130 | D: 232 | d1: 268 | l1: 11.4 | z1: 72 | SD: 17.6 | חומר: PPRCT | מק""ט חוליות: 992515534 | יצרן: Polyroll",PPR Collar 200,PPR Collars,⭕,ppr_collar.jpg,,,
992515538,צווארון PPRCT 250,צווארונים ואוגנים PPR,פולירול,,,,"z1: 75 | l1: 14.2 | d1: 320 | D: 285 | z: 130 | I: 35 | d: 250 | SD: 17.6 | חומר: PPRCT | מק""ט חוליות: 992515538 | יצרן: Polyroll",PPR Collar 250,PPR Collars,⭕,ppr_collar.jpg,,,
99515015,"פלטת ריתוך גדולה 75-125 מ""מ",כלי ריתוך PPR,פולירול,,,,"מק""ט יצרן: P-HLCT0125-KIT | מק""ט חוליות: 99515015 | יישום: פלטת ריתוך גדולה | סוג כלי: כלי-ריתוך פייה לפייה | יצרן: Polyroll",PPR Welding Plate (large) 75-125mm,PPR Welding Tools,🔥,ppr_p90_b.jpg,,,
99515042,תותב ריתוך לצינורות 20,כלי ריתוך PPR,פולירול,,,,"קוטר נומינלי: 20 | מק""ט יצרן: P-HLCT0020-X | מק""ט חוליות: 99515042 | יישום: תותב חימום סוקט (לריתוך פייה לפייה) | יצרן: Polyroll",PPR Welding Die 20,PPR Welding Tools,🔩,ppr_p91_b.jpg,,,
99515043,תותב ריתוך לצינורות 25,כלי ריתוך PPR,פולירול,,,,"קוטר נומינלי: 25 | מק""ט יצרן: P-HLCT0025-X | מק""ט חוליות: 99515043 | יישום: תותב חימום סוקט (לריתוך פייה לפייה) | יצרן: Polyroll",PPR Welding Die 25,PPR Welding Tools,🔩,ppr_p91_b.jpg,,,
99515044,תותב ריתוך לצינורות 32,כלי ריתוך PPR,פולירול,,,,"קוטר נומינלי: 32 | מק""ט יצרן: P-HLCT0032-X | מק""ט חוליות: 99515044 | יישום: תותב חימום סוקט (לריתוך פייה לפייה) | יצרן: Polyroll",PPR Welding Die 32,PPR Welding Tools,🔩,ppr_p91_b.jpg,,,
99515045,תותב ריתוך לצינורות 40,כלי ריתוך PPR,פולירול,,,,"קוטר נומינלי: 40 | מק""ט יצרן: P-HLCT0040-X | מק""ט חוליות: 99515045 | יישום: תותב חימום סוקט (לריתוך פייה לפייה) | יצרן: Polyroll",PPR Welding Die 40,PPR Welding Tools,🔩,ppr_p91_b.jpg,,,
99515046,תותב ריתוך לצינורות 50,כלי ריתוך PPR,פולירול,,,,"קוטר נומינלי: 50 | מק""ט יצרן: P-HLCT0050-X | מק""ט חוליות: 99515046 | יישום: תותב חימום סוקט (לריתוך פייה לפייה) | יצרן: Polyroll",PPR Welding Die 50,PPR Welding Tools,🔩,ppr_p91_b.jpg,,,
99515047,תותב ריתוך לצינורות 63,כלי ריתוך PPR,פולירול,,,,"קוטר נומינלי: 63 | מק""ט יצרן: P-HLCT0063-X | מק""ט חוליות: 99515047 | יישום: תותב חימום סוקט (לריתוך פייה לפייה) | יצרן: Polyroll",PPR Welding Die 63,PPR Welding Tools,🔩,ppr_p91_b.jpg,,,
99515048,תותב ריתוך לצינורות 75,כלי ריתוך PPR,פולירול,,,,"קוטר נומינלי: 75 | מק""ט יצרן: P-HLCT0075-X | מק""ט חוליות: 99515048 | יישום: תותב חימום סוקט (לריתוך פייה לפייה) | יצרן: Polyroll",PPR Welding Die 75,PPR Welding Tools,🔩,ppr_p91_b.jpg,,,
99515049,תותב ריתוך לצינורות 90,כלי ריתוך PPR,פולירול,,,,"קוטר נומינלי: 90 | מק""ט יצרן: P-HLCT0090-X | מק""ט חוליות: 99515049 | יישום: תותב חימום סוקט (לריתוך פייה לפייה) | יצרן: Polyroll",PPR Welding Die 90,PPR Welding Tools,🔩,ppr_p91_b.jpg,,,
99515050,תותב ריתוך לצינורות 110,כלי ריתוך PPR,פולירול,,,,"קוטר נומינלי: 110 | מק""ט יצרן: P-HLCT0110-X | מק""ט חוליות: 99515050 | יישום: תותב חימום סוקט (לריתוך פייה לפייה) | יצרן: Polyroll",PPR Welding Die 110,PPR Welding Tools,🔩,ppr_p91_b.jpg,,,
99515051,תותב ריתוך לצינורות 125,כלי ריתוך PPR,פולירול,,,,"קוטר נומינלי: 125 | מק""ט יצרן: P-HLCT0125-X | מק""ט חוליות: 99515051 | יישום: תותב חימום סוקט (לריתוך פייה לפייה) | יצרן: Polyroll",PPR Welding Die 125,PPR Welding Tools,🔩,ppr_p91_b.jpg,,,
99515080,פקק PPR 7/11,פקקים PPR,פולירול,,,,"A: 11.4 | B: 7.5 | C: 101.5 | ק""ג/מ: 0.008 | מידה: 7/11 | מק""ט יצרן: P-4501 | מק""ט חוליות: 99515080 | שיטת חיבור: שקע ריתוך | יצרן: Polyroll",PPR Plug 7/11,PPR Plugs,🔘,ppr_p33_d.jpg,,,
99515145,"מכונת פיגורות קלה לקטרים 63-125 מ""מ",כלי ריתוך PPR,פולירול,,,,"מק""ט יצרן: P-HLCT0125-LIGHT | מק""ט חוליות: 99515145 | יישום: מכונת פיגורות קלה | סוג כלי: כלי-ריתוך פייה לפייה | יצרן: Polyroll",PPR Facing Machine (light) 63-125mm,PPR Welding Tools,⚙️,ppr_p90_c.jpg,,,
99515148,"מכונת פיגורות שולחני 50-125 מ""מ",כלי ריתוך PPR,פולירול,,,,"מק""ט יצרן: P-HLCT0125-BENCH | מק""ט חוליות: 99515148 | יישום: מכונת פיגורות שולחני | סוג כלי: כלי-ריתוך פייה לפייה | יצרן: Polyroll",PPR Facing Machine (bench) 50-125mm,PPR Welding Tools,⚙️,ppr_p90_d.jpg,,,
99521318,"מזוודת ריתוך קטנה 20-63 מ""מ",כלי ריתוך PPR,פולירול,,,,"מק""ט יצרן: P-HLCT0063-KIT | מק""ט חוליות: 99521318 | יישום: מזוודת ריתוך קטנה | סוג כלי: כלי-ריתוך פייה לפייה | יצרן: Polyroll",PPR Welding Case (small) 20-63mm,PPR Welding Tools,🧰,ppr_p90_a.jpg,,,
99525201,תותב לריתוך רוכב 63x25/20,כלי ריתוך PPR,פולירול,,,,"מידה: 63x25/20 | מק""ט יצרן: DMTR6325 | מק""ט חוליות: 99525201 | יישום: תותב לריתוך אוכף-רוכב על הצינור | יצרן: Polyroll",PPR Saddle Welding Die 63x25/20,PPR Welding Tools,🔩,ppr_p92_a.jpg,,,
99525202,תותב לריתוך רוכב 75x25/20,כלי ריתוך PPR,פולירול,,,,"מידה: 75x25/20 | מק""ט יצרן: DMTR7525 | מק""ט חוליות: 99525202 | יישום: תותב לריתוך אוכף-רוכב על הצינור | יצרן: Polyroll",PPR Saddle Welding Die 75x25/20,PPR Welding Tools,🔩,ppr_p92_a.jpg,,,
99525203,תותב לריתוך רוכב 90x25/20,כלי ריתוך PPR,פולירול,,,,"מידה: 90x25/20 | מק""ט יצרן: DMTR9025 | מק""ט חוליות: 99525203 | יישום: תותב לריתוך אוכף-רוכב על הצינור | יצרן: Polyroll",PPR Saddle Welding Die 90x25/20,PPR Welding Tools,🔩,ppr_p92_a.jpg,,,
99525204,תותב לריתוך רוכב 110x25/20,כלי ריתוך PPR,פולירול,,,,"מידה: 110x25/20 | מק""ט יצרן: DMTR11025 | מק""ט חוליות: 99525204 | יישום: תותב לריתוך אוכף-רוכב על הצינור | יצרן: Polyroll",PPR Saddle Welding Die 110x25/20,PPR Welding Tools,🔩,ppr_p92_a.jpg,,,
99525205,תותב לריתוך רוכב 125x25/20,כלי ריתוך PPR,פולירול,,,,"מידה: 125x25/20 | מק""ט יצרן: DMTR12525 | מק""ט חוליות: 99525205 | יישום: תותב לריתוך אוכף-רוכב על הצינור | יצרן: Polyroll",PPR Saddle Welding Die 125x25/20,PPR Welding Tools,🔩,ppr_p92_a.jpg,,,
99525206,תותב לריתוך רוכב 160x25/20,כלי ריתוך PPR,פולירול,,,,"מידה: 160x25/20 | מק""ט יצרן: DMTR16025 | מק""ט חוליות: 99525206 | יישום: תותב לריתוך אוכף-רוכב על הצינור | יצרן: Polyroll",PPR Saddle Welding Die 160x25/20,PPR Welding Tools,🔩,ppr_p92_a.jpg,,,
99525207,תותב לריתוך רוכב 63x32,כלי ריתוך PPR,פולירול,,,,"מידה: 63x32 | מק""ט יצרן: DMTR6332 | מק""ט חוליות: 99525207 | יישום: תותב לריתוך אוכף-רוכב על הצינור | יצרן: Polyroll",PPR Saddle Welding Die 63x32,PPR Welding Tools,🔩,ppr_p92_a.jpg,,,
99525208,תותב לריתוך רוכב 75x32,כלי ריתוך PPR,פולירול,,,,"מידה: 75x32 | מק""ט יצרן: DMTR7532 | מק""ט חוליות: 99525208 | יישום: תותב לריתוך אוכף-רוכב על הצינור | יצרן: Polyroll",PPR Saddle Welding Die 75x32,PPR Welding Tools,🔩,ppr_p92_a.jpg,,,
99525209,תותב לריתוך רוכב 90x32,כלי ריתוך PPR,פולירול,,,,"מידה: 90x32 | מק""ט יצרן: DMTR9032 | מק""ט חוליות: 99525209 | יישום: תותב לריתוך אוכף-רוכב על הצינור | יצרן: Polyroll",PPR Saddle Welding Die 90x32,PPR Welding Tools,🔩,ppr_p92_a.jpg,,,
99525210,תותב לריתוך רוכב 110x32,כלי ריתוך PPR,פולירול,,,,"מידה: 110x32 | מק""ט יצרן: DMTR11032 | מק""ט חוליות: 99525210 | יישום: תותב לריתוך אוכף-רוכב על הצינור | יצרן: Polyroll",PPR Saddle Welding Die 110x32,PPR Welding Tools,🔩,ppr_p92_a.jpg,,,
99525211,תותב לריתוך רוכב 125x32,כלי ריתוך PPR,פולירול,,,,"מידה: 125x32 | מק""ט יצרן: DMTR12532 | מק""ט חוליות: 99525211 | יישום: תותב לריתוך אוכף-רוכב על הצינור | יצרן: Polyroll",PPR Saddle Welding Die 125x32,PPR Welding Tools,🔩,ppr_p92_a.jpg,,,
99525212,תותב לריתוך רוכב 160x32,כלי ריתוך PPR,פולירול,,,,"מידה: 160x32 | מק""ט יצרן: DMTR16032 | מק""ט חוליות: 99525212 | יישום: תותב לריתוך אוכף-רוכב על הצינור | יצרן: Polyroll",PPR Saddle Welding Die 160x32,PPR Welding Tools,🔩,ppr_p92_a.jpg,,,
99550149,"מברגה לקטרים 63-125 מ""מ (לעבודה בגובה)",כלי ריתוך PPR,פולירול,,,,"מק""ט יצרן: P-HLCT0125-DRV | מק""ט חוליות: 99550149 | יישום: מברגה לעבודה בגובה — קטרים 63-125 מ""מ | סוג כלי: מברגה לריתוך אוכף | יצרן: Polyroll",PPR Drill Driver 63-125mm,PPR Welding Tools,🪛,ppr_p91_a.jpg,,,
99550307,תותב ריתוך לתיקון חורים 7,כלי ריתוך PPR,פולירול,,,,"קוטר: 7 | מק""ט יצרן: P-HLCT0007-H | מק""ט חוליות: 99550307 | יישום: תותב לסגירת תיקון חור בריתוך | יצרן: Polyroll",PPR Hole-Repair Welding Die 7,PPR Welding Tools,🔩,ppr_p92_b.jpg,,,
99550311,תותב ריתוך לתיקון חורים 11,כלי ריתוך PPR,פולירול,,,,"קוטר: 11 | מק""ט יצרן: P-HLCT0011-H | מק""ט חוליות: 99550311 | יישום: תותב לסגירת תיקון חור בריתוך | יצרן: Polyroll",PPR Hole-Repair Welding Die 11,PPR Welding Tools,🔩,ppr_p92_b.jpg,,,
99550940,מקדח לרוכבים 20+25,כלי ריתוך PPR,פולירול,,,,"קוטר: 20+25 | מק""ט יצרן: P-HLCT0025-D | מק""ט חוליות: 99550940 | יישום: מקדח לפתיחת חור בצינור עבור רוכב-ריתוך | יצרן: Polyroll",PPR Saddle Drill 20+25,PPR Welding Tools,🪛,ppr_p91_c.jpg,,,
99550942,מקדח לרוכבים 32,כלי ריתוך PPR,פולירול,,,,"קוטר: 32 | מק""ט יצרן: P-HLCT0032-D | מק""ט חוליות: 99550942 | יישום: מקדח לפתיחת חור בצינור עבור רוכב-ריתוך | יצרן: Polyroll",PPR Saddle Drill 32,PPR Welding Tools,🪛,ppr_p91_c.jpg,,,
99550944,מקדח לרוכבים 40,כלי ריתוך PPR,פולירול,,,,"קוטר: 40 | מק""ט יצרן: P-HLCT0040-D | מק""ט חוליות: 99550944 | יישום: מקדח לפתיחת חור בצינור עבור רוכב-ריתוך | יצרן: Polyroll",PPR Saddle Drill 40,PPR Welding Tools,🪛,ppr_p91_c.jpg,,,
99550946,מקדח לרוכבים 50,כלי ריתוך PPR,פולירול,,,,"קוטר: 50 | מק""ט יצרן: P-HLCT0050-D | מק""ט חוליות: 99550946 | יישום: מקדח לפתיחת חור בצינור עבור רוכב-ריתוך | יצרן: Polyroll",PPR Saddle Drill 50,PPR Welding Tools,🪛,ppr_p91_c.jpg,,,
99550948,מקדח לרוכבים 63,כלי ריתוך PPR,פולירול,,,,"קוטר: 63 | מק""ט יצרן: P-HLCT0063-D | מק""ט חוליות: 99550948 | יישום: מקדח לפתיחת חור בצינור עבור רוכב-ריתוך | יצרן: Polyroll",PPR Saddle Drill 63,PPR Welding Tools,🪛,ppr_p91_c.jpg,,,
99550952,מקדח לרוכבים 90,כלי ריתוך PPR,פולירול,,,,"קוטר: 90 | מק""ט יצרן: P-HLCT0090-D | מק""ט חוליות: 99550952 | יישום: מקדח לפתיחת חור בצינור עבור רוכב-ריתוך | יצרן: Polyroll",PPR Saddle Drill 90,PPR Welding Tools,🪛,ppr_p91_c.jpg,,,
99560010,לוחית למיקום נקודת מים PPR,צווארונים ואוגנים PPR,פולירול,,,,"אורך: 254 מ""מ | רוחב: 50 מ""מ | מרחק חורי-קיבוע: 120.50 מ""מ | מק""ט חוליות: 99560010 | יצרן: Polyroll",PPR Water Point Positioning Plate,PPR Collars,⭕,ppr_p34_c.jpg,,,
997091,ברך 90° - תבריג צד אחד,אביזרי תבריג,ליפסקי,,,,זווית: 90° | תיאור: ברך 90° - תבריג צד אחד,Elbow 90° - One Side Threaded,Screw-on Accessories,🔩,997091.jpeg,,,
99905102,סעפת למונים תבריג חיצוני PPR 2,צווארונים ואוגנים PPR,פולירול,,,,"L (אורך כללי): 440 | מספר יציאות: 2 | קוטר יציאה: 1.5"" | מק""ט חוליות: 99905102 | יצרן: Polyroll","PPR Manifold for Meters, Male Threaded 2",PPR Collars,⭕,ppr_p34_b.jpg,,,
99905103,סעפת למונים תבריג חיצוני PPR 3,צווארונים ואוגנים PPR,פולירול,,,,"L (אורך כללי): 660 | מספר יציאות: 3 | קוטר יציאה: 1.5"" | מק""ט חוליות: 99905103 | יצרן: Polyroll","PPR Manifold for Meters, Male Threaded 3",PPR Collars,⭕,ppr_p34_b.jpg,,,
99905104,סעפת למונים תבריג חיצוני PPR 4,צווארונים ואוגנים PPR,פולירול,,,,"L (אורך כללי): 880 | מספר יציאות: 4 | קוטר יציאה: 1.5"" | מק""ט חוליות: 99905104 | יצרן: Polyroll","PPR Manifold for Meters, Male Threaded 4",PPR Collars,⭕,ppr_p34_b.jpg,,,
99905105,סעפת למונים תבריג חיצוני PPR 5,צווארונים ואוגנים PPR,פולירול,,,,"L (אורך כללי): 1090 | מספר יציאות: 5 | קוטר יציאה: 1.5"" | מק""ט חוליות: 99905105 | יצרן: Polyroll","PPR Manifold for Meters, Male Threaded 5",PPR Collars,⭕,ppr_p34_b.jpg,,,
99905106,סעפת למונים תבריג חיצוני PPR 6,צווארונים ואוגנים PPR,פולירול,,,,"L (אורך כללי): 1310 | מספר יציאות: 6 | קוטר יציאה: 1.5"" | מק""ט חוליות: 99905106 | יצרן: Polyroll","PPR Manifold for Meters, Male Threaded 6",PPR Collars,⭕,ppr_p34_b.jpg,,,
Z.0001003,"חבק תליה 1¼"" עם בידוד",חבקי תליה,AQUATEC,,,,"מאפיין: עם בידוד | תיאור: חבק תליה 1¼"" עם בידוד","Hanging Clamp 1¼"" Insulated",Hanging Clamps,🔩,77006030.jpg,,,
Z.0001031,"חבק תליה 3/4"" עם בידוד",חבקי תליה,AQUATEC,,,,"מאפיין: עם בידוד | מידה: 3/4"" | תיאור: חבק תליה 3/4"" עם בידוד","Hanging Clamp 3/4"" Insulated",Hanging Clamps,🔩,77006030.jpg,,,
Z.0001032,"חבק תליה 1"" עם בידוד",חבקי תליה,AQUATEC,,,,"מאפיין: עם בידוד | מידה: 1"" | תיאור: חבק תליה 1"" עם בידוד","Hanging Clamp 1"" Insulated",Hanging Clamps,🔩,77006030.jpg,,,
Z.0001034,"חבק תליה 1½"" עם בידוד",חבקי תליה,AQUATEC,,,,"מאפיין: עם בידוד | תיאור: חבק תליה 1½"" עם בידוד","Hanging Clamp 1½"" Insulated",Hanging Clamps,🔩,77006030.jpg,,,
Z.0001035,"חבק תליה 2"" עם בידוד",חבקי תליה,AQUATEC,,,,"מאפיין: עם בידוד | מידה: 2"" | תיאור: חבק תליה 2"" עם בידוד","Hanging Clamp 2"" Insulated",Hanging Clamps,🔩,77006030.jpg,,,
Z.0001039,"חבק תליה 4"" עם בידוד",חבקי תליה,AQUATEC,,,,"מאפיין: עם בידוד | מידה: 4"" | תיאור: חבק תליה 4"" עם בידוד","Hanging Clamp 4"" Insulated",Hanging Clamps,🔩,77006036.jpg,,,
Z.0001040,"חבק תליה 5"" עם בידוד",חבקי תליה,AQUATEC,,,,"מאפיין: עם בידוד | מידה: 5"" | תיאור: חבק תליה 5"" עם בידוד","Hanging Clamp 5"" Insulated",Hanging Clamps,🔩,77006036.jpg,,,
