sku,product_name,type,features,series,application,connection,thread,gender,material,color,sizes_raw,diameter_mm,diameter2_mm,diameter3_mm,angle_deg,inch,length_mm,wall_mm,sdr,sn_class,leftover,image_file,image_count,page_url
,אטם מעבר מאספסט לפלסטיק,אטם,מעבר,,,,,,פלסטיק,,,,,,,,,,,,מאספסט ל,_.jpg,3,http://www.huliot.co.il:80/product/%D7%90%D7%98%D7%9D-%D7%9E%D7%A2%D7%91%D7%A8-%D7%9E%D7%90%D7%A1%D7%A4%D7%A1%D7%98-%D7%9C%D7%A4%D7%9C%D7%A1%D7%98%D7%99%D7%A7/
,ברך צד אחד חלק 40/90,ברך,צד אחד חלק,,,,,,,,40/90,40,,,90,,,,,,,_4090.jpg,6,http://www.huliot.co.il:80/product/%D7%91%D7%A8%D7%9A-%D7%A6%D7%93-%D7%90%D7%97%D7%93-%D7%97%D7%9C%D7%A7-4090/
,ברך 45° 40/40,ברך,,,,,,,,,40/40,40,40,,45,,,,,,,_45_4040.jpg,5,http://www.huliot.co.il:80/product/%D7%91%D7%A8%D7%9A-45-4040/
,מחסום רצפה למקלחת 50/140 (סגור),מחסום,סגור,,מקלחת,,,,,,50/140,50,140,,,,,,,,רצפה,_50140_.jpg,6,http://www.huliot.co.il:80/product/%D7%9E%D7%97%D7%A1%D7%95%D7%9D-%D7%A8%D7%A6%D7%A4%D7%94-%D7%9C%D7%9E%D7%A7%D7%9C%D7%97%D7%AA-50140-%D7%A1%D7%92%D7%95%D7%A8/
,מחסום רצפה 50/140 שחור,מחסום,,,רצפה,,,,,שחור,50/140,50,140,,,,,,,,,_50140_.jpg,4,http://www.huliot.co.il:80/product/%D7%9E%D7%97%D7%A1%D7%95%D7%9D-%D7%A8%D7%A6%D7%A4%D7%94-50140-%D7%A9%D7%97%D7%95%D7%A8/
,מחסום תופי 50/140,מחסום,תופי,,,,,,,,50/140,50,140,,,,,,,,,_50140.jpg,5,http://www.huliot.co.il:80/product/%D7%9E%D7%97%D7%A1%D7%95%D7%9D-%D7%AA%D7%95%D7%A4%D7%99-50140/
,מצרה צד אחד חלק 60/50,מצרה,צד אחד חלק,,,,,,,,60/50,60,50,,,,,,,,,_6050.jpg,5,http://www.huliot.co.il:80/product/%D7%9E%D7%A6%D7%A8%D7%94-%D7%A6%D7%93-%D7%90%D7%97%D7%93-%D7%97%D7%9C%D7%A7-6050
,פקק לביוב 160,פקק,,,ביוב,,,,,,160,160,,,,,,,,,,_160.jpg,3,http://www.huliot.co.il:80/product/%D7%A4%D7%A7%D7%A7-%D7%9C%D7%91%D7%99%D7%95%D7%91-160/
,פקק לביוב 200,פקק,,,ביוב,,,,,,200,200,,,,,,,,,,_200.jpg,3,http://www.huliot.co.il:80/product/%D7%A4%D7%A7%D7%A7-%D7%9C%D7%91%D7%99%D7%95%D7%91-200/
,פקק לביוב 250,פקק,,,ביוב,,,,,,250,250,,,,,,,,,,_250.jpg,3,http://www.huliot.co.il:80/product/%D7%A4%D7%A7%D7%A7-%D7%9C%D7%91%D7%99%D7%95%D7%91-250/
,פקק לביוב 315,פקק,,,ביוב,,,,,,315,315,,,,,,,,,,_315.jpg,3,http://www.huliot.co.il:80/product/%D7%A4%D7%A7%D7%A7-%D7%9C%D7%91%D7%99%D7%95%D7%91-315/
,פקק לביוב 400,פקק,,,ביוב,,,,,,400,400,,,,,,,,,,_400.jpg,3,http://www.huliot.co.il:80/product/%D7%A4%D7%A7%D7%A7-%D7%9C%D7%91%D7%99%D7%95%D7%91-400/
,צינור חלק לשפכים חמים בקוטר 32 L- 4000,צינור,חלק,,שפכים חמים,,,,,,32,32,,,,,4000,,,,,_32_l_4000.jpg,6,http://www.huliot.co.il:80/product/%D7%A6%D7%99%D7%A0%D7%95%D7%A8-%D7%97%D7%9C%D7%A7-%D7%9C%D7%A9%D7%A4%D7%9B%D7%99%D7%9D-%D7%97%D7%9E%D7%99%D7%9D-%D7%91%D7%A7%D7%95%D7%98%D7%A8-32-l-4000/
,צינור חלק לשפכים חמים בקוטר 40 L- 3000,צינור,חלק,,שפכים חמים,,,,,,40,40,,,,,3000,,,,,_40_l_3000.jpg,3,http://www.huliot.co.il:80/product/%D7%A6%D7%99%D7%A0%D7%95%D7%A8-%D7%97%D7%9C%D7%A7-%D7%9C%D7%A9%D7%A4%D7%9B%D7%99%D7%9D-%D7%97%D7%9E%D7%99%D7%9D-%D7%91%D7%A7%D7%95%D7%98%D7%A8-40-l-3000/
,צינור חלק לשפכים חמים בקוטר 50 L- 3000,צינור,חלק,,שפכים חמים,,,,,,50,50,,,,,3000,,,,,_50_l_3000.jpg,6,http://www.huliot.co.il:80/product/%D7%A6%D7%99%D7%A0%D7%95%D7%A8-%D7%97%D7%9C%D7%A7-%D7%9C%D7%A9%D7%A4%D7%9B%D7%99%D7%9D-%D7%97%D7%9E%D7%99%D7%9D-%D7%91%D7%A7%D7%95%D7%98%D7%A8-50-l-3000/
,צינור חלק לשפכים חמים בקוטר 50 L- 4000,צינור,חלק,,שפכים חמים,,,,,,50,50,,,,,4000,,,,,_50_l_4000.jpg,4,http://www.huliot.co.il:80/product/%D7%A6%D7%99%D7%A0%D7%95%D7%A8-%D7%97%D7%9C%D7%A7-%D7%9C%D7%A9%D7%A4%D7%9B%D7%99%D7%9D-%D7%97%D7%9E%D7%99%D7%9D-%D7%91%D7%A7%D7%95%D7%98%D7%A8-50-l-4000/
,צינור חלק לשפכים חמים בקוטר 63 L- 4000,צינור,חלק,,שפכים חמים,,,,,,63,63,,,,,4000,,,,,_63_l_4000.jpg,6,http://www.huliot.co.il:80/product/%D7%A6%D7%99%D7%A0%D7%95%D7%A8-%D7%97%D7%9C%D7%A7-%D7%9C%D7%A9%D7%A4%D7%9B%D7%99%D7%9D-%D7%97%D7%9E%D7%99%D7%9D-%D7%91%D7%A7%D7%95%D7%98%D7%A8-63-l-4000/
,צינור לביוב SN-4 בקוטר 110 L1500,צינור,,,ביוב,,,,,,110,110,,,,,1500,,,SN4,,_sn_4_110_l1500.jpg,2,http://www.huliot.co.il:80/product/%D7%A6%D7%99%D7%A0%D7%95%D7%A8-%D7%9C%D7%91%D7%99%D7%95%D7%91-sn-4-%D7%91%D7%A7%D7%95%D7%98%D7%A8-110-l1500/
,צינור לביוב SN-4 בקוטר 160 L1500,צינור,,,ביוב,,,,,,160,160,,,,,1500,,,SN4,,_sn_4_160_l1500.jpg,2,http://www.huliot.co.il:80/product/%D7%A6%D7%99%D7%A0%D7%95%D7%A8-%D7%9C%D7%91%D7%99%D7%95%D7%91-sn-4-%D7%91%D7%A7%D7%95%D7%98%D7%A8-160-l1500/
,צינור לביוב SN-8 בקוטר 400 L3000,צינור,,,ביוב,,,,,,400,400,,,,,3000,,,SN8,,_sn_8_400_l3000.jpg,3,http://www.huliot.co.il:80/product/%D7%A6%D7%99%D7%A0%D7%95%D7%A8-%D7%9C%D7%91%D7%99%D7%95%D7%91-sn-8-%D7%91%D7%A7%D7%95%D7%98%D7%A8-400-l3000/
,צינור פוליפרופילן לשפכים חמים בקוטר 160 L2000,צינור,,,שפכים חמים,,,,PP,,160,160,,,,,2000,,,,,_160_l2000.jpg,2,http://www.huliot.co.il:80/product/%D7%A6%D7%99%D7%A0%D7%95%D7%A8-%D7%A4%D7%95%D7%9C%D7%99%D7%A4%D7%A8%D7%95%D7%A4%D7%99%D7%9C%D7%9F-%D7%9C%D7%A9%D7%A4%D7%9B%D7%99%D7%9D-%D7%97%D7%9E%D7%99%D7%9D-%D7%91%D7%A7%D7%95%D7%98%D7%A8-160-l2000/
,צינור פוליפרופילן לשפכים חמים בקוטר 160 L250,צינור,,,שפכים חמים,,,,PP,,160,160,,,,,250,,,,,_160_l250.jpg,2,http://www.huliot.co.il:80/product/%D7%A6%D7%99%D7%A0%D7%95%D7%A8-%D7%A4%D7%95%D7%9C%D7%99%D7%A4%D7%A8%D7%95%D7%A4%D7%99%D7%9C%D7%9F-%D7%9C%D7%A9%D7%A4%D7%9B%D7%99%D7%9D-%D7%97%D7%9E%D7%99%D7%9D-%D7%91%D7%A7%D7%95%D7%98%D7%A8-160-l250/
,צינור פוליפרופילן לשפכים חמים בקוטר 160 L3000,צינור,,,שפכים חמים,,,,PP,,160,160,,,,,3000,,,,,_160_l3000.jpg,2,http://www.huliot.co.il:80/product/%D7%A6%D7%99%D7%A0%D7%95%D7%A8-%D7%A4%D7%95%D7%9C%D7%99%D7%A4%D7%A8%D7%95%D7%A4%D7%99%D7%9C%D7%9F-%D7%9C%D7%A9%D7%A4%D7%9B%D7%99%D7%9D-%D7%97%D7%9E%D7%99%D7%9D-%D7%91%D7%A7%D7%95%D7%98%D7%A8-160-l3000/
,צינור פוליפרופילן לשפכים חמים בקוטר 160 L500,צינור,,,שפכים חמים,,,,PP,,160,160,,,,,500,,,,,_160_l500.jpg,2,http://www.huliot.co.il:80/product/%D7%A6%D7%99%D7%A0%D7%95%D7%A8-%D7%A4%D7%95%D7%9C%D7%99%D7%A4%D7%A8%D7%95%D7%A4%D7%99%D7%9C%D7%9F-%D7%9C%D7%A9%D7%A4%D7%9B%D7%99%D7%9D-%D7%97%D7%9E%D7%99%D7%9D-%D7%91%D7%A7%D7%95%D7%98%D7%A8-160-l500/
61237040,אביק נירוסטה  ¼1,אביק,,,,,,,נירוסטה,,,,,,,"¼1""",,,,,,61237040.jpg,6,https://www.huliot.co.il/product/%D7%90%D7%91%D7%99%D7%A7-%D7%A0%D7%99%D7%A8%D7%95%D7%A1%D7%98%D7%94-%C2%BC1-2/
61237040,אביק נירוסטה  ¼1,אביק,,,,,,,נירוסטה,,,,,,,"¼1""",,,,,,61237040.jpg,5,https://www.huliot.co.il/product/%D7%90%D7%91%D7%99%D7%A7-%D7%A0%D7%99%D7%A8%D7%95%D7%A1%D7%98%D7%94-%C2%BC1/
61451740,"אביק נירוסטה ""2",אביק,,,,,,,נירוסטה,,,,,,,"2""",,,,,,61451740.jpg,5,https://www.huliot.co.il/product/%D7%90%D7%91%D7%99%D7%A7-%D7%A0%D7%99%D7%A8%D7%95%D7%A1%D7%98%D7%94-2-2/
61451740,"אביק נירוסטה ""2",אביק,,,,,,,נירוסטה,,,,,,,"2""",,,,,,61451740.jpg,5,https://www.huliot.co.il/product/%D7%90%D7%91%D7%99%D7%A7-%D7%A0%D7%99%D7%A8%D7%95%D7%A1%D7%98%D7%94-2/
8160002100,אוגן לקיר גבס,אוגן,,,,,,,,,,,,,,,,,,,לקיר גבס,8160002100.jpg,6,https://www.huliot.co.il/product/%D7%90%D7%95%D7%92%D7%9F-%D7%9C%D7%A7%D7%99%D7%A8-%D7%92%D7%91%D7%A1/
98414206,אוגן פוליפרופילן / אוגן פלדה מצופה PP בקוטר 50,אוגן,מצופה PP,,,,,,PP,,50,50,,,,,,,,,אוגן פלדה,98414206.jpg,4,https://www.huliot.co.il/product/%D7%90%D7%95%D7%92%D7%9F-%D7%A4%D7%95%D7%9C%D7%99%D7%A4%D7%A8%D7%95%D7%A4%D7%99%D7%9C%D7%9F-%D7%90%D7%95%D7%92%D7%9F-%D7%A4%D7%9C%D7%93%D7%94-%D7%9E%D7%A6%D7%95%D7%A4%D7%94-pp-%D7%91%D7%A7%D7%95-3/
98414207,אוגן פוליפרופילן / אוגן פלדה מצופה PP בקוטר 63,אוגן,מצופה PP,,,,,,PP,,63,63,,,,,,,,,אוגן פלדה,98414207.jpg,4,https://www.huliot.co.il/product/%D7%90%D7%95%D7%92%D7%9F-%D7%A4%D7%95%D7%9C%D7%99%D7%A4%D7%A8%D7%95%D7%A4%D7%99%D7%9C%D7%9F-%D7%90%D7%95%D7%92%D7%9F-%D7%A4%D7%9C%D7%93%D7%94-%D7%9E%D7%A6%D7%95%D7%A4%D7%94-pp-%D7%91%D7%A7%D7%95-4/
98414208,אוגן פוליפרופילן / אוגן פלדה מצופה PP בקוטר 75,אוגן,מצופה PP,,,,,,PP,,75,75,,,,,,,,,אוגן פלדה,98414208.jpg,5,https://www.huliot.co.il/product/%D7%90%D7%95%D7%92%D7%9F-%D7%A4%D7%95%D7%9C%D7%99%D7%A4%D7%A8%D7%95%D7%A4%D7%99%D7%9C%D7%9F-%D7%90%D7%95%D7%92%D7%9F-%D7%A4%D7%9C%D7%93%D7%94-%D7%9E%D7%A6%D7%95%D7%A4%D7%94-pp-%D7%91%D7%A7%D7%95-5/
98414209,אוגן פוליפרופילן / אוגן פלדה מצופה PP בקוטר 90,אוגן,מצופה PP,,,,,,PP,,90,90,,,,,,,,,אוגן פלדה,98414209.jpg,4,https://www.huliot.co.il/product/%D7%90%D7%95%D7%92%D7%9F-%D7%A4%D7%95%D7%9C%D7%99%D7%A4%D7%A8%D7%95%D7%A4%D7%99%D7%9C%D7%9F-%D7%90%D7%95%D7%92%D7%9F-%D7%A4%D7%9C%D7%93%D7%94-%D7%9E%D7%A6%D7%95%D7%A4%D7%94-pp-%D7%91%D7%A7%D7%95-6/
98414210,אוגן פוליפרופילן / אוגן פלדה מצופה PP בקוטר 110,אוגן,מצופה PP,,,,,,PP,,110,110,,,,,,,,,אוגן פלדה,98414210.jpg,4,https://www.huliot.co.il/product/%D7%90%D7%95%D7%92%D7%9F-%D7%A4%D7%95%D7%9C%D7%99%D7%A4%D7%A8%D7%95%D7%A4%D7%99%D7%9C%D7%9F-%D7%90%D7%95%D7%92%D7%9F-%D7%A4%D7%9C%D7%93%D7%94-%D7%9E%D7%A6%D7%95%D7%A4%D7%94-pp-%D7%91%D7%A7%D7%95-7/
98414211,אוגן פוליפרופילן / אוגן פלדה מצופה PP בקוטר 125,אוגן,מצופה PP,,,,,,PP,,125,125,,,,,,,,,אוגן פלדה,98414211.jpg,4,https://www.huliot.co.il/product/%D7%90%D7%95%D7%92%D7%9F-%D7%A4%D7%95%D7%9C%D7%99%D7%A4%D7%A8%D7%95%D7%A4%D7%99%D7%9C%D7%9F-%D7%90%D7%95%D7%92%D7%9F-%D7%A4%D7%9C%D7%93%D7%94-%D7%9E%D7%A6%D7%95%D7%A4%D7%94-pp-%D7%91%D7%A7%D7%95-8/
98414213,אוגן פלדה מצופה פ.פ 160,אוגן,,,,,,,פלדה מצופה,,160,160,,,,,,,,,פ פ,98414213.jpg,5,https://www.huliot.co.il/product/%D7%90%D7%95%D7%92%D7%9F-%D7%A4%D7%9C%D7%93%D7%94-%D7%9E%D7%A6%D7%95%D7%A4%D7%94-%D7%A4-%D7%A4-160/
98414215,אוגן פלדה מצופה פ.פ 200,אוגן,,,,,,,פלדה מצופה,,200,200,,,,,,,,,פ פ,98414215.jpg,6,https://www.huliot.co.il/product/%D7%90%D7%95%D7%92%D7%9F-%D7%A4%D7%9C%D7%93%D7%94-%D7%9E%D7%A6%D7%95%D7%A4%D7%94-%D7%A4-%D7%A4-200/
98415738,אוגן פלדה מצופה פ.פ 250,אוגן,,,,,,,פלדה מצופה,,250,250,,,,,,,,,פ פ,98415738.jpg,5,https://www.huliot.co.il/product/%D7%90%D7%95%D7%92%D7%9F-%D7%A4%D7%9C%D7%93%D7%94-%D7%9E%D7%A6%D7%95%D7%A4%D7%94-%D7%A4-%D7%A4-250/
60703260,אום ישר לתבריג 32,אום,ישר,,,הברגה,,,,,32,32,,,,,,,,,ל,60703260.jpg,5,https://www.huliot.co.il/product/%D7%90%D7%95%D7%9D-%D7%99%D7%A9%D7%A8-%D7%9C%D7%AA%D7%91%D7%A8%D7%99%D7%92-32/
60740060,אום ישר לתבריג 40,אום,ישר,,,הברגה,,,,,40,40,,,,,,,,,ל,60740060.jpg,5,https://www.huliot.co.il/product/%D7%90%D7%95%D7%9D-%D7%99%D7%A9%D7%A8-%D7%9C%D7%AA%D7%91%D7%A8%D7%99%D7%92-40/
60705060,אום ישר לתבריג 50,אום,ישר,,,הברגה,,,,,50,50,,,,,,,,,ל,60705060.jpg,5,https://www.huliot.co.il/product/%D7%90%D7%95%D7%9D-%D7%99%D7%A9%D7%A8-%D7%9C%D7%AA%D7%91%D7%A8%D7%99%D7%92-50/
60763063,אום ישר לתבריג 63,אום,ישר,,,הברגה,,,,,63,63,,,,,,,,,ל,60763063.jpg,5,https://www.huliot.co.il/product/%D7%90%D7%95%D7%9D-%D7%99%D7%A9%D7%A8-%D7%9C%D7%AA%D7%91%D7%A8%D7%99%D7%92-63/
60760060,אום ישר לתבריג 69,אום,ישר,,,הברגה,,,,,69,69,,,,,,,,,ל,60760060.jpg,5,https://www.huliot.co.il/product/%D7%90%D7%95%D7%9D-%D7%99%D7%A9%D7%A8-%D7%9C%D7%AA%D7%91%D7%A8%D7%99%D7%92-69/
70950160,אום לג'וקר 32 ™SmartLock,אום,,SmartLock,ג'וקר,,,,,,32,32,,,,,,,,,,70950160.jpg,6,https://www.huliot.co.il/product/%D7%90%D7%95%D7%9D-%D7%9C%D7%92%D7%95%D7%A7%D7%A8-32-smartlock/
70860060,אום לג'וקר 40 ™SmartLock,אום,,SmartLock,ג'וקר,,,,,,40,40,,,,,,,,,,70860060.jpg,5,https://www.huliot.co.il/product/%D7%90%D7%95%D7%9D-%D7%9C%D7%92%D7%95%D7%A7%D7%A8-40-smartlock/
70863063,אום לג'וקר 50 ™SmartLock,אום,,SmartLock,ג'וקר,,,,,,50,50,,,,,,,,,,70863063.jpg,6,https://www.huliot.co.il/product/%D7%90%D7%95%D7%9D-%D7%9C%D7%92%D7%95%D7%A7%D7%A8-50-smartlock/
70703260,אום 32 ™SmartLock,אום,,SmartLock,,,,,,,32,32,,,,,,,,,,70703260.jpg,5,https://www.huliot.co.il/product/%D7%90%D7%95%D7%9D-32-smartlock/
70704060,אום 40 ™SmartLock,אום,,SmartLock,,,,,,,40,40,,,,,,,,,,70704060.jpg,5,https://www.huliot.co.il/product/%D7%90%D7%95%D7%9D-40-smartlock/
60850060,אום 50 כדורי למחסום,אום,כדורי,,מחסום,,,,,,50,50,,,,,,,,,,60850060.jpg,5,https://www.huliot.co.il/product/%D7%90%D7%95%D7%9D-50-%D7%9B%D7%93%D7%95%D7%A8%D7%99-%D7%9C%D7%9E%D7%97%D7%A1%D7%95%D7%9D/
70705060,אום 50 ™SmartLock,אום,,SmartLock,,,,,,,50,50,,,,,,,,,,70705060.jpg,6,https://www.huliot.co.il/product/%D7%90%D7%95%D7%9D-50-smartlock/
60860060,אום 63 כדורי למאסף,אום,כדורי,,מאסף,,,,,,63,63,,,,,,,,,,60860060.jpg,5,https://www.huliot.co.il/product/%D7%90%D7%95%D7%9D-63-%D7%9B%D7%93%D7%95%D7%A8%D7%99-%D7%9C%D7%9E%D7%90%D7%A1%D7%A3/
70763063,אום 63 ™SmartLock,אום,,SmartLock,,,,,,,63,63,,,,,,,,,,70763063.jpg,6,https://www.huliot.co.il/product/%D7%90%D7%95%D7%9D-63-smartlock/
60863063,אום 69 כדורי למאסף,אום,כדורי,,מאסף,,,,,,69,69,,,,,,,,,,60863063.jpg,5,https://www.huliot.co.il/product/%D7%90%D7%95%D7%9D-69-%D7%9B%D7%93%D7%95%D7%A8%D7%99-%D7%9C%D7%9E%D7%90%D7%A1%D7%A3/
67760440,אטם כדורי 40,אטם,כדורי,,,,,,,,40,40,,,,,,,,,,67760440.jpg,5,https://www.huliot.co.il/product/%D7%90%D7%98%D7%9D-%D7%9B%D7%93%D7%95%D7%A8%D7%99-40-2/
67750440,אטם כדורי 40,אטם,כדורי,,,,,,,,40,40,,,,,,,,,,67750440.jpg,5,https://www.huliot.co.il/product/%D7%90%D7%98%D7%9D-%D7%9B%D7%93%D7%95%D7%A8%D7%99-40/
67760540,אטם כדורי 50,אטם,כדורי,,,,,,,,50,50,,,,,,,,,,67760540.jpg,5,https://www.huliot.co.il/product/%D7%90%D7%98%D7%9D-%D7%9B%D7%93%D7%95%D7%A8%D7%99-50/
67763063,אטם כדורי 63,אטם,כדורי,,,,,,,,63,63,,,,,,,,,,67763063.jpg,5,https://www.huliot.co.il/product/%D7%90%D7%98%D7%9D-%D7%9B%D7%93%D7%95%D7%A8%D7%99-63/
47640050,אטם לאביזרי תיקון 100,אטם,,,,,,,,,100,100,,,,,,,,,לאביזרי תיקון,47640050.jpg,3,https://www.huliot.co.il/product/%D7%90%D7%98%D7%9D-%D7%9C%D7%90%D7%91%D7%99%D7%96%D7%A8%D7%99-%D7%AA%D7%99%D7%A7%D7%95%D7%9F-100/
61239160,"אטם לגוף סיפון  ""2 מצופה סיליקון",אטם,סיפון,,,,,,,,,,,,,"2""",,,,,לגוף מצופה סיליקון,61239160.jpg,5,https://www.huliot.co.il/product/%D7%90%D7%98%D7%9D-%D7%9C%D7%92%D7%95%D7%A3-%D7%A1%D7%99%D7%A4%D7%95%D7%9F-2-%D7%9E%D7%A6%D7%95%D7%A4%D7%94-%D7%A1%D7%99%D7%9C%D7%99%D7%A7%D7%95%D7%9F-2/
61451471,"אטם לגוף סיפון  ""2 מצופה סיליקון",אטם,סיפון,,,,,,,,,,,,,"2""",,,,,לגוף מצופה סיליקון,61451471.jpg,5,https://www.huliot.co.il/product/%D7%90%D7%98%D7%9D-%D7%9C%D7%92%D7%95%D7%A3-%D7%A1%D7%99%D7%A4%D7%95%D7%9F-2-%D7%9E%D7%A6%D7%95%D7%A4%D7%94-%D7%A1%D7%99%D7%9C%D7%99%D7%A7%D7%95%D7%9F-3/
61239160,"אטם לגוף סיפון  ""2 מצופה סיליקון",אטם,סיפון,,,,,,,,,,,,,"2""",,,,,לגוף מצופה סיליקון,61239160.jpg,6,https://www.huliot.co.il/product/%D7%90%D7%98%D7%9D-%D7%9C%D7%92%D7%95%D7%A3-%D7%A1%D7%99%D7%A4%D7%95%D7%9F-2-%D7%9E%D7%A6%D7%95%D7%A4%D7%94-%D7%A1%D7%99%D7%9C%D7%99%D7%A7%D7%95%D7%9F-4/
61451471,"אטם לגוף סיפון  ""2 מצופה סיליקון",אטם,סיפון,,,,,,,,,,,,,"2""",,,,,לגוף מצופה סיליקון,61451471.jpg,5,https://www.huliot.co.il/product/%D7%90%D7%98%D7%9D-%D7%9C%D7%92%D7%95%D7%A3-%D7%A1%D7%99%D7%A4%D7%95%D7%9F-2-%D7%9E%D7%A6%D7%95%D7%A4%D7%94-%D7%A1%D7%99%D7%9C%D7%99%D7%A7%D7%95%D7%9F/
67760440,אטם לג'וקר מצרה 40-50 ™SmartLock,אטם,מצרה,SmartLock,ג'וקר,,,,,,40/50,40,50,,,,,,,,,67760440.jpg,6,https://www.huliot.co.il/product/%D7%90%D7%98%D7%9D-%D7%9C%D7%92%D7%95%D7%A7%D7%A8-%D7%9E%D7%A6%D7%A8%D7%94-40-50-smartlock/
67750440,אטם לג'וקר 40 ™SmartLock,אטם,,SmartLock,ג'וקר,,,,,,40,40,,,,,,,,,,67750440.jpg,6,https://www.huliot.co.il/product/%D7%90%D7%98%D7%9D-%D7%9C%D7%92%D7%95%D7%A7%D7%A8-40-smartlock/
67760540,אטם לג'וקר 50 ™SmartLock,אטם,,SmartLock,ג'וקר,,,,,,50,50,,,,,,,,,,67760540.jpg,5,https://www.huliot.co.il/product/%D7%90%D7%98%D7%9D-%D7%9C%D7%92%D7%95%D7%A7%D7%A8-50-smartlock/
67763063,אטם לג'וקר 63 ™SmartLock,אטם,,SmartLock,ג'וקר,,,,,,63,63,,,,,,,,,,67763063.jpg,6,https://www.huliot.co.il/product/%D7%90%D7%98%D7%9D-%D7%9C%D7%92%D7%95%D7%A7%D7%A8-63-smartlock/
67532040,אטם לחץ דו צדדי  32,אטם,,,,,,,,,32,32,,,,,,,,,לחץ דו צדדי,67532040.jpg,5,https://www.huliot.co.il/product/%D7%90%D7%98%D7%9D-%D7%9C%D7%97%D7%A5-%D7%93%D7%95-%D7%A6%D7%93%D7%93%D7%99-32/
67540040,אטם לחץ דו צדדי  40,אטם,,,,,,,,,40,40,,,,,,,,,לחץ דו צדדי,67540040.jpg,5,https://www.huliot.co.il/product/%D7%90%D7%98%D7%9D-%D7%9C%D7%97%D7%A5-%D7%93%D7%95-%D7%A6%D7%93%D7%93%D7%99-40/
67550040,אטם לחץ דו צדדי 50,אטם,,,,,,,,,50,50,,,,,,,,,לחץ דו צדדי,67550040.jpg,5,https://www.huliot.co.il/product/%D7%90%D7%98%D7%9D-%D7%9C%D7%97%D7%A5-%D7%93%D7%95-%D7%A6%D7%93%D7%93%D7%99-50/
67563063,אטם לחץ דו צדדי 63,אטם,,,,,,,,,63,63,,,,,,,,,לחץ דו צדדי,67563063.jpg,5,https://www.huliot.co.il/product/%D7%90%D7%98%D7%9D-%D7%9C%D7%97%D7%A5-%D7%93%D7%95-%D7%A6%D7%93%D7%93%D7%99-63/
61451461,"אטם עגול 84 למכסה עגול מרובע, מאספים, מחסומים",אטם,עגול,,,,,,,,84,84,,,,,,,,,למכסה עגול מרובע מאספים מחסומים,61451461.jpg,6,https://www.huliot.co.il/product/%D7%90%D7%98%D7%9D-%D7%A2%D7%92%D7%95%D7%9C-84-%D7%9C%D7%9E%D7%9B%D7%A1%D7%94-%D7%A2%D7%92%D7%95%D7%9C-%D7%9E%D7%A8%D7%95%D7%91%D7%A2-%D7%9E%D7%90%D7%A1%D7%A4%D7%99%D7%9D-%D7%9E%D7%97%D7%A1%D7%95-2/
61451461,"אטם עגול 84 למכסה עגול מרובע, מאספים, מחסומים",אטם,עגול,,,,,,,,84,84,,,,,,,,,למכסה עגול מרובע מאספים מחסומים,61451461.jpg,5,https://www.huliot.co.il/product/%D7%90%D7%98%D7%9D-%D7%A2%D7%92%D7%95%D7%9C-84-%D7%9C%D7%9E%D7%9B%D7%A1%D7%94-%D7%A2%D7%92%D7%95%D7%9C-%D7%9E%D7%A8%D7%95%D7%91%D7%A2-%D7%9E%D7%90%D7%A1%D7%A4%D7%99%D7%9D-%D7%9E%D7%97%D7%A1%D7%95/
67750040,אטם פקק 69 למחסומים ומאספים,אטם,פקק,,,,,,,,69,69,,,,,,,,,למחסומים ומאספים,67750040.jpg,6,https://www.huliot.co.il/product/%D7%90%D7%98%D7%9D-%D7%A4%D7%A7%D7%A7-69-%D7%9C%D7%9E%D7%97%D7%A1%D7%95%D7%9E%D7%99%D7%9D-%D7%95%D7%9E%D7%90%D7%A1%D7%A4%D7%99%D7%9D-2/
67750040,אטם פקק 69 למחסומים ומאספים,אטם,פקק,,,,,,,,69,69,,,,,,,,,למחסומים ומאספים,67750040.jpg,5,https://www.huliot.co.il/product/%D7%90%D7%98%D7%9D-%D7%A4%D7%A7%D7%A7-69-%D7%9C%D7%9E%D7%97%D7%A1%D7%95%D7%9E%D7%99%D7%9D-%D7%95%D7%9E%D7%90%D7%A1%D7%A4%D7%99%D7%9D/
67640040,אטם קוני לתבריג 40,אטם,,,,הברגה,,,,,40,40,,,,,,,,,קוני ל,67640040.jpg,5,https://www.huliot.co.il/product/%D7%90%D7%98%D7%9D-%D7%A7%D7%95%D7%A0%D7%99-%D7%9C%D7%AA%D7%91%D7%A8%D7%99%D7%92-40/
67660040,אטם קוני לתבריג 69,אטם,,,,הברגה,,,,,69,69,,,,,,,,,קוני ל,67660040.jpg,5,https://www.huliot.co.il/product/%D7%90%D7%98%D7%9D-%D7%A7%D7%95%D7%A0%D7%99-%D7%9C%D7%AA%D7%91%D7%A8%D7%99%D7%92-69/
47640041,אטם שפה 110,אטם,שפה,,,,,,,,110,110,,,,,,,,,,47640041.jpg,3,https://www.huliot.co.il/product/%D7%90%D7%98%D7%9D-%D7%A9%D7%A4%D7%94-110/
47650041,אטם שפה 125,אטם,שפה,,,,,,,,125,125,,,,,,,,,,47650041.jpg,4,https://www.huliot.co.il/product/%D7%90%D7%98%D7%9D-%D7%A9%D7%A4%D7%94-125/
47660041,אטם שפה 160,אטם,שפה,,,,,,,,160,160,,,,,,,,,,47660041.jpg,4,https://www.huliot.co.il/product/%D7%90%D7%98%D7%9D-%D7%A9%D7%A4%D7%94-160/
47610041,אטם שפה 40,אטם,שפה,,,,,,,,40,40,,,,,,,,,,47610041.jpg,3,https://www.huliot.co.il/product/%D7%90%D7%98%D7%9D-%D7%A9%D7%A4%D7%94-40/
47620041,אטם שפה 50,אטם,שפה,,,,,,,,50,50,,,,,,,,,,47620041.jpg,4,https://www.huliot.co.il/product/%D7%90%D7%98%D7%9D-%D7%A9%D7%A4%D7%94-50/
47630041,אטם שפה 75,אטם,שפה,,,,,,,,75,75,,,,,,,,,,47630041.jpg,4,https://www.huliot.co.il/product/%D7%90%D7%98%D7%9D-%D7%A9%D7%A4%D7%94-75/
47640041,אטם 110,אטם,,,,,,,,,110,110,,,,,,,,,,47640041.jpg,4,https://www.huliot.co.il/product/%D7%90%D7%98%D7%9D-110/
47660041,אטם 160,אטם,,,,,,,,,160,160,,,,,,,,,,47660041.jpg,4,https://www.huliot.co.il/product/%D7%90%D7%98%D7%9D-160/
47680041,אטם 200,אטם,,,,,,,,,200,200,,,,,,,,,,47680041.jpg,4,https://www.huliot.co.il/product/%D7%90%D7%98%D7%9D-200/
47690041,אטם 250,אטם,,,,,,,,,250,250,,,,,,,,,,47690041.jpg,4,https://www.huliot.co.il/product/%D7%90%D7%98%D7%9D-250/
47631541,אטם 315,אטם,,,,,,,,,315,315,,,,,,,,,,47631541.jpg,4,https://www.huliot.co.il/product/%D7%90%D7%98%D7%9D-315/
47635541,אטם 355,אטם,,,,,,,,,355,355,,,,,,,,,,47635541.jpg,3,https://www.huliot.co.il/product/%D7%90%D7%98%D7%9D-355/
47649941,אטם 400,אטם,,,,,,,,,400,400,,,,,,,,,,47649941.jpg,4,https://www.huliot.co.il/product/%D7%90%D7%98%D7%9D-400/
44040000,אל חוזר לביוב 110,אל חוזר,,,ביוב,,,,,,110,110,,,,,,,,,,44040000.jpg,4,https://www.huliot.co.il/product/%D7%90%D7%9C-%D7%97%D7%95%D7%96%D7%A8-%D7%9C%D7%91%D7%99%D7%95%D7%91-110/
44060000,אל חוזר לביוב 160,אל חוזר,,,ביוב,,,,,,160,160,,,,,,,,,,44060000.jpg,4,https://www.huliot.co.il/product/%D7%90%D7%9C-%D7%97%D7%95%D7%96%D7%A8-%D7%9C%D7%91%D7%99%D7%95%D7%91-160/
44080000,אל חוזר לביוב 200,אל חוזר,,,ביוב,,,,,,200,200,,,,,,,,,,44080000.jpg,4,https://www.huliot.co.il/product/%D7%90%D7%9C-%D7%97%D7%95%D7%96%D7%A8-%D7%9C%D7%91%D7%99%D7%95%D7%91-200/
44090000,אל חוזר לביוב 250,אל חוזר,,,ביוב,,,,,,250,250,,,,,,,,,,44090000.jpg,4,https://www.huliot.co.il/product/%D7%90%D7%9C-%D7%97%D7%95%D7%96%D7%A8-%D7%9C%D7%91%D7%99%D7%95%D7%91-250/
44031000,אל חוזר לביוב 315,אל חוזר,,,ביוב,,,,,,315,315,,,,,,,,,,44031000.jpg,4,https://www.huliot.co.il/product/%D7%90%D7%9C-%D7%97%D7%95%D7%96%D7%A8-%D7%9C%D7%91%D7%99%D7%95%D7%91-315/
99041208,ברז אלכסוני עם מניעת זרימה חוזרת 20,ברז,אלכסוני,,,,,,,,20,20,,,,,,,,,עם מניעת זרימה חוזרת,99041208.jpg,4,https://www.huliot.co.il/product/%D7%91%D7%A8%D7%96-%D7%90%D7%9C%D7%9B%D7%A1%D7%95%D7%A0%D7%99-%D7%A2%D7%9D-%D7%9E%D7%A0%D7%99%D7%A2%D7%AA-%D7%96%D7%A8%D7%99%D7%9E%D7%94-%D7%97%D7%95%D7%96%D7%A8%D7%AA-20/
99041210,ברז אלכסוני עם מניעת זרימה חוזרת 25,ברז,אלכסוני,,,,,,,,25,25,,,,,,,,,עם מניעת זרימה חוזרת,99041210.jpg,4,https://www.huliot.co.il/product/%D7%91%D7%A8%D7%96-%D7%90%D7%9C%D7%9B%D7%A1%D7%95%D7%A0%D7%99-%D7%A2%D7%9D-%D7%9E%D7%A0%D7%99%D7%A2%D7%AA-%D7%96%D7%A8%D7%99%D7%9E%D7%94-%D7%97%D7%95%D7%96%D7%A8%D7%AA-25/
99041212,ברז אלכסוני עם מניעת זרימה חוזרת 32,ברז,אלכסוני,,,,,,,,32,32,,,,,,,,,עם מניעת זרימה חוזרת,99041212.jpg,4,https://www.huliot.co.il/product/%D7%91%D7%A8%D7%96-%D7%90%D7%9C%D7%9B%D7%A1%D7%95%D7%A0%D7%99-%D7%A2%D7%9D-%D7%9E%D7%A0%D7%99%D7%A2%D7%AA-%D7%96%D7%A8%D7%99%D7%9E%D7%94-%D7%97%D7%95%D7%96%D7%A8%D7%AA-32/
99041214,ברז אלכסוני עם מניעת זרימה חוזרת 40,ברז,אלכסוני,,,,,,,,40,40,,,,,,,,,עם מניעת זרימה חוזרת,99041214.jpg,4,https://www.huliot.co.il/product/%D7%91%D7%A8%D7%96-%D7%90%D7%9C%D7%9B%D7%A1%D7%95%D7%A0%D7%99-%D7%A2%D7%9D-%D7%9E%D7%A0%D7%99%D7%A2%D7%AA-%D7%96%D7%A8%D7%99%D7%9E%D7%94-%D7%97%D7%95%D7%96%D7%A8%D7%AA-40/
99041108,ברז אלכסוני 20,ברז,אלכסוני,,,,,,,,20,20,,,,,,,,,,99041108.jpg,4,https://www.huliot.co.il/product/%D7%91%D7%A8%D7%96-%D7%90%D7%9C%D7%9B%D7%A1%D7%95%D7%A0%D7%99-20/
99041110,ברז אלכסוני 25,ברז,אלכסוני,,,,,,,,25,25,,,,,,,,,,99041110.jpg,4,https://www.huliot.co.il/product/%D7%91%D7%A8%D7%96-%D7%90%D7%9C%D7%9B%D7%A1%D7%95%D7%A0%D7%99-25/
99041112,ברז אלכסוני 32,ברז,אלכסוני,,,,,,,,32,32,,,,,,,,,,99041112.jpg,5,https://www.huliot.co.il/product/%D7%91%D7%A8%D7%96-%D7%90%D7%9C%D7%9B%D7%A1%D7%95%D7%A0%D7%99-32/
99041114,ברז אלכסוני 40,ברז,אלכסוני,,,,,,,,40,40,,,,,,,,,,99041114.jpg,5,https://www.huliot.co.il/product/%D7%91%D7%A8%D7%96-%D7%90%D7%9C%D7%9B%D7%A1%D7%95%D7%A0%D7%99-40/
99041604,ברז כדורי בין אוגנים 110,ברז,כדורי|בין אוגנים,,,,,,,,110,110,,,,,,,,,,99041604.jpg,3,https://www.huliot.co.il/product/%D7%91%D7%A8%D7%96-%D7%9B%D7%93%D7%95%D7%A8%D7%99-%D7%91%D7%99%D7%9F-%D7%90%D7%95%D7%92%D7%A0%D7%99%D7%9D-110/
99041607,ברז כדורי בין אוגנים 160,ברז,כדורי|בין אוגנים,,,,,,,,160,160,,,,,,,,,,99041607.jpg,5,https://www.huliot.co.il/product/%D7%91%D7%A8%D7%96-%D7%9B%D7%93%D7%95%D7%A8%D7%99-%D7%91%D7%99%D7%9F-%D7%90%D7%95%D7%92%D7%A0%D7%99%D7%9D-160/
99041602,ברז כדורי בין אוגנים 90,ברז,כדורי|בין אוגנים,,,,,,,,90,90,,,,,,,,,,99041602.jpg,5,https://www.huliot.co.il/product/%D7%91%D7%A8%D7%96-%D7%9B%D7%93%D7%95%D7%A8%D7%99-%D7%91%D7%99%D7%9F-%D7%90%D7%95%D7%92%D7%A0%D7%99%D7%9D-90/
99041400,ברז כדורי פוליפרופילן 75,ברז,כדורי,,,,,,PP,,75,75,,,,,,,,,,99041400.jpg,1,https://www.huliot.co.il/product/%D7%91%D7%A8%D7%96-%D7%9B%D7%93%D7%95%D7%A8%D7%99-%D7%A4%D7%95%D7%9C%D7%99%D7%A4%D7%A8%D7%95%D7%A4%D7%99%D7%9C%D7%9F-75/
99020402,ברז כדורי 20,ברז,כדורי,,,,,,,,20,20,,,,,,,,,,99020402.jpg,5,https://www.huliot.co.il/product/%D7%91%D7%A8%D7%96-%D7%9B%D7%93%D7%95%D7%A8%D7%99-20/
99020403,ברז כדורי 25,ברז,כדורי,,,,,,,,25,25,,,,,,,,,,99020403.jpg,4,https://www.huliot.co.il/product/%D7%91%D7%A8%D7%96-%D7%9B%D7%93%D7%95%D7%A8%D7%99-25/
99020404,ברז כדורי 32,ברז,כדורי,,,,,,,,32,32,,,,,,,,,,99020404.jpg,4,https://www.huliot.co.il/product/%D7%91%D7%A8%D7%96-%D7%9B%D7%93%D7%95%D7%A8%D7%99-32/
99020405,ברז כדורי 40,ברז,כדורי,,,,,,,,40,40,,,,,,,,,,99020405.jpg,5,https://www.huliot.co.il/product/%D7%91%D7%A8%D7%96-%D7%9B%D7%93%D7%95%D7%A8%D7%99-40/
99020412,ברז כדורי 50,ברז,כדורי,,,,,,,,50,50,,,,,,,,,,99020412.jpg,4,https://www.huliot.co.il/product/%D7%91%D7%A8%D7%96-%D7%9B%D7%93%D7%95%D7%A8%D7%99-50/
99020414,ברז כדורי 63,ברז,כדורי,,,,,,,,63,63,,,,,,,,,,99020414.jpg,5,https://www.huliot.co.il/product/%D7%91%D7%A8%D7%96-%D7%9B%D7%93%D7%95%D7%A8%D7%99-63/
99041388,ברז כדורי PP עם רקורדים 20,ברז,כדורי,,,,,,,,20,20,,,,,,,,,PP עם רקורדים,99041388.jpg,4,https://www.huliot.co.il/product/%D7%91%D7%A8%D7%96-%D7%9B%D7%93%D7%95%D7%A8%D7%99-pp-%D7%A2%D7%9D-%D7%A8%D7%A7%D7%95%D7%A8%D7%93%D7%99%D7%9D-20/
99041394,ברז כדורי PP עם רקורדים 40,ברז,כדורי,,,,,,,,40,40,,,,,,,,,PP עם רקורדים,99041394.jpg,5,https://www.huliot.co.il/product/%D7%91%D7%A8%D7%96-%D7%9B%D7%93%D7%95%D7%A8%D7%99-pp-%D7%A2%D7%9D-%D7%A8%D7%A7%D7%95%D7%A8%D7%93%D7%99%D7%9D-40/
99041396,ברז כדורי PP עם רקורדים 50,ברז,כדורי,,,,,,,,50,50,,,,,,,,,PP עם רקורדים,99041396.jpg,5,https://www.huliot.co.il/product/%D7%91%D7%A8%D7%96-%D7%9B%D7%93%D7%95%D7%A8%D7%99-pp-%D7%A2%D7%9D-%D7%A8%D7%A7%D7%95%D7%A8%D7%93%D7%99%D7%9D-50/
99041398,ברז כדורי PP עם רקורדים 63,ברז,כדורי,,,,,,,,63,63,,,,,,,,,PP עם רקורדים,99041398.jpg,4,https://www.huliot.co.il/product/%D7%91%D7%A8%D7%96-%D7%9B%D7%93%D7%95%D7%A8%D7%99-pp-%D7%A2%D7%9D-%D7%A8%D7%A7%D7%95%D7%A8%D7%93%D7%99%D7%9D-63/
99040808,ברז מעבר ישר 20,ברז,מעבר|ישר,,,,,,,,20,20,,,,,,,,,,99040808.jpg,4,https://www.huliot.co.il/product/%D7%91%D7%A8%D7%96-%D7%9E%D7%A2%D7%91%D7%A8-%D7%99%D7%A9%D7%A8-20/
99040810,ברז מעבר ישר 25,ברז,מעבר|ישר,,,,,,,,25,25,,,,,,,,,,99040810.jpg,5,https://www.huliot.co.il/product/%D7%91%D7%A8%D7%96-%D7%9E%D7%A2%D7%91%D7%A8-%D7%99%D7%A9%D7%A8-25/
99040812,ברז מעבר ישר 32,ברז,מעבר|ישר,,,,,,,,32,32,,,,,,,,,,99040812.jpg,3,https://www.huliot.co.il/product/%D7%91%D7%A8%D7%96-%D7%9E%D7%A2%D7%91%D7%A8-%D7%99%D7%A9%D7%A8-32/
99040814,ברז מעבר ישר 40,ברז,מעבר|ישר,,,,,,,,40,40,,,,,,,,,,99040814.jpg,5,https://www.huliot.co.il/product/%D7%91%D7%A8%D7%96-%D7%9E%D7%A2%D7%91%D7%A8-%D7%99%D7%A9%D7%A8-40/
99040888,ברז סמוי (ציפוי כרום – ללא ידית) 20,ברז,,,,,,,,כרום,20,20,,,,,,,,,סמוי ציפוי ללא ידית,99040888.jpg,4,https://www.huliot.co.il/product/%D7%91%D7%A8%D7%96-%D7%A1%D7%9E%D7%95%D7%99-%D7%A6%D7%99%D7%A4%D7%95%D7%99-%D7%9B%D7%A8%D7%95%D7%9D-%D7%9C%D7%9C%D7%90-%D7%99%D7%93%D7%99%D7%AA-20/
99040890,ברז סמוי (ציפוי כרום – ללא ידית) 25,ברז,,,,,,,,כרום,25,25,,,,,,,,,סמוי ציפוי ללא ידית,99040890.jpg,5,https://www.huliot.co.il/product/%D7%91%D7%A8%D7%96-%D7%A1%D7%9E%D7%95%D7%99-%D7%A6%D7%99%D7%A4%D7%95%D7%99-%D7%9B%D7%A8%D7%95%D7%9D-%D7%9C%D7%9C%D7%90-%D7%99%D7%93%D7%99%D7%AA-25/
99040858,ברז סמוי (ציפוי כרום) 20,ברז,,,,,,,,כרום,20,20,,,,,,,,,סמוי ציפוי,99040858.jpg,5,https://www.huliot.co.il/product/%D7%91%D7%A8%D7%96-%D7%A1%D7%9E%D7%95%D7%99-%D7%A6%D7%99%D7%A4%D7%95%D7%99-%D7%9B%D7%A8%D7%95%D7%9D-20/
99040860,ברז סמוי (ציפוי כרום) 25,ברז,,,,,,,,כרום,25,25,,,,,,,,,סמוי ציפוי,99040860.jpg,4,https://www.huliot.co.il/product/%D7%91%D7%A8%D7%96-%D7%A1%D7%9E%D7%95%D7%99-%D7%A6%D7%99%D7%A4%D7%95%D7%99-%D7%9B%D7%A8%D7%95%D7%9D-25/
99040862,ברז סמוי (ציפוי כרום) 32,ברז,,,,,,,,כרום,32,32,,,,,,,,,סמוי ציפוי,99040862.jpg,4,https://www.huliot.co.il/product/%D7%91%D7%A8%D7%96-%D7%A1%D7%9E%D7%95%D7%99-%D7%A6%D7%99%D7%A4%D7%95%D7%99-%D7%9B%D7%A8%D7%95%D7%9D-32/
43040859,ברךלביוב 110/87° עם ביקורת שמאל,ברך,עם ביקורת|שמאל,,ביוב,,,,,,110,110,,,87,,,,,,,43040859.jpg,4,https://www.huliot.co.il/product/%D7%91%D7%A8%D7%9A%D7%9C%D7%91%D7%99%D7%95%D7%91-11087-%D7%A2%D7%9D-%D7%91%D7%99%D7%A7%D7%95%D7%A8%D7%AA-%D7%A9%D7%9E%D7%90%D7%9C/
7370060170,ברך אולטרה ווייט 15° בקוטר 160,ברך,,Ultra White,,,,,,,160,160,,,15,,,,,,,7370060170.jpg,4,https://www.huliot.co.il/product/%D7%91%D7%A8%D7%9A-%D7%90%D7%95%D7%9C%D7%98%D7%A8%D7%94-%D7%95%D7%95%D7%99%D7%99%D7%98-15-%D7%91%D7%A7%D7%95%D7%98%D7%A8-160/
7370040370,ברך אולטרה ווייט 30° בקוטר 110,ברך,,Ultra White,,,,,,,110,110,,,30,,,,,,,7370040370.jpg,5,https://www.huliot.co.il/product/%D7%91%D7%A8%D7%9A-%D7%90%D7%95%D7%9C%D7%98%D7%A8%D7%94-%D7%95%D7%95%D7%99%D7%99%D7%98-30-%D7%91%D7%A7%D7%95%D7%98%D7%A8-110/
7370060370,ברך אולטרה ווייט 30° בקוטר 160,ברך,,Ultra White,,,,,,,160,160,,,30,,,,,,,7370060370.jpg,5,https://www.huliot.co.il/product/%D7%91%D7%A8%D7%9A-%D7%90%D7%95%D7%9C%D7%98%D7%A8%D7%94-%D7%95%D7%95%D7%99%D7%99%D7%98-30-%D7%91%D7%A7%D7%95%D7%98%D7%A8-160/
7370040470,ברך אולטרה ווייט 45° בקוטר 110,ברך,,Ultra White,,,,,,,110,110,,,45,,,,,,,7370040470.jpg,5,https://www.huliot.co.il/product/%D7%91%D7%A8%D7%9A-%D7%90%D7%95%D7%9C%D7%98%D7%A8%D7%94-%D7%95%D7%95%D7%99%D7%99%D7%98-45-%D7%91%D7%A7%D7%95%D7%98%D7%A8-110/
7370060470,ברך אולטרה ווייט 45° בקוטר 160,ברך,,Ultra White,,,,,,,160,160,,,45,,,,,,,7370060470.jpg,6,https://www.huliot.co.il/product/%D7%91%D7%A8%D7%9A-%D7%90%D7%95%D7%9C%D7%98%D7%A8%D7%94-%D7%95%D7%95%D7%99%D7%99%D7%98-45-%D7%91%D7%A7%D7%95%D7%98%D7%A8-160/
7370080470,ברך אולטרה ווייט 45° בקוטר 200,ברך,,Ultra White,,,,,,,200,200,,,45,,,,,,,7370080470.jpg,5,https://www.huliot.co.il/product/%D7%91%D7%A8%D7%9A-%D7%90%D7%95%D7%9C%D7%98%D7%A8%D7%94-%D7%95%D7%95%D7%99%D7%99%D7%98-45-%D7%91%D7%A7%D7%95%D7%98%D7%A8-200/
7370040870,ברך אולטרה ווייט 87.5°  בקוטר 110,ברך,,Ultra White,,,,,,,110,110,,,87.5,,,,,,,7370040870.jpg,5,https://www.huliot.co.il/product/%D7%91%D7%A8%D7%9A-%D7%90%D7%95%D7%9C%D7%98%D7%A8%D7%94-%D7%95%D7%95%D7%99%D7%99%D7%98-87-5-%D7%91%D7%A7%D7%95%D7%98%D7%A8-110/
7870040170,ברך אולטרה סיילנט פלוס  15° בקוטר 110,ברך,,Ultra Silent Plus,,,,,,,110,110,,,15,,,,,,,7870040170.jpg,6,https://www.huliot.co.il/product/%D7%91%D7%A8%D7%9A-%D7%90%D7%95%D7%9C%D7%98%D7%A8%D7%94-%D7%A1%D7%99%D7%99%D7%9C%D7%A0%D7%98-%D7%A4%D7%9C%D7%95%D7%A1-15-%D7%91%D7%A7%D7%95%D7%98%D7%A8-110/
7870040370,ברך אולטרה סיילנט פלוס  30° בקוטר 110,ברך,,Ultra Silent Plus,,,,,,,110,110,,,30,,,,,,,7870040370.jpg,4,https://www.huliot.co.il/product/%D7%91%D7%A8%D7%9A-%D7%90%D7%95%D7%9C%D7%98%D7%A8%D7%94-%D7%A1%D7%99%D7%99%D7%9C%D7%A0%D7%98-%D7%A4%D7%9C%D7%95%D7%A1-30-%D7%91%D7%A7%D7%95%D7%98%D7%A8-110/
7870040470,ברך אולטרה סיילנט פלוס  45° בקוטר 110,ברך,,Ultra Silent Plus,,,,,,,110,110,,,45,,,,,,,7870040470.jpg,6,https://www.huliot.co.il/product/%D7%91%D7%A8%D7%9A-%D7%90%D7%95%D7%9C%D7%98%D7%A8%D7%94-%D7%A1%D7%99%D7%99%D7%9C%D7%A0%D7%98-%D7%A4%D7%9C%D7%95%D7%A1-45-%D7%91%D7%A7%D7%95%D7%98%D7%A8-110/
7870050470,ברך אולטרה סיילנט פלוס  45° בקוטר 125,ברך,,Ultra Silent Plus,,,,,,,125,125,,,45,,,,,,,7870050470.jpg,6,https://www.huliot.co.il/product/%D7%91%D7%A8%D7%9A-%D7%90%D7%95%D7%9C%D7%98%D7%A8%D7%94-%D7%A1%D7%99%D7%99%D7%9C%D7%A0%D7%98-%D7%A4%D7%9C%D7%95%D7%A1-45-%D7%91%D7%A7%D7%95%D7%98%D7%A8-125/
7870060470,ברך אולטרה סיילנט פלוס  45° בקוטר 160,ברך,,Ultra Silent Plus,,,,,,,160,160,,,45,,,,,,,7870060470.jpg,5,https://www.huliot.co.il/product/%D7%91%D7%A8%D7%9A-%D7%90%D7%95%D7%9C%D7%98%D7%A8%D7%94-%D7%A1%D7%99%D7%99%D7%9C%D7%A0%D7%98-%D7%A4%D7%9C%D7%95%D7%A1-45-%D7%91%D7%A7%D7%95%D7%98%D7%A8-160/
7870040870,ברך אולטרה סיילנט פלוס  87.5° בקוטר 110,ברך,,Ultra Silent Plus,,,,,,,110,110,,,87.5,,,,,,,7870040870.jpg,4,https://www.huliot.co.il/product/%D7%91%D7%A8%D7%9A-%D7%90%D7%95%D7%9C%D7%98%D7%A8%D7%94-%D7%A1%D7%99%D7%99%D7%9C%D7%A0%D7%98-%D7%A4%D7%9C%D7%95%D7%A1-87-5-%D7%91%D7%A7%D7%95%D7%98%D7%A8-110/
7070040170,ברך אולטרה סיילנט 15° בקוטר 110,ברך,,Ultra Silent,,,,,,,110,110,,,15,,,,,,,7070040170.jpg,6,https://www.huliot.co.il/product/%D7%91%D7%A8%D7%9A-%D7%90%D7%95%D7%9C%D7%98%D7%A8%D7%94-%D7%A1%D7%99%D7%99%D7%9C%D7%A0%D7%98-15-%D7%91%D7%A7%D7%95%D7%98%D7%A8-110/
7070050170,ברך אולטרה סיילנט 15° בקוטר 125,ברך,,Ultra Silent,,,,,,,125,125,,,15,,,,,,,7070050170.jpg,5,https://www.huliot.co.il/product/%D7%91%D7%A8%D7%9A-%D7%90%D7%95%D7%9C%D7%98%D7%A8%D7%94-%D7%A1%D7%99%D7%99%D7%9C%D7%A0%D7%98-15-%D7%91%D7%A7%D7%95%D7%98%D7%A8-125/
7070060170,ברך אולטרה סיילנט 15° בקוטר 160,ברך,,Ultra Silent,,,,,,,160,160,,,15,,,,,,,7070060170.jpg,6,https://www.huliot.co.il/product/%D7%91%D7%A8%D7%9A-%D7%90%D7%95%D7%9C%D7%98%D7%A8%D7%94-%D7%A1%D7%99%D7%99%D7%9C%D7%A0%D7%98-15-%D7%91%D7%A7%D7%95%D7%98%D7%A8-160/
7070000170,ברך אולטרה סיילנט 15° בקוטר 32,ברך,,Ultra Silent,,,,,,,32,32,,,15,,,,,,,7070000170.jpg,6,https://www.huliot.co.il/product/%D7%91%D7%A8%D7%9A-%D7%90%D7%95%D7%9C%D7%98%D7%A8%D7%94-%D7%A1%D7%99%D7%99%D7%9C%D7%A0%D7%98-15-%D7%91%D7%A7%D7%95%D7%98%D7%A8-32/
7070010170,ברך אולטרה סיילנט 15° בקוטר 40,ברך,,Ultra Silent,,,,,,,40,40,,,15,,,,,,,7070010170.jpg,6,https://www.huliot.co.il/product/%D7%91%D7%A8%D7%9A-%D7%90%D7%95%D7%9C%D7%98%D7%A8%D7%94-%D7%A1%D7%99%D7%99%D7%9C%D7%A0%D7%98-15-%D7%91%D7%A7%D7%95%D7%98%D7%A8-40/
7070020170,ברך אולטרה סיילנט 15° בקוטר 50,ברך,,Ultra Silent,,,,,,,50,50,,,15,,,,,,,7070020170.jpg,6,https://www.huliot.co.il/product/%D7%91%D7%A8%D7%9A-%D7%90%D7%95%D7%9C%D7%98%D7%A8%D7%94-%D7%A1%D7%99%D7%99%D7%9C%D7%A0%D7%98-15-%D7%91%D7%A7%D7%95%D7%98%D7%A8-50/
7070030170,ברך אולטרה סיילנט 15° בקוטר 75,ברך,,Ultra Silent,,,,,,,75,75,,,15,,,,,,,7070030170.jpg,5,https://www.huliot.co.il/product/%D7%91%D7%A8%D7%9A-%D7%90%D7%95%D7%9C%D7%98%D7%A8%D7%94-%D7%A1%D7%99%D7%99%D7%9C%D7%A0%D7%98-15-%D7%91%D7%A7%D7%95%D7%98%D7%A8-75/
7070090170,ברך אולטרה סיילנט 15° בקוטר 90,ברך,,Ultra Silent,,,,,,,90,90,,,15,,,,,,,7070090170.jpg,6,https://www.huliot.co.il/product/%D7%91%D7%A8%D7%9A-%D7%90%D7%95%D7%9C%D7%98%D7%A8%D7%94-%D7%A1%D7%99%D7%99%D7%9C%D7%A0%D7%98-15-%D7%91%D7%A7%D7%95%D7%98%D7%A8-90/
7070040370,ברך אולטרה סיילנט 30° בקוטר 110,ברך,,Ultra Silent,,,,,,,110,110,,,30,,,,,,,7070040370.jpg,6,https://www.huliot.co.il/product/%D7%91%D7%A8%D7%9A-%D7%90%D7%95%D7%9C%D7%98%D7%A8%D7%94-%D7%A1%D7%99%D7%99%D7%9C%D7%A0%D7%98-30-%D7%91%D7%A7%D7%95%D7%98%D7%A8-110/
7070050370,ברך אולטרה סיילנט 30° בקוטר 125,ברך,,Ultra Silent,,,,,,,125,125,,,30,,,,,,,7070050370.jpg,6,https://www.huliot.co.il/product/%D7%91%D7%A8%D7%9A-%D7%90%D7%95%D7%9C%D7%98%D7%A8%D7%94-%D7%A1%D7%99%D7%99%D7%9C%D7%A0%D7%98-30-%D7%91%D7%A7%D7%95%D7%98%D7%A8-125/
7070060370,ברך אולטרה סיילנט 30° בקוטר 160,ברך,,Ultra Silent,,,,,,,160,160,,,30,,,,,,,7070060370.jpg,6,https://www.huliot.co.il/product/%D7%91%D7%A8%D7%9A-%D7%90%D7%95%D7%9C%D7%98%D7%A8%D7%94-%D7%A1%D7%99%D7%99%D7%9C%D7%A0%D7%98-30-%D7%91%D7%A7%D7%95%D7%98%D7%A8-160/
7070000370,ברך אולטרה סיילנט 30° בקוטר 32,ברך,,Ultra Silent,,,,,,,32,32,,,30,,,,,,,7070000370.jpg,6,https://www.huliot.co.il/product/%D7%91%D7%A8%D7%9A-%D7%90%D7%95%D7%9C%D7%98%D7%A8%D7%94-%D7%A1%D7%99%D7%99%D7%9C%D7%A0%D7%98-30-%D7%91%D7%A7%D7%95%D7%98%D7%A8-32/
7070010370,ברך אולטרה סיילנט 30° בקוטר 40,ברך,,Ultra Silent,,,,,,,40,40,,,30,,,,,,,7070010370.jpg,5,https://www.huliot.co.il/product/%D7%91%D7%A8%D7%9A-%D7%90%D7%95%D7%9C%D7%98%D7%A8%D7%94-%D7%A1%D7%99%D7%99%D7%9C%D7%A0%D7%98-30-%D7%91%D7%A7%D7%95%D7%98%D7%A8-40/
7070020370,ברך אולטרה סיילנט 30° בקוטר 50,ברך,,Ultra Silent,,,,,,,50,50,,,30,,,,,,,7070020370.jpg,6,https://www.huliot.co.il/product/%D7%91%D7%A8%D7%9A-%D7%90%D7%95%D7%9C%D7%98%D7%A8%D7%94-%D7%A1%D7%99%D7%99%D7%9C%D7%A0%D7%98-30-%D7%91%D7%A7%D7%95%D7%98%D7%A8-50/
7070030370,ברך אולטרה סיילנט 30° בקוטר 75,ברך,,Ultra Silent,,,,,,,75,75,,,30,,,,,,,7070030370.jpg,6,https://www.huliot.co.il/product/%D7%91%D7%A8%D7%9A-%D7%90%D7%95%D7%9C%D7%98%D7%A8%D7%94-%D7%A1%D7%99%D7%99%D7%9C%D7%A0%D7%98-30-%D7%91%D7%A7%D7%95%D7%98%D7%A8-75/
7070090370,ברך אולטרה סיילנט 30° בקוטר 90,ברך,,Ultra Silent,,,,,,,90,90,,,30,,,,,,,7070090370.jpg,6,https://www.huliot.co.il/product/%D7%91%D7%A8%D7%9A-%D7%90%D7%95%D7%9C%D7%98%D7%A8%D7%94-%D7%A1%D7%99%D7%99%D7%9C%D7%A0%D7%98-30-%D7%91%D7%A7%D7%95%D7%98%D7%A8-90/
7070040470,ברך אולטרה סיילנט 45° בקוטר 110,ברך,,Ultra Silent,,,,,,,110,110,,,45,,,,,,,7070040470.jpg,6,https://www.huliot.co.il/product/%D7%91%D7%A8%D7%9A-%D7%90%D7%95%D7%9C%D7%98%D7%A8%D7%94-%D7%A1%D7%99%D7%99%D7%9C%D7%A0%D7%98-45-%D7%91%D7%A7%D7%95%D7%98%D7%A8-110/
7070050470,ברך אולטרה סיילנט 45° בקוטר 125,ברך,,Ultra Silent,,,,,,,125,125,,,45,,,,,,,7070050470.jpg,6,https://www.huliot.co.il/product/%D7%91%D7%A8%D7%9A-%D7%90%D7%95%D7%9C%D7%98%D7%A8%D7%94-%D7%A1%D7%99%D7%99%D7%9C%D7%A0%D7%98-45-%D7%91%D7%A7%D7%95%D7%98%D7%A8-125/
7070060470,ברך אולטרה סיילנט 45° בקוטר 160,ברך,,Ultra Silent,,,,,,,160,160,,,45,,,,,,,7070060470.jpg,6,https://www.huliot.co.il/product/%D7%91%D7%A8%D7%9A-%D7%90%D7%95%D7%9C%D7%98%D7%A8%D7%94-%D7%A1%D7%99%D7%99%D7%9C%D7%A0%D7%98-45-%D7%91%D7%A7%D7%95%D7%98%D7%A8-160/
7070080470,ברך אולטרה סיילנט 45° בקוטר 200,ברך,,Ultra Silent,,,,,,,200,200,,,45,,,,,,,7070080470.jpg,6,https://www.huliot.co.il/product/%D7%91%D7%A8%D7%9A-%D7%90%D7%95%D7%9C%D7%98%D7%A8%D7%94-%D7%A1%D7%99%D7%99%D7%9C%D7%A0%D7%98-45-%D7%91%D7%A7%D7%95%D7%98%D7%A8-200/
7070000470,ברך אולטרה סיילנט 45° בקוטר 32,ברך,,Ultra Silent,,,,,,,32,32,,,45,,,,,,,7070000470.jpg,6,https://www.huliot.co.il/product/%D7%91%D7%A8%D7%9A-%D7%90%D7%95%D7%9C%D7%98%D7%A8%D7%94-%D7%A1%D7%99%D7%99%D7%9C%D7%A0%D7%98-45-%D7%91%D7%A7%D7%95%D7%98%D7%A8-32/
7070010470,ברך אולטרה סיילנט 45° בקוטר 40,ברך,,Ultra Silent,,,,,,,40,40,,,45,,,,,,,7070010470_1.jpg,6,https://www.huliot.co.il/product/%D7%91%D7%A8%D7%9A-%D7%90%D7%95%D7%9C%D7%98%D7%A8%D7%94-%D7%A1%D7%99%D7%99%D7%9C%D7%A0%D7%98-45-%D7%91%D7%A7%D7%95%D7%98%D7%A8-40/
7070020470,ברך אולטרה סיילנט 45° בקוטר 50,ברך,,Ultra Silent,,,,,,,50,50,,,45,,,,,,,7070020470_1.jpg,6,https://www.huliot.co.il/product/%D7%91%D7%A8%D7%9A-%D7%90%D7%95%D7%9C%D7%98%D7%A8%D7%94-%D7%A1%D7%99%D7%99%D7%9C%D7%A0%D7%98-45-%D7%91%D7%A7%D7%95%D7%98%D7%A8-50/
7070030470,ברך אולטרה סיילנט 45° בקוטר 75,ברך,,Ultra Silent,,,,,,,75,75,,,45,,,,,,,7070030470_1.jpg,6,https://www.huliot.co.il/product/%D7%91%D7%A8%D7%9A-%D7%90%D7%95%D7%9C%D7%98%D7%A8%D7%94-%D7%A1%D7%99%D7%99%D7%9C%D7%A0%D7%98-45-%D7%91%D7%A7%D7%95%D7%98%D7%A8-75/
7070090470,ברך אולטרה סיילנט 45° בקוטר 90,ברך,,Ultra Silent,,,,,,,90,90,,,45,,,,,,,7070090470.jpg,6,https://www.huliot.co.il/product/%D7%91%D7%A8%D7%9A-%D7%90%D7%95%D7%9C%D7%98%D7%A8%D7%94-%D7%A1%D7%99%D7%99%D7%9C%D7%A0%D7%98-45-%D7%91%D7%A7%D7%95%D7%98%D7%A8-90/
7070040670,ברך אולטרה סיילנט 67.5°  בקוטר 110,ברך,,Ultra Silent,,,,,,,110,110,,,67.5,,,,,,,7070040670.jpg,6,https://www.huliot.co.il/product/%D7%91%D7%A8%D7%9A-%D7%90%D7%95%D7%9C%D7%98%D7%A8%D7%94-%D7%A1%D7%99%D7%99%D7%9C%D7%A0%D7%98-67-5-%D7%91%D7%A7%D7%95%D7%98%D7%A8-110/
7070000670,ברך אולטרה סיילנט 67.5°  בקוטר 32,ברך,,Ultra Silent,,,,,,,32,32,,,67.5,,,,,,,7070000670.jpg,6,https://www.huliot.co.il/product/%D7%91%D7%A8%D7%9A-%D7%90%D7%95%D7%9C%D7%98%D7%A8%D7%94-%D7%A1%D7%99%D7%99%D7%9C%D7%A0%D7%98-67-5-%D7%91%D7%A7%D7%95%D7%98%D7%A8-32/
7070010670,ברך אולטרה סיילנט 67.5°  בקוטר 40,ברך,,Ultra Silent,,,,,,,40,40,,,67.5,,,,,,,7070010670.jpg,6,https://www.huliot.co.il/product/%D7%91%D7%A8%D7%9A-%D7%90%D7%95%D7%9C%D7%98%D7%A8%D7%94-%D7%A1%D7%99%D7%99%D7%9C%D7%A0%D7%98-67-5-%D7%91%D7%A7%D7%95%D7%98%D7%A8-40/
7070020670,ברך אולטרה סיילנט 67.5°  בקוטר 50,ברך,,Ultra Silent,,,,,,,50,50,,,67.5,,,,,,,7070020670.jpg,6,https://www.huliot.co.il/product/%D7%91%D7%A8%D7%9A-%D7%90%D7%95%D7%9C%D7%98%D7%A8%D7%94-%D7%A1%D7%99%D7%99%D7%9C%D7%A0%D7%98-67-5-%D7%91%D7%A7%D7%95%D7%98%D7%A8-50/
7070030670,ברך אולטרה סיילנט 67.5°  בקוטר 75,ברך,,Ultra Silent,,,,,,,75,75,,,67.5,,,,,,,7070030670.jpg,6,https://www.huliot.co.il/product/%D7%91%D7%A8%D7%9A-%D7%90%D7%95%D7%9C%D7%98%D7%A8%D7%94-%D7%A1%D7%99%D7%99%D7%9C%D7%A0%D7%98-67-5-%D7%91%D7%A7%D7%95%D7%98%D7%A8-75/
7070090670,ברך אולטרה סיילנט 67.5°  בקוטר 90,ברך,,Ultra Silent,,,,,,,90,90,,,67.5,,,,,,,7070090670.jpg,6,https://www.huliot.co.il/product/%D7%91%D7%A8%D7%9A-%D7%90%D7%95%D7%9C%D7%98%D7%A8%D7%94-%D7%A1%D7%99%D7%99%D7%9C%D7%A0%D7%98-67-5-%D7%91%D7%A7%D7%95%D7%98%D7%A8-90/
7070040870,ברך אולטרה סיילנט 87.5°  בקוטר 110,ברך,,Ultra Silent,,,,,,,110,110,,,87.5,,,,,,,7070040870.jpg,6,https://www.huliot.co.il/product/%D7%91%D7%A8%D7%9A-%D7%90%D7%95%D7%9C%D7%98%D7%A8%D7%94-%D7%A1%D7%99%D7%99%D7%9C%D7%A0%D7%98-87-5-%D7%91%D7%A7%D7%95%D7%98%D7%A8-110/
7070050870,ברך אולטרה סיילנט 87.5°  בקוטר 125,ברך,,Ultra Silent,,,,,,,125,125,,,87.5,,,,,,,7070050870.jpg,6,https://www.huliot.co.il/product/%D7%91%D7%A8%D7%9A-%D7%90%D7%95%D7%9C%D7%98%D7%A8%D7%94-%D7%A1%D7%99%D7%99%D7%9C%D7%A0%D7%98-87-5-%D7%91%D7%A7%D7%95%D7%98%D7%A8-125/
7070060870,ברך אולטרה סיילנט 87.5°  בקוטר 160,ברך,,Ultra Silent,,,,,,,160,160,,,87.5,,,,,,,7070060870.jpg,6,https://www.huliot.co.il/product/%D7%91%D7%A8%D7%9A-%D7%90%D7%95%D7%9C%D7%98%D7%A8%D7%94-%D7%A1%D7%99%D7%99%D7%9C%D7%A0%D7%98-87-5-%D7%91%D7%A7%D7%95%D7%98%D7%A8-160/
7070000870,ברך אולטרה סיילנט 87.5°  בקוטר 32,ברך,,Ultra Silent,,,,,,,32,32,,,87.5,,,,,,,7070000870.jpg,6,https://www.huliot.co.il/product/%D7%91%D7%A8%D7%9A-%D7%90%D7%95%D7%9C%D7%98%D7%A8%D7%94-%D7%A1%D7%99%D7%99%D7%9C%D7%A0%D7%98-87-5-%D7%91%D7%A7%D7%95%D7%98%D7%A8-32/
7070010870,ברך אולטרה סיילנט 87.5°  בקוטר 40,ברך,,Ultra Silent,,,,,,,40,40,,,87.5,,,,,,,7070010870.jpg,6,https://www.huliot.co.il/product/%D7%91%D7%A8%D7%9A-%D7%90%D7%95%D7%9C%D7%98%D7%A8%D7%94-%D7%A1%D7%99%D7%99%D7%9C%D7%A0%D7%98-87-5-%D7%91%D7%A7%D7%95%D7%98%D7%A8-40/
7070020870,ברך אולטרה סיילנט 87.5°  בקוטר 50,ברך,,Ultra Silent,,,,,,,50,50,,,87.5,,,,,,,7070020870.jpg,6,https://www.huliot.co.il/product/%D7%91%D7%A8%D7%9A-%D7%90%D7%95%D7%9C%D7%98%D7%A8%D7%94-%D7%A1%D7%99%D7%99%D7%9C%D7%A0%D7%98-87-5-%D7%91%D7%A7%D7%95%D7%98%D7%A8-50/
7070030870,ברך אולטרה סיילנט 87.5°  בקוטר 75,ברך,,Ultra Silent,,,,,,,75,75,,,87.5,,,,,,,7070030870.jpg,6,https://www.huliot.co.il/product/%D7%91%D7%A8%D7%9A-%D7%90%D7%95%D7%9C%D7%98%D7%A8%D7%94-%D7%A1%D7%99%D7%99%D7%9C%D7%A0%D7%98-87-5-%D7%91%D7%A7%D7%95%D7%98%D7%A8-75/
7070090870,ברך אולטרה סיילנט 87.5°  בקוטר 90,ברך,,Ultra Silent,,,,,,,90,90,,,87.5,,,,,,,7070090870.jpg,6,https://www.huliot.co.il/product/%D7%91%D7%A8%D7%9A-%D7%90%D7%95%D7%9C%D7%98%D7%A8%D7%94-%D7%A1%D7%99%D7%99%D7%9C%D7%A0%D7%98-87-5-%D7%91%D7%A7%D7%95%D7%98%D7%A8-90/
71455860,ברך טלסקופית צד אחד שקע תקע ™SmartLock,ברך,,SmartLock,,שקע-תקע,,,,,,,,,,,,,,,טלסקופית צד אחד,71455860.jpg,5,https://www.huliot.co.il/product/%D7%91%D7%A8%D7%9A-%D7%98%D7%9C%D7%A1%D7%A7%D7%95%D7%A4%D7%99%D7%AA-%D7%A6%D7%93-%D7%90%D7%97%D7%93-%D7%A9%D7%A7%D7%A2-%D7%AA%D7%A7%D7%A2-smartlock/
61410960,ברך טלסקופית 40/40/90° למכונת כביסה,ברך,,,,,,,,,40/40,40,40,,90,,,,,,טלסקופית למכונת כביסה,61410960.jpg,5,https://www.huliot.co.il/product/%D7%91%D7%A8%D7%9A-%D7%98%D7%9C%D7%A1%D7%A7%D7%95%D7%A4%D7%99%D7%AA-40-40-90-%D7%9C%D7%9E%D7%9B%D7%95%D7%A0%D7%AA-%D7%9B%D7%91%D7%99%D7%A1%D7%94/
71410960,ברך טלסקופית 40/90° ™SmartLock,ברך,,SmartLock,,,,,,,40,40,,,90,,,,,,טלסקופית,71410960.jpg,6,https://www.huliot.co.il/product/%D7%91%D7%A8%D7%9A-%D7%98%D7%9C%D7%A1%D7%A7%D7%95%D7%A4%D7%99%D7%AA-40-90-smartlock/
61450960,ברך טלסקופית 50/50/90° למחסום סיפון “2,ברך,סיפון,,מחסום,,,,,,50/50,50,50,,90,,,,,,טלסקופית 2,61450960.jpg,5,https://www.huliot.co.il/product/%D7%91%D7%A8%D7%9A-%D7%98%D7%9C%D7%A1%D7%A7%D7%95%D7%A4%D7%99%D7%AA-50-50-90-%D7%9C%D7%9E%D7%97%D7%A1%D7%95%D7%9D-%D7%A1%D7%99%D7%A4%D7%95%D7%9F-2/
71450960,ברך טלסקופית 50/90° ™SmartLock,ברך,,SmartLock,,,,,,,50,50,,,90,,,,,,טלסקופית,71450960.jpg,6,https://www.huliot.co.il/product/%D7%91%D7%A8%D7%9A-%D7%98%D7%9C%D7%A1%D7%A7%D7%95%D7%A4%D7%99%D7%AA-50-90-smartlock/
41542866,ברך לאסלה עם ביקורת גב,ברך,עם ביקורת גב,,אסלה,,,,,,,,,,,,,,,,,41542866.jpg,4,https://www.huliot.co.il/product/%D7%91%D7%A8%D7%9A-%D7%9C%D7%90%D7%A1%D7%9C%D7%94-%D7%A2%D7%9D-%D7%91%D7%99%D7%A7%D7%95%D7%A8%D7%AA-%D7%92%D7%91/
43040457,ברך לביוב 110/45° עם ביקורת גב,ברך,עם ביקורת גב,,ביוב,,,,,,110,110,,,45,,,,,,,43040457.jpg,4,https://www.huliot.co.il/product/%D7%91%D7%A8%D7%9A-%D7%9C%D7%91%D7%99%D7%95%D7%91-11045-%D7%A2%D7%9D-%D7%91%D7%99%D7%A7%D7%95%D7%A8%D7%AA-%D7%92%D7%91/
43040458,ברך לביוב 110/45° עם ביקורת ימין,ברך,עם ביקורת|ימין,,ביוב,,,,,,110,110,,,45,,,,,,,43040458.jpg,4,https://www.huliot.co.il/product/%D7%91%D7%A8%D7%9A-%D7%9C%D7%91%D7%99%D7%95%D7%91-11045-%D7%A2%D7%9D-%D7%91%D7%99%D7%A7%D7%95%D7%A8%D7%AA-%D7%99%D7%9E%D7%99%D7%9F/
43040459,ברך לביוב 110/45° עם ביקורת שמאל,ברך,עם ביקורת|שמאל,,ביוב,,,,,,110,110,,,45,,,,,,,43040459.jpg,3,https://www.huliot.co.il/product/%D7%91%D7%A8%D7%9A-%D7%9C%D7%91%D7%99%D7%95%D7%91-11045-%D7%A2%D7%9D-%D7%91%D7%99%D7%A7%D7%95%D7%A8%D7%AA-%D7%A9%D7%9E%D7%90%D7%9C/
83040450,ברך לביוב 110/45°,ברך,,,ביוב,,,,,,110,110,,,45,,,,,,,83040450.jpg,4,https://www.huliot.co.il/product/%D7%91%D7%A8%D7%9A-%D7%9C%D7%91%D7%99%D7%95%D7%91-11045/
43040857,ברך לביוב 110/87° עם ביקורת גב,ברך,עם ביקורת גב,,ביוב,,,,,,110,110,,,87,,,,,,,43040857.jpg,4,https://www.huliot.co.il/product/%D7%91%D7%A8%D7%9A-%D7%9C%D7%91%D7%99%D7%95%D7%91-11087-%D7%A2%D7%9D-%D7%91%D7%99%D7%A7%D7%95%D7%A8%D7%AA-%D7%92%D7%91/
43040858,ברך לביוב 110/87° עם ביקורת ימין,ברך,עם ביקורת|ימין,,ביוב,,,,,,110,110,,,87,,,,,,,43040858.jpg,4,https://www.huliot.co.il/product/%D7%91%D7%A8%D7%9A-%D7%9C%D7%91%D7%99%D7%95%D7%91-11087-%D7%A2%D7%9D-%D7%91%D7%99%D7%A7%D7%95%D7%A8%D7%AA-%D7%99%D7%9E%D7%99%D7%9F/
83040850,ברך לביוב 110/87°,ברך,,,ביוב,,,,,,110,110,,,87,,,,,,,83040850.jpg,4,https://www.huliot.co.il/product/%D7%91%D7%A8%D7%9A-%D7%9C%D7%91%D7%99%D7%95%D7%91-11087/
83060150,ברך לביוב 160/15°,ברך,,,ביוב,,,,,,160,160,,,15,,,,,,,83060150.jpg,4,https://www.huliot.co.il/product/%D7%91%D7%A8%D7%9A-%D7%9C%D7%91%D7%99%D7%95%D7%91-16015/
83060350,ברך לביוב 160/30°,ברך,,,ביוב,,,,,,160,160,,,30,,,,,,,83060350.jpg,4,https://www.huliot.co.il/product/%D7%91%D7%A8%D7%9A-%D7%9C%D7%91%D7%99%D7%95%D7%91-16030/
43060457,ברך לביוב 160/45° עם ביקורת גב,ברך,עם ביקורת גב,,ביוב,,,,,,160,160,,,45,,,,,,,43060457.jpg,4,https://www.huliot.co.il/product/%D7%91%D7%A8%D7%9A-%D7%9C%D7%91%D7%99%D7%95%D7%91-16045-%D7%A2%D7%9D-%D7%91%D7%99%D7%A7%D7%95%D7%A8%D7%AA-%D7%92%D7%91/
43060458,ברך לביוב 160/45° עם ביקורת ימין,ברך,עם ביקורת|ימין,,ביוב,,,,,,160,160,,,45,,,,,,,43060458.jpg,4,https://www.huliot.co.il/product/%D7%91%D7%A8%D7%9A-%D7%9C%D7%91%D7%99%D7%95%D7%91-16045-%D7%A2%D7%9D-%D7%91%D7%99%D7%A7%D7%95%D7%A8%D7%AA-%D7%99%D7%9E%D7%99%D7%9F/
83060450,ברך לביוב 160/45°,ברך,,,ביוב,,,,,,160,160,,,45,,,,,,,83060450.jpg,4,https://www.huliot.co.il/product/%D7%91%D7%A8%D7%9A-%D7%9C%D7%91%D7%99%D7%95%D7%91-16045/
43060857,ברך לביוב 160/87° עם ביקורת גב,ברך,עם ביקורת גב,,ביוב,,,,,,160,160,,,87,,,,,,,43060857.jpg,4,https://www.huliot.co.il/product/%D7%91%D7%A8%D7%9A-%D7%9C%D7%91%D7%99%D7%95%D7%91-16087-%D7%A2%D7%9D-%D7%91%D7%99%D7%A7%D7%95%D7%A8%D7%AA-%D7%92%D7%91/
43060858,ברך לביוב 160/87° עם ביקורת ימין,ברך,עם ביקורת|ימין,,ביוב,,,,,,160,160,,,87,,,,,,,43060858.jpg,4,https://www.huliot.co.il/product/%D7%91%D7%A8%D7%9A-%D7%9C%D7%91%D7%99%D7%95%D7%91-16087-%D7%A2%D7%9D-%D7%91%D7%99%D7%A7%D7%95%D7%A8%D7%AA-%D7%99%D7%9E%D7%99%D7%9F/
43060859,ברך לביוב 160/87°  עם ביקורת שמאל,ברך,עם ביקורת|שמאל,,ביוב,,,,,,160,160,,,87,,,,,,,43060859.jpg,4,https://www.huliot.co.il/product/%D7%91%D7%A8%D7%9A-%D7%9C%D7%91%D7%99%D7%95%D7%91-16087-%D7%A2%D7%9D-%D7%91%D7%99%D7%A7%D7%95%D7%A8%D7%AA-%D7%A9%D7%9E%D7%90%D7%9C/
83060850,ברך לביוב 160/87°,ברך,,,ביוב,,,,,,160,160,,,87,,,,,,,83060850.jpg,4,https://www.huliot.co.il/product/%D7%91%D7%A8%D7%9A-%D7%9C%D7%91%D7%99%D7%95%D7%91-16087/
83080440,ברך לביוב 200/45°,ברך,,,ביוב,,,,,,200,200,,,45,,,,,,,83080440.jpg,4,https://www.huliot.co.il/product/%D7%91%D7%A8%D7%9A-%D7%9C%D7%91%D7%99%D7%95%D7%91-20045/
43080857,ברך לביוב 200/87° עם ביקורת גב,ברך,עם ביקורת גב,,ביוב,,,,,,200,200,,,87,,,,,,,43080857.jpg,4,https://www.huliot.co.il/product/%D7%91%D7%A8%D7%9A-%D7%9C%D7%91%D7%99%D7%95%D7%91-20087-%D7%A2%D7%9D-%D7%91%D7%99%D7%A7%D7%95%D7%A8%D7%AA-%D7%92%D7%91/
43080840,ברך לביוב 200/87°,ברך,,,ביוב,,,,,,200,200,,,87,,,,,,,43080840.jpg,4,https://www.huliot.co.il/product/%D7%91%D7%A8%D7%9A-%D7%9C%D7%91%D7%99%D7%95%D7%91-20087/
43090440,ברך לביוב 250/45°,ברך,,,ביוב,,,,,,250,250,,,45,,,,,,,43090440.jpg,4,https://www.huliot.co.il/product/%D7%91%D7%A8%D7%9A-%D7%9C%D7%91%D7%99%D7%95%D7%91-25045/
43090840,ברך לביוב 250/87°,ברך,,,ביוב,,,,,,250,250,,,87,,,,,,,43090840.jpg,4,https://www.huliot.co.il/product/%D7%91%D7%A8%D7%9A-%D7%9C%D7%91%D7%99%D7%95%D7%91-25087/
43031430,ברך לביוב 315/45°,ברך,,,ביוב,,,,,,315,315,,,45,,,,,,,43031430.jpg,4,https://www.huliot.co.il/product/%D7%91%D7%A8%D7%9A-%D7%9C%D7%91%D7%99%D7%95%D7%91-31545/
43031830,ברך לביוב 315/87°,ברך,,,ביוב,,,,,,315,315,,,87,,,,,,,43031830.jpg,4,https://www.huliot.co.il/product/%D7%91%D7%A8%D7%9A-%D7%9C%D7%91%D7%99%D7%95%D7%91-31587/
43045430,ברך לביוב 400/45°,ברך,,,ביוב,,,,,,400,400,,,45,,,,,,,43045430.jpg,4,https://www.huliot.co.il/product/%D7%91%D7%A8%D7%9A-%D7%9C%D7%91%D7%99%D7%95%D7%91-40045/
43049840,ברך לביוב 400/87°,ברך,,,ביוב,,,,,,400,400,,,87,,,,,,,43049840.jpg,4,https://www.huliot.co.il/product/%D7%91%D7%A8%D7%9A-%D7%9C%D7%91%D7%99%D7%95%D7%91-40087/
43060459,ברך לביוב 45°160/45° עם ביקורת שמאל,ברך,עם ביקורת|שמאל,,ביוב,,,,,,160/45,160,45,,45,,,,,,°,43060459.jpg,4,https://www.huliot.co.il/product/%D7%91%D7%A8%D7%9A-%D7%9C%D7%91%D7%99%D7%95%D7%91-4516045-%D7%A2%D7%9D-%D7%91%D7%99%D7%A7%D7%95%D7%A8%D7%AA-%D7%A9%D7%9E%D7%90%D7%9C/
45040050,ברך למי גשם  110/67,ברך,,,,,,,,,110/67,110,,,67,,,,,,למי גשם,45040050.jpg,3,https://www.huliot.co.il/product/%D7%91%D7%A8%D7%9A-%D7%9C%D7%9E%D7%99-%D7%92%D7%A9%D7%9D-11067/
60053930,ברך לסיפון או ניקוז 50/32/90°,ברך,,,,,,,,,50/32,50,32,,90,,,,,,לסיפון או ניקוז,60053930.jpg,5,https://www.huliot.co.il/product/%D7%91%D7%A8%D7%9A-%D7%9C%D7%A1%D7%99%D7%A4%D7%95%D7%9F-%D7%90%D7%95-%D7%A0%D7%99%D7%A7%D7%95%D7%96-50-32-90/
9091020108,"ברך לריתוך הברגה לנקודת מים עם משטח ריסון – תבריג פנימי ""½20X נטול עופרת",ברך,נטול עופרת,,נקודת מים,ריתוך,פנימי,,,,,,,,,"½2""",,,,,עם משטח ריסון 0X,9091020108.jpg,4,https://www.huliot.co.il/product/%D7%91%D7%A8%D7%9A-%D7%9C%D7%A8%D7%99%D7%AA%D7%95%D7%9A-%D7%94%D7%91%D7%A8%D7%92%D7%94-%D7%9C%D7%A0%D7%A7%D7%95%D7%93%D7%AA-%D7%9E%D7%99%D7%9D-%D7%A2%D7%9D-%D7%9E%D7%A9%D7%98%D7%97-%D7%A8%D7%99%D7%A1/
92518005,"ברך לריתוך הברגה לנקודת מים עם משטח ריסון – תבריג פנימי ""¾/20",ברך,,,נקודת מים,ריתוך,פנימי,,,,,,,,,"¾""",,,,,עם משטח ריסון 20,92518005.jpg,5,https://www.huliot.co.il/product/%D7%91%D7%A8%D7%9A-%D7%9C%D7%A8%D7%99%D7%AA%D7%95%D7%9A-%D7%94%D7%91%D7%A8%D7%92%D7%94-%D7%9C%D7%A0%D7%A7%D7%95%D7%93%D7%AA-%D7%9E%D7%99%D7%9D-%D7%A2%D7%9D-%D7%9E%D7%A9%D7%98%D7%97-%D7%A8%D7%99-2/
9091020113,"ברך לריתוך הברגה לנקודת מים עם משטח ריסון – תבריג פנימי ""½25X נטול עופרת",ברך,נטול עופרת,,נקודת מים,ריתוך,פנימי,,,,,,,,,"½2""",,,,,עם משטח ריסון 5X,9091020113.jpg,4,https://www.huliot.co.il/product/%D7%91%D7%A8%D7%9A-%D7%9C%D7%A8%D7%99%D7%AA%D7%95%D7%9A-%D7%94%D7%91%D7%A8%D7%92%D7%94-%D7%9C%D7%A0%D7%A7%D7%95%D7%93%D7%AA-%D7%9E%D7%99%D7%9D-%D7%A2%D7%9D-%D7%9E%D7%A9%D7%98%D7%97-%D7%A8%D7%99-3/
92518007,"ברך לריתוך הברגה לנקודת מים עם משטח ריסון – תבריג פנימי ""¾/25",ברך,,,נקודת מים,ריתוך,פנימי,,,,,,,,,"¾""",,,,,עם משטח ריסון 25,92518007.jpg,5,https://www.huliot.co.il/product/%D7%91%D7%A8%D7%9A-%D7%9C%D7%A8%D7%99%D7%AA%D7%95%D7%9A-%D7%94%D7%91%D7%A8%D7%92%D7%94-%D7%9C%D7%A0%D7%A7%D7%95%D7%93%D7%AA-%D7%9E%D7%99%D7%9D-%D7%A2%D7%9D-%D7%9E%D7%A9%D7%98%D7%97-%D7%A8%D7%99-4/
92518255,"ברך לריתוך הברגה לנקודת מים – תבריג חיצוני ""¾/20",ברך,,,נקודת מים,ריתוך,חיצוני,,,,,,,,,"¾""",,,,,20,92518255.jpg,4,https://www.huliot.co.il/product/%D7%91%D7%A8%D7%9A-%D7%9C%D7%A8%D7%99%D7%AA%D7%95%D7%9A-%D7%94%D7%91%D7%A8%D7%92%D7%94-%D7%9C%D7%A0%D7%A7%D7%95%D7%93%D7%AA-%D7%9E%D7%99%D7%9D-%D7%AA%D7%91%D7%A8%D7%99%D7%92-%D7%97%D7%99%D7%A6%D7%95-2/
92518257,"ברך לריתוך הברגה לנקודת מים – תבריג חיצוני ""¾/25",ברך,,,נקודת מים,ריתוך,חיצוני,,,,,,,,,"¾""",,,,,25,92518257.jpg,4,https://www.huliot.co.il/product/%D7%91%D7%A8%D7%9A-%D7%9C%D7%A8%D7%99%D7%AA%D7%95%D7%9A-%D7%94%D7%91%D7%A8%D7%92%D7%94-%D7%9C%D7%A0%D7%A7%D7%95%D7%93%D7%AA-%D7%9E%D7%99%D7%9D-%D7%AA%D7%91%D7%A8%D7%99%D7%92-%D7%97%D7%99%D7%A6%D7%95-3/
9091023512,"ברך לריתוך הברגה לנקודת מים – תבריג חיצוני ""¾32X נטול עופרת",ברך,נטול עופרת,,נקודת מים,ריתוך,חיצוני,,,,,,,,,"¾3""",,,,,2X,9091023512.jpg,4,https://www.huliot.co.il/product/%D7%91%D7%A8%D7%9A-%D7%9C%D7%A8%D7%99%D7%AA%D7%95%D7%9A-%D7%94%D7%91%D7%A8%D7%92%D7%94-%D7%9C%D7%A0%D7%A7%D7%95%D7%93%D7%AA-%D7%9E%D7%99%D7%9D-%D7%AA%D7%91%D7%A8%D7%99%D7%92-%D7%97%D7%99%D7%A6%D7%95-4/
92518259,"ברך לריתוך הברגה לנקודת מים – תבריג חיצוני ""32/1",ברך,,,נקודת מים,ריתוך,חיצוני,,,,,,,,,"3""",,,,,2 1,92518259.jpg,4,https://www.huliot.co.il/product/%D7%91%D7%A8%D7%9A-%D7%9C%D7%A8%D7%99%D7%AA%D7%95%D7%9A-%D7%94%D7%91%D7%A8%D7%92%D7%94-%D7%9C%D7%A0%D7%A7%D7%95%D7%93%D7%AA-%D7%9E%D7%99%D7%9D-%D7%AA%D7%91%D7%A8%D7%99%D7%92-%D7%97%D7%99%D7%A6%D7%95-5/
92518254,"ברך לריתוך הברגה לנקודת מים – תבריג חיצוני ""½/20",ברך,,,נקודת מים,ריתוך,חיצוני,,,,,,,,,"½""",,,,,20,92518254.jpg,5,https://www.huliot.co.il/product/%D7%91%D7%A8%D7%9A-%D7%9C%D7%A8%D7%99%D7%AA%D7%95%D7%9A-%D7%94%D7%91%D7%A8%D7%92%D7%94-%D7%9C%D7%A0%D7%A7%D7%95%D7%93%D7%AA-%D7%9E%D7%99%D7%9D-%D7%AA%D7%91%D7%A8%D7%99%D7%92-%D7%97%D7%99%D7%A6%D7%95/
9091023010,"ברך לריתוך הברגה לנקודת מים – תבריג פנימי ""½20X נטול עופרת",ברך,נטול עופרת,,נקודת מים,ריתוך,פנימי,,,,,,,,,"½2""",,,,,0X,9091023010.jpg,4,https://www.huliot.co.il/product/%D7%91%D7%A8%D7%9A-%D7%9C%D7%A8%D7%99%D7%AA%D7%95%D7%9A-%D7%94%D7%91%D7%A8%D7%92%D7%94-%D7%9C%D7%A0%D7%A7%D7%95%D7%93%D7%AA-%D7%9E%D7%99%D7%9D-%D7%AA%D7%91%D7%A8%D7%99%D7%92-%D7%A4%D7%A0%D7%99%D7%9E-2/
92518207,"ברך לריתוך הברגה לנקודת מים – תבריג פנימי ""¾/25",ברך,,,נקודת מים,ריתוך,פנימי,,,,,,,,,"¾""",,,,,25,92518207.jpg,4,https://www.huliot.co.il/product/%D7%91%D7%A8%D7%9A-%D7%9C%D7%A8%D7%99%D7%AA%D7%95%D7%9A-%D7%94%D7%91%D7%A8%D7%92%D7%94-%D7%9C%D7%A0%D7%A7%D7%95%D7%93%D7%AA-%D7%9E%D7%99%D7%9D-%D7%AA%D7%91%D7%A8%D7%99%D7%92-%D7%A4%D7%A0%D7%99%D7%9E-3/
92518206,"ברך לריתוך הברגה לנקודת מים – תבריג פנימי ""½25X",ברך,,,נקודת מים,ריתוך,פנימי,,,,,,,,,"½2""",,,,,5X,92518206.jpg,5,https://www.huliot.co.il/product/%D7%91%D7%A8%D7%9A-%D7%9C%D7%A8%D7%99%D7%AA%D7%95%D7%9A-%D7%94%D7%91%D7%A8%D7%92%D7%94-%D7%9C%D7%A0%D7%A7%D7%95%D7%93%D7%AA-%D7%9E%D7%99%D7%9D-%D7%AA%D7%91%D7%A8%D7%99%D7%92-%D7%A4%D7%A0%D7%99%D7%9E-4/
9091023016,"ברך לריתוך הברגה לנקודת מים – תבריג פנימי ""¾32X נטול עופרת",ברך,נטול עופרת,,נקודת מים,ריתוך,פנימי,,,,,,,,,"¾3""",,,,,2X,9091023016.jpg,4,https://www.huliot.co.il/product/%D7%91%D7%A8%D7%9A-%D7%9C%D7%A8%D7%99%D7%AA%D7%95%D7%9A-%D7%94%D7%91%D7%A8%D7%92%D7%94-%D7%9C%D7%A0%D7%A7%D7%95%D7%93%D7%AA-%D7%9E%D7%99%D7%9D-%D7%AA%D7%91%D7%A8%D7%99%D7%92-%D7%A4%D7%A0%D7%99%D7%9E-5/
9091023018,"ברך לריתוך הברגה לנקודת מים – תבריג פנימי ""32X1 נטול עופרת",ברך,נטול עופרת,,נקודת מים,ריתוך,פנימי,,,,,,,,,"3""",,,,,2X1,9091023018.jpg,4,https://www.huliot.co.il/product/%D7%91%D7%A8%D7%9A-%D7%9C%D7%A8%D7%99%D7%AA%D7%95%D7%9A-%D7%94%D7%91%D7%A8%D7%92%D7%94-%D7%9C%D7%A0%D7%A7%D7%95%D7%93%D7%AA-%D7%9E%D7%99%D7%9D-%D7%AA%D7%91%D7%A8%D7%99%D7%92-%D7%A4%D7%A0%D7%99%D7%9E-6/
92518205,"ברך לריתוך הברגה לנקודת מים – תבריג פנימי ""¾/20",ברך,,,נקודת מים,ריתוך,פנימי,,,,,,,,,"¾""",,,,,20,92518205.jpg,5,https://www.huliot.co.il/product/%D7%91%D7%A8%D7%9A-%D7%9C%D7%A8%D7%99%D7%AA%D7%95%D7%9A-%D7%94%D7%91%D7%A8%D7%92%D7%94-%D7%9C%D7%A0%D7%A7%D7%95%D7%93%D7%AA-%D7%9E%D7%99%D7%9D-%D7%AA%D7%91%D7%A8%D7%99%D7%92-%D7%A4%D7%A0%D7%99%D7%9E/
92117110,ברך לריתוך  110/45°,ברך,,,,ריתוך,,,,,110,110,,,45,,,,,,,92117110.jpg,4,https://www.huliot.co.il/product/%D7%91%D7%A8%D7%9A-%D7%9C%D7%A8%D7%99%D7%AA%D7%95%D7%9A-11045/
92117050,ברך לריתוך  110/90°,ברך,,,,ריתוך,,,,,110,110,,,90,,,,,,,92117050.jpg,3,https://www.huliot.co.il/product/%D7%91%D7%A8%D7%9A-%D7%9C%D7%A8%D7%99%D7%AA%D7%95%D7%9A-11090/
92117111,ברך לריתוך  125/45°,ברך,,,,ריתוך,,,,,125,125,,,45,,,,,,,92117111.jpg,2,https://www.huliot.co.il/product/%D7%91%D7%A8%D7%9A-%D7%9C%D7%A8%D7%99%D7%AA%D7%95%D7%9A-12545/
92117051,ברך לריתוך  125/90°,ברך,,,,ריתוך,,,,,125,125,,,90,,,,,,,92117051.jpg,3,https://www.huliot.co.il/product/%D7%91%D7%A8%D7%9A-%D7%9C%D7%A8%D7%99%D7%AA%D7%95%D7%9A-12590/
921912531,ברך לריתוך  160/45° ריתוך פנים 11 SDR,ברך,,,,ריתוך פנים,,,,,160,160,,,45,,,,11,,לריתוך,921912531.jpg,3,https://www.huliot.co.il/product/%D7%91%D7%A8%D7%9A-%D7%9C%D7%A8%D7%99%D7%AA%D7%95%D7%9A-16045-%D7%A8%D7%99%D7%AA%D7%95%D7%9A-%D7%A4%D7%A0%D7%99%D7%9D-11-sdr/
992512530,ברך לריתוך  160/45° ריתוך פנים 17.6 SDR,ברך,,,,ריתוך פנים,,,,,160,160,,,45,,,,17.6,,לריתוך,992512530.jpg,5,https://www.huliot.co.il/product/%D7%91%D7%A8%D7%9A-%D7%9C%D7%A8%D7%99%D7%AA%D7%95%D7%9A-16045-%D7%A8%D7%99%D7%AA%D7%95%D7%9A-%D7%A4%D7%A0%D7%99%D7%9D-17-6-sdr/
992412131,ברך לריתוך  160/90° ריתוך פנים 11 SDR,ברך,,,,ריתוך פנים,,,,,160,160,,,90,,,,11,,לריתוך,992412131.jpg,4,https://www.huliot.co.il/product/%D7%91%D7%A8%D7%9A-%D7%9C%D7%A8%D7%99%D7%AA%D7%95%D7%9A-16090-%D7%A8%D7%99%D7%AA%D7%95%D7%9A-%D7%A4%D7%A0%D7%99%D7%9D-11-sdr/
992512130,ברך לריתוך  160/90° ריתוך פנים 17.6 SDR,ברך,,,,ריתוך פנים,,,,,160,160,,,90,,,,17.6,,לריתוך,992512130.jpg,5,https://www.huliot.co.il/product/%D7%91%D7%A8%D7%9A-%D7%9C%D7%A8%D7%99%D7%AA%D7%95%D7%9A-16090-%D7%A8%D7%99%D7%AA%D7%95%D7%9A-%D7%A4%D7%A0%D7%99%D7%9D-17-6-sdr/
922012535,ברך לריתוך  200/45° ריתוך פנים 11 SDR,ברך,,,,ריתוך פנים,,,,,200,200,,,45,,,,11,,לריתוך,922012535.jpg,5,https://www.huliot.co.il/product/%D7%91%D7%A8%D7%9A-%D7%9C%D7%A8%D7%99%D7%AA%D7%95%D7%9A-20045-%D7%A8%D7%99%D7%AA%D7%95%D7%9A-%D7%A4%D7%A0%D7%99%D7%9D-11-sdr/
922512534,ברך לריתוך  200/45° ריתוך פנים 17.6 SDR,ברך,,,,ריתוך פנים,,,,,200,200,,,45,,,,17.6,,לריתוך,922512534.jpg,5,https://www.huliot.co.il/product/%D7%91%D7%A8%D7%9A-%D7%9C%D7%A8%D7%99%D7%AA%D7%95%D7%9A-20045-%D7%A8%D7%99%D7%AA%D7%95%D7%9A-%D7%A4%D7%A0%D7%99%D7%9D-17-6-sdr/
992412135,ברך לריתוך  200/90° ריתוך פנים 11 SDR,ברך,,,,ריתוך פנים,,,,,200,200,,,90,,,,11,,לריתוך,992412135.jpg,5,https://www.huliot.co.il/product/%D7%91%D7%A8%D7%9A-%D7%9C%D7%A8%D7%99%D7%AA%D7%95%D7%9A-20090-%D7%A8%D7%99%D7%AA%D7%95%D7%9A-%D7%A4%D7%A0%D7%99%D7%9D-11-sdr/
922512134,ברך לריתוך  200/90° ריתוך פנים 17.6 SDR,ברך,,,,ריתוך פנים,,,,,200,200,,,90,,,,17.6,,לריתוך,922512134.jpg,5,https://www.huliot.co.il/product/%D7%91%D7%A8%D7%9A-%D7%9C%D7%A8%D7%99%D7%AA%D7%95%D7%9A-20090-%D7%A8%D7%99%D7%AA%D7%95%D7%9A-%D7%A4%D7%A0%D7%99%D7%9D-17-6-sdr/
92317122,ברך לריתוך  20/45°,ברך,,,,ריתוך,,,,,20,20,,,45,,,,,,,92317122.jpg,4,https://www.huliot.co.il/product/%D7%91%D7%A8%D7%9A-%D7%9C%D7%A8%D7%99%D7%AA%D7%95%D7%9A-2045-2/
92117102,ברך לריתוך  20/45°,ברך,,,,ריתוך,,,,,20,20,,,45,,,,,,,92117102.jpg,4,https://www.huliot.co.il/product/%D7%91%D7%A8%D7%9A-%D7%9C%D7%A8%D7%99%D7%AA%D7%95%D7%9A-2045/
92317062,ברך לריתוך  20/90°,ברך,,,,ריתוך,,,,,20,20,,,90,,,,,,,92317062.jpg,4,https://www.huliot.co.il/product/%D7%91%D7%A8%D7%9A-%D7%9C%D7%A8%D7%99%D7%AA%D7%95%D7%9A-2090-2/
92117042,ברך לריתוך  20/90°,ברך,,,,ריתוך,,,,,20,20,,,90,,,,,,,92117042.jpg,4,https://www.huliot.co.il/product/%D7%91%D7%A8%D7%9A-%D7%9C%D7%A8%D7%99%D7%AA%D7%95%D7%9A-2090/
922012538,ברך לריתוך  250/45° ריתוך פנים 17.6 SDR,ברך,,,,ריתוך פנים,,,,,250,250,,,45,,,,17.6,,לריתוך,922012538.jpg,4,https://www.huliot.co.il/product/%D7%91%D7%A8%D7%9A-%D7%9C%D7%A8%D7%99%D7%AA%D7%95%D7%9A-25045-%D7%A8%D7%99%D7%AA%D7%95%D7%9A-%D7%A4%D7%A0%D7%99%D7%9D-17-6-sdr/
992412139,ברך לריתוך  250/90° ריתוך פנים 11 SDR,ברך,,,,ריתוך פנים,,,,,250,250,,,90,,,,11,,לריתוך,992412139.jpg,5,https://www.huliot.co.il/product/%D7%91%D7%A8%D7%9A-%D7%9C%D7%A8%D7%99%D7%AA%D7%95%D7%9A-25090-%D7%A8%D7%99%D7%AA%D7%95%D7%9A-%D7%A4%D7%A0%D7%99%D7%9D-11-sdr/
925212138,ברך לריתוך  250/90° ריתוך פנים 17.6 SDR,ברך,,,,ריתוך פנים,,,,,250,250,,,90,,,,17.6,,לריתוך,925212138.jpg,5,https://www.huliot.co.il/product/%D7%91%D7%A8%D7%9A-%D7%9C%D7%A8%D7%99%D7%AA%D7%95%D7%9A-25090-%D7%A8%D7%99%D7%AA%D7%95%D7%9A-%D7%A4%D7%A0%D7%99%D7%9D-17-6-sdr/
92317123,ברך לריתוך  25/45°,ברך,,,,ריתוך,,,,,25,25,,,45,,,,,,,92317123.jpg,4,https://www.huliot.co.il/product/%D7%91%D7%A8%D7%9A-%D7%9C%D7%A8%D7%99%D7%AA%D7%95%D7%9A-2545-2/
92117103,ברך לריתוך  25/45°,ברך,,,,ריתוך,,,,,25,25,,,45,,,,,,,92117103.jpg,3,https://www.huliot.co.il/product/%D7%91%D7%A8%D7%9A-%D7%9C%D7%A8%D7%99%D7%AA%D7%95%D7%9A-2545/
92317063,ברך לריתוך  25/90°,ברך,,,,ריתוך,,,,,25,25,,,90,,,,,,,92317063.jpg,4,https://www.huliot.co.il/product/%D7%91%D7%A8%D7%9A-%D7%9C%D7%A8%D7%99%D7%AA%D7%95%D7%9A-2590-2/
92117043,ברך לריתוך  25/90°,ברך,,,,ריתוך,,,,,25,25,,,90,,,,,,,92117043.jpg,5,https://www.huliot.co.il/product/%D7%91%D7%A8%D7%9A-%D7%9C%D7%A8%D7%99%D7%AA%D7%95%D7%9A-2590/
92317124,ברך לריתוך  32/45°,ברך,,,,ריתוך,,,,,32,32,,,45,,,,,,,92317124.jpg,4,https://www.huliot.co.il/product/%D7%91%D7%A8%D7%9A-%D7%9C%D7%A8%D7%99%D7%AA%D7%95%D7%9A-3245-2/
92117104,ברך לריתוך  32/45°,ברך,,,,ריתוך,,,,,32,32,,,45,,,,,,,92117104.jpg,4,https://www.huliot.co.il/product/%D7%91%D7%A8%D7%9A-%D7%9C%D7%A8%D7%99%D7%AA%D7%95%D7%9A-3245/
92317064,ברך לריתוך  32/90°,ברך,,,,ריתוך,,,,,32,32,,,90,,,,,,,92317064.jpg,5,https://www.huliot.co.il/product/%D7%91%D7%A8%D7%9A-%D7%9C%D7%A8%D7%99%D7%AA%D7%95%D7%9A-3290-2/
92117044,ברך לריתוך  32/90°,ברך,,,,ריתוך,,,,,32,32,,,90,,,,,,,92117044.jpg,5,https://www.huliot.co.il/product/%D7%91%D7%A8%D7%9A-%D7%9C%D7%A8%D7%99%D7%AA%D7%95%D7%9A-3290/
92317125,ברך לריתוך  40/45°,ברך,,,,ריתוך,,,,,40,40,,,45,,,,,,,92317125.jpg,5,https://www.huliot.co.il/product/%D7%91%D7%A8%D7%9A-%D7%9C%D7%A8%D7%99%D7%AA%D7%95%D7%9A-4045-2/
92117105,ברך לריתוך  40/45°,ברך,,,,ריתוך,,,,,40,40,,,45,,,,,,,92117105.jpg,4,https://www.huliot.co.il/product/%D7%91%D7%A8%D7%9A-%D7%9C%D7%A8%D7%99%D7%AA%D7%95%D7%9A-4045/
92317065,ברך לריתוך  40/90°,ברך,,,,ריתוך,,,,,40,40,,,90,,,,,,,92317065.jpg,5,https://www.huliot.co.il/product/%D7%91%D7%A8%D7%9A-%D7%9C%D7%A8%D7%99%D7%AA%D7%95%D7%9A-4090-2/
92117045,ברך לריתוך  40/90°,ברך,,,,ריתוך,,,,,40,40,,,90,,,,,,,92117045.jpg,3,https://www.huliot.co.il/product/%D7%91%D7%A8%D7%9A-%D7%9C%D7%A8%D7%99%D7%AA%D7%95%D7%9A-4090/
92117106,ברך לריתוך  50/45°,ברך,,,,ריתוך,,,,,50,50,,,45,,,,,,,92117106.jpg,5,https://www.huliot.co.il/product/%D7%91%D7%A8%D7%9A-%D7%9C%D7%A8%D7%99%D7%AA%D7%95%D7%9A-5045/
92117046,ברך לריתוך  50/90°,ברך,,,,ריתוך,,,,,50,50,,,90,,,,,,,92117046.jpg,3,https://www.huliot.co.il/product/%D7%91%D7%A8%D7%9A-%D7%9C%D7%A8%D7%99%D7%AA%D7%95%D7%9A-5090/
92117107,ברך לריתוך  63/45°,ברך,,,,ריתוך,,,,,63,63,,,45,,,,,,,92117107.jpg,4,https://www.huliot.co.il/product/%D7%91%D7%A8%D7%9A-%D7%9C%D7%A8%D7%99%D7%AA%D7%95%D7%9A-6345/
92117047,ברך לריתוך  63/90°,ברך,,,,ריתוך,,,,,63,63,,,90,,,,,,,92117047.jpg,4,https://www.huliot.co.il/product/%D7%91%D7%A8%D7%9A-%D7%9C%D7%A8%D7%99%D7%AA%D7%95%D7%9A-6390/
92117108,ברך לריתוך  75/45°,ברך,,,,ריתוך,,,,,75,75,,,45,,,,,,,92117108.jpg,3,https://www.huliot.co.il/product/%D7%91%D7%A8%D7%9A-%D7%9C%D7%A8%D7%99%D7%AA%D7%95%D7%9A-7545/
92117048,ברך לריתוך  75/90°,ברך,,,,ריתוך,,,,,75,75,,,90,,,,,,,92117048.jpg,3,https://www.huliot.co.il/product/%D7%91%D7%A8%D7%9A-%D7%9C%D7%A8%D7%99%D7%AA%D7%95%D7%9A-7590/
92117109,ברך לריתוך  90/45°,ברך,,,,ריתוך,,,,,90,90,,,45,,,,,,,92117109.jpg,4,https://www.huliot.co.il/product/%D7%91%D7%A8%D7%9A-%D7%9C%D7%A8%D7%99%D7%AA%D7%95%D7%9A-9045/
92117049,ברך לריתוך  90/90°,ברך,,,,ריתוך,,,,,90,90,,,90,,,,,,,92117049.jpg,4,https://www.huliot.co.il/product/%D7%91%D7%A8%D7%9A-%D7%9C%D7%A8%D7%99%D7%AA%D7%95%D7%9A-9090/
40040150,ברך לשפכים חמים 15º בקוטר 110,ברך,,,שפכים חמים,,,,,,110,110,,,15,,,,,,,40040150.jpg,3,https://www.huliot.co.il/product/%D7%91%D7%A8%D7%9A-%D7%9C%D7%A9%D7%A4%D7%9B%D7%99%D7%9D-%D7%97%D7%9E%D7%99%D7%9D-15o-%D7%91%D7%A7%D7%95%D7%98%D7%A8-110/
40060100,ברך לשפכים חמים 15º בקוטר 160,ברך,,,שפכים חמים,,,,,,160,160,,,15,,,,,,,40060100.jpg,4,https://www.huliot.co.il/product/%D7%91%D7%A8%D7%9A-%D7%9C%D7%A9%D7%A4%D7%9B%D7%99%D7%9D-%D7%97%D7%9E%D7%99%D7%9D-15o-%D7%91%D7%A7%D7%95%D7%98%D7%A8-160/
40040350,ברך לשפכים חמים 30º בקוטר 110,ברך,,,שפכים חמים,,,,,,110,110,,,30,,,,,,,40040350.jpg,3,https://www.huliot.co.il/product/%D7%91%D7%A8%D7%9A-%D7%9C%D7%A9%D7%A4%D7%9B%D7%99%D7%9D-%D7%97%D7%9E%D7%99%D7%9D-30o-%D7%91%D7%A7%D7%95%D7%98%D7%A8-110/
40060300,ברך לשפכים חמים 30º בקוטר 160,ברך,,,שפכים חמים,,,,,,160,160,,,30,,,,,,,40060300.jpg,3,https://www.huliot.co.il/product/%D7%91%D7%A8%D7%9A-%D7%9C%D7%A9%D7%A4%D7%9B%D7%99%D7%9D-%D7%97%D7%9E%D7%99%D7%9D-30o-%D7%91%D7%A7%D7%95%D7%98%D7%A8-160/
40040467,ברך לשפכים חמים 45° עם ביקורת גב בקוטר 110,ברך,עם ביקורת גב,,שפכים חמים,,,,,,110,110,,,45,,,,,,,40040467.jpg,3,https://www.huliot.co.il/product/%D7%91%D7%A8%D7%9A-%D7%9C%D7%A9%D7%A4%D7%9B%D7%99%D7%9D-%D7%97%D7%9E%D7%99%D7%9D-45-%D7%A2%D7%9D-%D7%91%D7%99%D7%A7%D7%95%D7%A8%D7%AA-%D7%92%D7%91-%D7%91%D7%A7%D7%95%D7%98%D7%A8-110/
40060457,ברך לשפכים חמים 45° עם ביקורת גב בקוטר 160,ברך,עם ביקורת גב,,שפכים חמים,,,,,,160,160,,,45,,,,,,,40060457.jpg,4,https://www.huliot.co.il/product/%D7%91%D7%A8%D7%9A-%D7%9C%D7%A9%D7%A4%D7%9B%D7%99%D7%9D-%D7%97%D7%9E%D7%99%D7%9D-45-%D7%A2%D7%9D-%D7%91%D7%99%D7%A7%D7%95%D7%A8%D7%AA-%D7%92%D7%91-%D7%91%D7%A7%D7%95%D7%98%D7%A8-160/
40020467,ברך לשפכים חמים 45° עם ביקורת גב בקוטר 50,ברך,עם ביקורת גב,,שפכים חמים,,,,,,50,50,,,45,,,,,,,40020467.jpg,3,https://www.huliot.co.il/product/%D7%91%D7%A8%D7%9A-%D7%9C%D7%A9%D7%A4%D7%9B%D7%99%D7%9D-%D7%97%D7%9E%D7%99%D7%9D-45-%D7%A2%D7%9D-%D7%91%D7%99%D7%A7%D7%95%D7%A8%D7%AA-%D7%92%D7%91-%D7%91%D7%A7%D7%95%D7%98%D7%A8-50/
40040468,ברך לשפכים חמים 45° עם ביקורת ימין בקוטר 110,ברך,עם ביקורת|ימין,,שפכים חמים,,,,,,110,110,,,45,,,,,,,40040468.jpg,3,https://www.huliot.co.il/product/%D7%91%D7%A8%D7%9A-%D7%9C%D7%A9%D7%A4%D7%9B%D7%99%D7%9D-%D7%97%D7%9E%D7%99%D7%9D-45-%D7%A2%D7%9D-%D7%91%D7%99%D7%A7%D7%95%D7%A8%D7%AA-%D7%99%D7%9E%D7%99%D7%9F-%D7%91%D7%A7%D7%95%D7%98%D7%A8-110/
40060458,ברך לשפכים חמים 45° עם ביקורת ימין בקוטר 160,ברך,עם ביקורת|ימין,,שפכים חמים,,,,,,160,160,,,45,,,,,,,40060458.jpg,3,https://www.huliot.co.il/product/%D7%91%D7%A8%D7%9A-%D7%9C%D7%A9%D7%A4%D7%9B%D7%99%D7%9D-%D7%97%D7%9E%D7%99%D7%9D-45-%D7%A2%D7%9D-%D7%91%D7%99%D7%A7%D7%95%D7%A8%D7%AA-%D7%99%D7%9E%D7%99%D7%9F-%D7%91%D7%A7%D7%95%D7%98%D7%A8-160/
40040469,ברך לשפכים חמים 45° עם ביקורת שמאל בקוטר 110,ברך,עם ביקורת|שמאל,,שפכים חמים,,,,,,110,110,,,45,,,,,,,40040469.jpg,3,https://www.huliot.co.il/product/%D7%91%D7%A8%D7%9A-%D7%9C%D7%A9%D7%A4%D7%9B%D7%99%D7%9D-%D7%97%D7%9E%D7%99%D7%9D-45-%D7%A2%D7%9D-%D7%91%D7%99%D7%A7%D7%95%D7%A8%D7%AA-%D7%A9%D7%9E%D7%90%D7%9C-%D7%91%D7%A7%D7%95%D7%98%D7%A8-110/
40060459,ברך לשפכים חמים 45° עם ביקורת שמאל בקוטר 160,ברך,עם ביקורת|שמאל,,שפכים חמים,,,,,,160,160,,,45,,,,,,,40060459.jpg,3,https://www.huliot.co.il/product/%D7%91%D7%A8%D7%9A-%D7%9C%D7%A9%D7%A4%D7%9B%D7%99%D7%9D-%D7%97%D7%9E%D7%99%D7%9D-45-%D7%A2%D7%9D-%D7%91%D7%99%D7%A7%D7%95%D7%A8%D7%AA-%D7%A9%D7%9E%D7%90%D7%9C-%D7%91%D7%A7%D7%95%D7%98%D7%A8-160/
40040460,ברך לשפכים חמים 45º בקוטר 110,ברך,,,שפכים חמים,,,,,,110,110,,,45,,,,,,,40040460.jpg,4,https://www.huliot.co.il/product/%D7%91%D7%A8%D7%9A-%D7%9C%D7%A9%D7%A4%D7%9B%D7%99%D7%9D-%D7%97%D7%9E%D7%99%D7%9D-45o-%D7%91%D7%A7%D7%95%D7%98%D7%A8-110/
40050460,ברך לשפכים חמים 45º בקוטר 125,ברך,,,שפכים חמים,,,,,,125,125,,,45,,,,,,,40050460.jpg,3,https://www.huliot.co.il/product/%D7%91%D7%A8%D7%9A-%D7%9C%D7%A9%D7%A4%D7%9B%D7%99%D7%9D-%D7%97%D7%9E%D7%99%D7%9D-45o-%D7%91%D7%A7%D7%95%D7%98%D7%A8-125/
40060460,ברך לשפכים חמים 45º בקוטר 160,ברך,,,שפכים חמים,,,,,,160,160,,,45,,,,,,,40060460.jpg,3,https://www.huliot.co.il/product/%D7%91%D7%A8%D7%9A-%D7%9C%D7%A9%D7%A4%D7%9B%D7%99%D7%9D-%D7%97%D7%9E%D7%99%D7%9D-45o-%D7%91%D7%A7%D7%95%D7%98%D7%A8-160/
40010460,ברך לשפכים חמים 45º בקוטר 40,ברך,,,שפכים חמים,,,,,,40,40,,,45,,,,,,,40010460.jpg,4,https://www.huliot.co.il/product/%D7%91%D7%A8%D7%9A-%D7%9C%D7%A9%D7%A4%D7%9B%D7%99%D7%9D-%D7%97%D7%9E%D7%99%D7%9D-45o-%D7%91%D7%A7%D7%95%D7%98%D7%A8-40/
40020460,ברך לשפכים חמים 45º בקוטר 50,ברך,,,שפכים חמים,,,,,,50,50,,,45,,,,,,,40020460.jpg,3,https://www.huliot.co.il/product/%D7%91%D7%A8%D7%9A-%D7%9C%D7%A9%D7%A4%D7%9B%D7%99%D7%9D-%D7%97%D7%9E%D7%99%D7%9D-45o-%D7%91%D7%A7%D7%95%D7%98%D7%A8-50/
40030460,ברך לשפכים חמים 45º בקוטר 75,ברך,,,שפכים חמים,,,,,,75,75,,,45,,,,,,,40030460.jpg,3,https://www.huliot.co.il/product/%D7%91%D7%A8%D7%9A-%D7%9C%D7%A9%D7%A4%D7%9B%D7%99%D7%9D-%D7%97%D7%9E%D7%99%D7%9D-45o-%D7%91%D7%A7%D7%95%D7%98%D7%A8-75/
40040867,ברך לשפכים חמים 87° עם ביקורת גב בקוטר 110,ברך,עם ביקורת גב,,שפכים חמים,,,,,,110,110,,,87,,,,,,,40040867.jpg,4,https://www.huliot.co.il/product/%D7%91%D7%A8%D7%9A-%D7%9C%D7%A9%D7%A4%D7%9B%D7%99%D7%9D-%D7%97%D7%9E%D7%99%D7%9D-87-%D7%A2%D7%9D-%D7%91%D7%99%D7%A7%D7%95%D7%A8%D7%AA-%D7%92%D7%91-%D7%91%D7%A7%D7%95%D7%98%D7%A8-110/
40060857,ברך לשפכים חמים 87° עם ביקורת גב בקוטר 160,ברך,עם ביקורת גב,,שפכים חמים,,,,,,160,160,,,87,,,,,,,40060857.jpg,3,https://www.huliot.co.il/product/%D7%91%D7%A8%D7%9A-%D7%9C%D7%A9%D7%A4%D7%9B%D7%99%D7%9D-%D7%97%D7%9E%D7%99%D7%9D-87-%D7%A2%D7%9D-%D7%91%D7%99%D7%A7%D7%95%D7%A8%D7%AA-%D7%92%D7%91-%D7%91%D7%A7%D7%95%D7%98%D7%A8-160/
40020867,ברך לשפכים חמים 87° עם ביקורת גב בקוטר 50,ברך,עם ביקורת גב,,שפכים חמים,,,,,,50,50,,,87,,,,,,,40020867.jpg,4,https://www.huliot.co.il/product/%D7%91%D7%A8%D7%9A-%D7%9C%D7%A9%D7%A4%D7%9B%D7%99%D7%9D-%D7%97%D7%9E%D7%99%D7%9D-87-%D7%A2%D7%9D-%D7%91%D7%99%D7%A7%D7%95%D7%A8%D7%AA-%D7%92%D7%91-%D7%91%D7%A7%D7%95%D7%98%D7%A8-50/
40030867,ברך לשפכים חמים 87° עם ביקורת גב בקוטר 75,ברך,עם ביקורת גב,,שפכים חמים,,,,,,75,75,,,87,,,,,,,40030867.jpg,4,https://www.huliot.co.il/product/%D7%91%D7%A8%D7%9A-%D7%9C%D7%A9%D7%A4%D7%9B%D7%99%D7%9D-%D7%97%D7%9E%D7%99%D7%9D-87-%D7%A2%D7%9D-%D7%91%D7%99%D7%A7%D7%95%D7%A8%D7%AA-%D7%92%D7%91-%D7%91%D7%A7%D7%95%D7%98%D7%A8-75/
40040868,ברך לשפכים חמים 87° עם ביקורת ימין בקוטר 110,ברך,עם ביקורת|ימין,,שפכים חמים,,,,,,110,110,,,87,,,,,,,40040868.jpg,3,https://www.huliot.co.il/product/%D7%91%D7%A8%D7%9A-%D7%9C%D7%A9%D7%A4%D7%9B%D7%99%D7%9D-%D7%97%D7%9E%D7%99%D7%9D-87-%D7%A2%D7%9D-%D7%91%D7%99%D7%A7%D7%95%D7%A8%D7%AA-%D7%99%D7%9E%D7%99%D7%9F-%D7%91%D7%A7%D7%95%D7%98%D7%A8-110/
40060858,ברך לשפכים חמים 87° עם ביקורת ימין בקוטר 160,ברך,עם ביקורת|ימין,,שפכים חמים,,,,,,160,160,,,87,,,,,,,40060858.jpg,3,https://www.huliot.co.il/product/%D7%91%D7%A8%D7%9A-%D7%9C%D7%A9%D7%A4%D7%9B%D7%99%D7%9D-%D7%97%D7%9E%D7%99%D7%9D-87-%D7%A2%D7%9D-%D7%91%D7%99%D7%A7%D7%95%D7%A8%D7%AA-%D7%99%D7%9E%D7%99%D7%9F-%D7%91%D7%A7%D7%95%D7%98%D7%A8-160/
40040869,ברך לשפכים חמים 87° עם ביקורת שמאל בקוטר 110,ברך,עם ביקורת|שמאל,,שפכים חמים,,,,,,110,110,,,87,,,,,,,40040869.jpg,3,https://www.huliot.co.il/product/%D7%91%D7%A8%D7%9A-%D7%9C%D7%A9%D7%A4%D7%9B%D7%99%D7%9D-%D7%97%D7%9E%D7%99%D7%9D-87-%D7%A2%D7%9D-%D7%91%D7%99%D7%A7%D7%95%D7%A8%D7%AA-%D7%A9%D7%9E%D7%90%D7%9C-%D7%91%D7%A7%D7%95%D7%98%D7%A8-110/
40060859,ברך לשפכים חמים 87° עם ביקורת שמאל בקוטר 160,ברך,עם ביקורת|שמאל,,שפכים חמים,,,,,,160,160,,,87,,,,,,,40060859.jpg,3,https://www.huliot.co.il/product/%D7%91%D7%A8%D7%9A-%D7%9C%D7%A9%D7%A4%D7%9B%D7%99%D7%9D-%D7%97%D7%9E%D7%99%D7%9D-87-%D7%A2%D7%9D-%D7%91%D7%99%D7%A7%D7%95%D7%A8%D7%AA-%D7%A9%D7%9E%D7%90%D7%9C-%D7%91%D7%A7%D7%95%D7%98%D7%A8-160/
40040860,ברך לשפכים חמים 87º בקוטר 110,ברך,,,שפכים חמים,,,,,,110,110,,,87,,,,,,,40040860.jpg,3,https://www.huliot.co.il/product/%D7%91%D7%A8%D7%9A-%D7%9C%D7%A9%D7%A4%D7%9B%D7%99%D7%9D-%D7%97%D7%9E%D7%99%D7%9D-87o-%D7%91%D7%A7%D7%95%D7%98%D7%A8-110/
40050860,ברך לשפכים חמים 87º בקוטר 125,ברך,,,שפכים חמים,,,,,,125,125,,,87,,,,,,,40050860.jpg,4,https://www.huliot.co.il/product/%D7%91%D7%A8%D7%9A-%D7%9C%D7%A9%D7%A4%D7%9B%D7%99%D7%9D-%D7%97%D7%9E%D7%99%D7%9D-87o-%D7%91%D7%A7%D7%95%D7%98%D7%A8-125/
40060860,ברך לשפכים חמים 87º בקוטר 160,ברך,,,שפכים חמים,,,,,,160,160,,,87,,,,,,,40060860.jpg,3,https://www.huliot.co.il/product/%D7%91%D7%A8%D7%9A-%D7%9C%D7%A9%D7%A4%D7%9B%D7%99%D7%9D-%D7%97%D7%9E%D7%99%D7%9D-87o-%D7%91%D7%A7%D7%95%D7%98%D7%A8-160/
40010860,ברך לשפכים חמים 87º בקוטר 40,ברך,,,שפכים חמים,,,,,,40,40,,,87,,,,,,,40010860.jpg,4,https://www.huliot.co.il/product/%D7%91%D7%A8%D7%9A-%D7%9C%D7%A9%D7%A4%D7%9B%D7%99%D7%9D-%D7%97%D7%9E%D7%99%D7%9D-87o-%D7%91%D7%A7%D7%95%D7%98%D7%A8-40/
40020860,ברך לשפכים חמים 87º בקוטר 50,ברך,,,שפכים חמים,,,,,,50,50,,,87,,,,,,,40020860.jpg,3,https://www.huliot.co.il/product/%D7%91%D7%A8%D7%9A-%D7%9C%D7%A9%D7%A4%D7%9B%D7%99%D7%9D-%D7%97%D7%9E%D7%99%D7%9D-87o-%D7%91%D7%A7%D7%95%D7%98%D7%A8-50/
40030860,ברך לשפכים חמים 87º בקוטר 75,ברך,,,שפכים חמים,,,,,,75,75,,,87,,,,,,,40030860.jpg,4,https://www.huliot.co.il/product/%D7%91%D7%A8%D7%9A-%D7%9C%D7%A9%D7%A4%D7%9B%D7%99%D7%9D-%D7%97%D7%9E%D7%99%D7%9D-87o-%D7%91%D7%A7%D7%95%D7%98%D7%A8-75/
71456863,ברך מצרה טלסקופית צד אחד שקע תקע ™SmartLock,ברך,מצרה,SmartLock,,שקע-תקע,,,,,,,,,,,,,,,טלסקופית צד אחד,71456863.jpg,6,https://www.huliot.co.il/product/%D7%91%D7%A8%D7%9A-%D7%9E%D7%A6%D7%A8%D7%94-%D7%98%D7%9C%D7%A1%D7%A7%D7%95%D7%A4%D7%99%D7%AA-%D7%A6%D7%93-%D7%90%D7%97%D7%93-%D7%A9%D7%A7%D7%A2-%D7%AA%D7%A7%D7%A2-smartlock/
70043930,ברך מצרה לסיפון 32/40/90° צד אחד שקע תקע ™SmartLock,ברך,מצרה,SmartLock,,שקע-תקע,,,,,32/40,32,40,,90,,,,,,לסיפון צד אחד,70043930.jpg,6,https://www.huliot.co.il/product/%D7%91%D7%A8%D7%9A-%D7%9E%D7%A6%D7%A8%D7%94-%D7%9C%D7%A1%D7%99%D7%A4%D7%95%D7%9F-32-40-90-%D7%A6%D7%93-%D7%90%D7%97%D7%93-%D7%A9%D7%A7%D7%A2-%D7%AA%D7%A7%D7%A2-smartlock/
70053930,ברך מצרה 32/50/90° צד אחד שקע תקע ™SmartLock,ברך,מצרה,SmartLock,,שקע-תקע,,,,,32/50,32,50,,90,,,,,,צד אחד,70053930.jpg,6,https://www.huliot.co.il/product/%D7%91%D7%A8%D7%9A-%D7%9E%D7%A6%D7%A8%D7%94-32-50-90-%D7%A6%D7%93-%D7%90%D7%97%D7%93-%D7%A9%D7%A7%D7%A2-%D7%AA%D7%A7%D7%A2-smartlock/
60043930,ברך סיפון “¼1,ברך,סיפון,,,,,,,,,,,,,"¼1""",,,,,,60043930.jpg,5,https://www.huliot.co.il/product/%D7%91%D7%A8%D7%9A-%D7%A1%D7%99%D7%A4%D7%95%D7%9F-%C2%BC1/
70033460,ברך 32/45°  ™SmartLock,ברך,,SmartLock,,,,,,,32,32,,,45,,,,,,,70033460.jpg,6,https://www.huliot.co.il/product/%D7%91%D7%A8%D7%9A-32-45-smartlock/
70033960,ברך 32/90°  ™SmartLock,ברך,,SmartLock,,,,,,,32,32,,,90,,,,,,,70033960.jpg,6,https://www.huliot.co.il/product/%D7%91%D7%A8%D7%9A-32-90-smartlock/
70041150,ברך 40/15° צד אחד חלק ™SmartLock,ברך,צד אחד חלק,SmartLock,,,,,,,40,40,,,15,,,,,,,70041150.jpg,6,https://www.huliot.co.il/product/%D7%91%D7%A8%D7%9A-40-15-%D7%A6%D7%93-%D7%90%D7%97%D7%93-%D7%97%D7%9C%D7%A7-smartlock/
70041300,ברך 40/30° צד אחד חלק ™SmartLock,ברך,צד אחד חלק,SmartLock,,,,,,,40,40,,,30,,,,,,,70041300.jpg,6,https://www.huliot.co.il/product/%D7%91%D7%A8%D7%9A-40-30-%D7%A6%D7%93-%D7%90%D7%97%D7%93-%D7%97%D7%9C%D7%A7-smartlock/
70041460,ברך 40/45° צד אחד חלק ™SmartLock,ברך,צד אחד חלק,SmartLock,,,,,,,40,40,,,45,,,,,,,70041460.jpg,5,https://www.huliot.co.il/product/%D7%91%D7%A8%D7%9A-40-45-%D7%A6%D7%93-%D7%90%D7%97%D7%93-%D7%97%D7%9C%D7%A7-smartlock/
60041460,ברך 40/45 צד אחד חלק,ברך,צד אחד חלק,,,,,,,,40/45,40,,,45,,,,,,,60041460.jpg,5,https://www.huliot.co.il/product/%D7%91%D7%A8%D7%9A-40-45-%D7%A6%D7%93-%D7%90%D7%97%D7%93-%D7%97%D7%9C%D7%A7/
70044460,ברך 40/45°  ™SmartLock,ברך,,SmartLock,,,,,,,40,40,,,45,,,,,,,70044460.jpg,6,https://www.huliot.co.il/product/%D7%91%D7%A8%D7%9A-40-45-smartlock/
70041960,ברך 40/90° צד אחד חלק ™SmartLock,ברך,צד אחד חלק,SmartLock,,,,,,,40,40,,,90,,,,,,,70041960.jpg,5,https://www.huliot.co.il/product/%D7%91%D7%A8%D7%9A-40-90-%D7%A6%D7%93-%D7%90%D7%97%D7%93-%D7%97%D7%9C%D7%A7-smartlock/
60041960,ברך 40/90 צד אחד חלק,ברך,צד אחד חלק,,,,,,,,40/90,40,,,90,,,,,,,60041960.jpg,5,https://www.huliot.co.il/product/%D7%91%D7%A8%D7%9A-40-90-%D7%A6%D7%93-%D7%90%D7%97%D7%93-%D7%97%D7%9C%D7%A7/
70044960,ברך 40/90°  ™SmartLock,ברך,,SmartLock,,,,,,,40,40,,,90,,,,,,,70044960.jpg,5,https://www.huliot.co.il/product/%D7%91%D7%A8%D7%9A-40-90-smartlock/
60033460,ברך 45° 32/32,ברך,,,,,,,,,32/32,32,32,,45,,,,,,,60033460.jpg,5,https://www.huliot.co.il/product/%D7%91%D7%A8%D7%9A-45-32-32/
60044460,ברך 45° 40/40,ברך,,,,,,,,,40/40,40,40,,45,,,,,,,60044460.jpg,5,https://www.huliot.co.il/product/%D7%91%D7%A8%D7%9A-45-40-40/
60055460,ברך 45° 50/50,ברך,,,,,,,,,50/50,50,50,,45,,,,,,,60055460.jpg,5,https://www.huliot.co.il/product/%D7%91%D7%A8%D7%9A-45-50-50/
60066463,ברך 45° 63/63,ברך,,,,,,,,,63/63,63,63,,45,,,,,,,60066463.jpg,5,https://www.huliot.co.il/product/%D7%91%D7%A8%D7%9A-45-63-63/
42144445,ברך 45º מצרה לתיקון 110/100,ברך,מצרה,,,,,,,,110/100,110,100,,45,,,,,,לתיקון,42144445.jpg,3,https://www.huliot.co.il/product/%D7%91%D7%A8%D7%9A-45o-%D7%9E%D7%A6%D7%A8%D7%94-%D7%9C%D7%AA%D7%99%D7%A7%D7%95%D7%9F-110100/
87090470,ברך 45º,ברך,,,,,,,,,,,,,45,,,,,,,87090470.jpg,6,https://www.huliot.co.il/product/%D7%91%D7%A8%D7%9A-45o/
70051150,ברך 50/15° צד אחד חלק ™SmartLock,ברך,צד אחד חלק,SmartLock,,,,,,,50,50,,,15,,,,,,,70051150.jpg,5,https://www.huliot.co.il/product/%D7%91%D7%A8%D7%9A-50-15-%D7%A6%D7%93-%D7%90%D7%97%D7%93-%D7%97%D7%9C%D7%A7-smartlock/
60051150,ברך 50/15 צד אחד חלק,ברך,צד אחד חלק,,,,,,,,50/15,50,,,15,,,,,,,60051150.jpg,5,https://www.huliot.co.il/product/%D7%91%D7%A8%D7%9A-50-15-%D7%A6%D7%93-%D7%90%D7%97%D7%93-%D7%97%D7%9C%D7%A7/
70051300,ברך 50/30° צד אחד חלק ™SmartLock,ברך,צד אחד חלק,SmartLock,,,,,,,50,50,,,30,,,,,,,70051300.jpg,6,https://www.huliot.co.il/product/%D7%91%D7%A8%D7%9A-50-30-%D7%A6%D7%93-%D7%90%D7%97%D7%93-%D7%97%D7%9C%D7%A7-smartlock/
60051300,ברך 50/30 צד אחד חלק,ברך,צד אחד חלק,,,,,,,,50/30,50,,,30,,,,,,,60051300.jpg,5,https://www.huliot.co.il/product/%D7%91%D7%A8%D7%9A-50-30-%D7%A6%D7%93-%D7%90%D7%97%D7%93-%D7%97%D7%9C%D7%A7/
70051460,ברך 50/45° צד אחד חלק ™SmartLock,ברך,צד אחד חלק,SmartLock,,,,,,,50,50,,,45,,,,,,,70051460.jpg,6,https://www.huliot.co.il/product/%D7%91%D7%A8%D7%9A-50-45-%D7%A6%D7%93-%D7%90%D7%97%D7%93-%D7%97%D7%9C%D7%A7-smartlock/
60051460,ברך 50/45 צד אחד חלק,ברך,צד אחד חלק,,,,,,,,50/45,50,,,45,,,,,,,60051460.jpg,5,https://www.huliot.co.il/product/%D7%91%D7%A8%D7%9A-50-45-%D7%A6%D7%93-%D7%90%D7%97%D7%93-%D7%97%D7%9C%D7%A7/
70055460,ברך 50/45°  ™SmartLock,ברך,,SmartLock,,,,,,,50,50,,,45,,,,,,,70055460.jpg,5,https://www.huliot.co.il/product/%D7%91%D7%A8%D7%9A-50-45-smartlock/
70051960,ברך 50/90° צד אחד חלק ™SmartLock,ברך,צד אחד חלק,SmartLock,,,,,,,50,50,,,90,,,,,,,70051960.jpg,6,https://www.huliot.co.il/product/%D7%91%D7%A8%D7%9A-50-90-%D7%A6%D7%93-%D7%90%D7%97%D7%93-%D7%97%D7%9C%D7%A7-smartlock/
60051960,ברך 50/90 צד אחד חלק,ברך,צד אחד חלק,,,,,,,,50/90,50,,,90,,,,,,,60051960.jpg,5,https://www.huliot.co.il/product/%D7%91%D7%A8%D7%9A-50-90-%D7%A6%D7%93-%D7%90%D7%97%D7%93-%D7%97%D7%9C%D7%A7/
70055960,ברך 50/90°  ™SmartLock,ברך,,SmartLock,,,,,,,50,50,,,90,,,,,,,70055960.jpg,5,https://www.huliot.co.il/product/%D7%91%D7%A8%D7%9A-50-90-smartlock/
70066463,ברך 63/45°  ™SmartLock,ברך,,SmartLock,,,,,,,63,63,,,45,,,,,,,70066463.jpg,6,https://www.huliot.co.il/product/%D7%91%D7%A8%D7%9A-63-45-smartlock/
42144845,ברך 87º מצרה לתיקון 110/100,ברך,מצרה,,,,,,,,110/100,110,100,,87,,,,,,לתיקון,42144845.jpg,3,https://www.huliot.co.il/product/%D7%91%D7%A8%D7%9A-87o-%D7%9E%D7%A6%D7%A8%D7%94-%D7%9C%D7%AA%D7%99%D7%A7%D7%95%D7%9F-110100/
60033960,ברך 90° 32/32,ברך,,,,,,,,,32/32,32,32,,90,,,,,,,60033960.jpg,5,https://www.huliot.co.il/product/%D7%91%D7%A8%D7%9A-90-32-32/
60043960,ברך 90° 40/32,ברך,,,,,,,,,40/32,40,32,,90,,,,,,,60043960.jpg,5,https://www.huliot.co.il/product/%D7%91%D7%A8%D7%9A-90-40-32/
60044960,ברך 90° 40/40,ברך,,,,,,,,,40/40,40,40,,90,,,,,,,60044960.jpg,5,https://www.huliot.co.il/product/%D7%91%D7%A8%D7%9A-90-40-40/
60053960,ברך 90° 50/32,ברך,,,,,,,,,50/32,50,32,,90,,,,,,,60053960.jpg,5,https://www.huliot.co.il/product/%D7%91%D7%A8%D7%9A-90-50-32/
60054960,ברך 90° 50/40,ברך,,,,,,,,,50/40,50,40,,90,,,,,,,60054960.jpg,5,https://www.huliot.co.il/product/%D7%91%D7%A8%D7%9A-90-50-40/
60055960,ברך 90° 50/50,ברך,,,,,,,,,50/50,50,50,,90,,,,,,,60055960.jpg,5,https://www.huliot.co.il/product/%D7%91%D7%A8%D7%9A-90-50-50/
8861601100,"גליל צינור ™HiPE-X מושחל אדום קוטר: 16 מ""מ אורך: 100 מטר",גליל צינור,מושחל,HiPE-X,,,,,,אדום,16,16,,,,,100000,,,,,8861601100.jpg,6,https://www.huliot.co.il/product/%D7%92%D7%9C%D7%99%D7%9C-%D7%A6%D7%99%D7%A0%D7%95%D7%A8-hipe-x-%D7%9E%D7%95%D7%A9%D7%97%D7%9C-%D7%90%D7%93%D7%95%D7%9D-%D7%A7%D7%95%D7%98%D7%A8-16-%D7%9E%D7%9E-%D7%90%D7%95%D7%A8%D7%9A-100/
8861601050,"גליל צינור ™HiPE-X מושחל אדום קוטר: 16 מ""מ אורך: 50 מטר",גליל צינור,מושחל,HiPE-X,,,,,,אדום,16,16,,,,,50000,,,,,8861601050.jpg,6,https://www.huliot.co.il/product/%D7%92%D7%9C%D7%99%D7%9C-%D7%A6%D7%99%D7%A0%D7%95%D7%A8-hipe-x-%D7%9E%D7%95%D7%A9%D7%97%D7%9C-%D7%90%D7%93%D7%95%D7%9D-%D7%A7%D7%95%D7%98%D7%A8-16-%D7%9E%D7%9E-%D7%90%D7%95%D7%A8%D7%9A-50/
8861602100,"גליל צינור ™HiPE-X מושחל כחול קוטר: 16 מ""מ אורך: 100 מטר",גליל צינור,מושחל,HiPE-X,,,,,,כחול,16,16,,,,,100000,,,,,8861602100.jpg,5,https://www.huliot.co.il/product/%D7%92%D7%9C%D7%99%D7%9C-%D7%A6%D7%99%D7%A0%D7%95%D7%A8-hipe-x-%D7%9E%D7%95%D7%A9%D7%97%D7%9C-%D7%9B%D7%97%D7%95%D7%9C-%D7%A7%D7%95%D7%98%D7%A8-16-%D7%9E%D7%9E-%D7%90%D7%95%D7%A8%D7%9A-100/
8861602050,"גליל צינור ™HiPE-X מושחל כחול קוטר: 16 מ""מ אורך: 50 מטר",גליל צינור,מושחל,HiPE-X,,,,,,כחול,16,16,,,,,50000,,,,,8861602050.jpg,6,https://www.huliot.co.il/product/%D7%92%D7%9C%D7%99%D7%9C-%D7%A6%D7%99%D7%A0%D7%95%D7%A8-hipe-x-%D7%9E%D7%95%D7%A9%D7%97%D7%9C-%D7%9B%D7%97%D7%95%D7%9C-%D7%A7%D7%95%D7%98%D7%A8-16-%D7%9E%D7%9E-%D7%90%D7%95%D7%A8%D7%9A-50/
8862004100,"גליל צינור ™HiPE-X מושחל שחור קוטר: 20 מ""מ אורך: 100 מטר",גליל צינור,מושחל,HiPE-X,,,,,,שחור,20,20,,,,,100000,,,,,8862004100.jpg,6,https://www.huliot.co.il/product/%D7%92%D7%9C%D7%99%D7%9C-%D7%A6%D7%99%D7%A0%D7%95%D7%A8-hipe-x-%D7%9E%D7%95%D7%A9%D7%97%D7%9C-%D7%A9%D7%97%D7%95%D7%A8-%D7%A7%D7%95%D7%98%D7%A8-20-%D7%9E%D7%9E-%D7%90%D7%95%D7%A8%D7%9A-100/
8862004050,"גליל צינור ™HiPE-X מושחל שחור קוטר: 20 מ""מ אורך: 50 מטר",גליל צינור,מושחל,HiPE-X,,,,,,שחור,20,20,,,,,50000,,,,,8862004050.jpg,6,https://www.huliot.co.il/product/%D7%92%D7%9C%D7%99%D7%9C-%D7%A6%D7%99%D7%A0%D7%95%D7%A8-hipe-x-%D7%9E%D7%95%D7%A9%D7%97%D7%9C-%D7%A9%D7%97%D7%95%D7%A8-%D7%A7%D7%95%D7%98%D7%A8-20-%D7%9E%D7%9E-%D7%90%D7%95%D7%A8%D7%9A-50/
8862504050,"גליל צינור ™HiPE-X מושחל שחור קוטר: 25 מ""מ אורך: 50 מטר",גליל צינור,מושחל,HiPE-X,,,,,,שחור,25,25,,,,,50000,,,,,8862504050.jpg,6,https://www.huliot.co.il/product/%D7%92%D7%9C%D7%99%D7%9C-%D7%A6%D7%99%D7%A0%D7%95%D7%A8-hipe-x-%D7%9E%D7%95%D7%A9%D7%97%D7%9C-%D7%A9%D7%97%D7%95%D7%A8-%D7%A7%D7%95%D7%98%D7%A8-25-%D7%9E%D7%9E-%D7%90%D7%95%D7%A8%D7%9A-50/
8863204050,"גליל צינור ™HiPE-X מושחל שחור קוטר: 32 מ""מ אורך: 50 מטר",גליל צינור,מושחל,HiPE-X,,,,,,שחור,32,32,,,,,50000,,,,,8863204050.jpg,6,https://www.huliot.co.il/product/%D7%92%D7%9C%D7%99%D7%9C-%D7%A6%D7%99%D7%A0%D7%95%D7%A8-hipe-x-%D7%9E%D7%95%D7%A9%D7%97%D7%9C-%D7%A9%D7%97%D7%95%D7%A8-%D7%A7%D7%95%D7%98%D7%A8-32-%D7%9E%D7%9E-%D7%90%D7%95%D7%A8%D7%9A-50/
8861603100,"גליל צינור ™HiPE-X קוטר: 16 מ""מ אורך: 100 מטר",גליל צינור,,HiPE-X,,,,,,,16,16,,,,,100000,,,,,8861603100.jpg,6,https://www.huliot.co.il/product/%D7%92%D7%9C%D7%99%D7%9C-%D7%A6%D7%99%D7%A0%D7%95%D7%A8-hipe-x-%D7%A7%D7%95%D7%98%D7%A8-16-%D7%9E%D7%9E-%D7%90%D7%95%D7%A8%D7%9A-100-%D7%9E%D7%98%D7%A8/
8861603050,"גליל צינור ™HiPE-X קוטר: 16 מ""מ אורך: 50 מטר",גליל צינור,,HiPE-X,,,,,,,16,16,,,,,50000,,,,,8861603050.jpg,6,https://www.huliot.co.il/product/%D7%92%D7%9C%D7%99%D7%9C-%D7%A6%D7%99%D7%A0%D7%95%D7%A8-hipe-x-%D7%A7%D7%95%D7%98%D7%A8-16-%D7%9E%D7%9E-%D7%90%D7%95%D7%A8%D7%9A-50-%D7%9E%D7%98%D7%A8/
8862003100,"גליל צינור ™HiPE-X קוטר: 20 מ""מ אורך: 100 מטר",גליל צינור,,HiPE-X,,,,,,,20,20,,,,,100000,,,,,8862003100.jpg,6,https://www.huliot.co.il/product/%D7%92%D7%9C%D7%99%D7%9C-%D7%A6%D7%99%D7%A0%D7%95%D7%A8-hipe-x-%D7%A7%D7%95%D7%98%D7%A8-20-%D7%9E%D7%9E-%D7%90%D7%95%D7%A8%D7%9A-100-%D7%9E%D7%98%D7%A8/
8862003050,"גליל צינור ™HiPE-X קוטר: 20 מ""מ אורך: 50 מטר",גליל צינור,,HiPE-X,,,,,,,20,20,,,,,50000,,,,,8862003050.jpg,6,https://www.huliot.co.il/product/%D7%92%D7%9C%D7%99%D7%9C-%D7%A6%D7%99%D7%A0%D7%95%D7%A8-hipe-x-%D7%A7%D7%95%D7%98%D7%A8-20-%D7%9E%D7%9E-%D7%90%D7%95%D7%A8%D7%9A-50-%D7%9E%D7%98%D7%A8/
8862503050,"גליל צינור ™HiPE-X קוטר: 25 מ""מ אורך: 50 מטר",גליל צינור,,HiPE-X,,,,,,,25,25,,,,,50000,,,,,8862503050.jpg,5,https://www.huliot.co.il/product/%D7%92%D7%9C%D7%99%D7%9C-%D7%A6%D7%99%D7%A0%D7%95%D7%A8-hipe-x-%D7%A7%D7%95%D7%98%D7%A8-25-%D7%9E%D7%9E-%D7%90%D7%95%D7%A8%D7%9A-50-%D7%9E%D7%98%D7%A8/
8863203050,"גליל צינור ™HiPE-X קוטר: 32 מ""מ אורך: 50 מטר",גליל צינור,,HiPE-X,,,,,,,32,32,,,,,50000,,,,,8863203050.jpg,6,https://www.huliot.co.il/product/%D7%92%D7%9C%D7%99%D7%9C-%D7%A6%D7%99%D7%A0%D7%95%D7%A8-hipe-x-%D7%A7%D7%95%D7%98%D7%A8-32-%D7%9E%D7%9E-%D7%90%D7%95%D7%A8%D7%9A-50-%D7%9E%D7%98%D7%A8/
60203651,הגבהה גלילית,,,,,,,,,,,,,,,,,,,,הגבהה גלילית,60203651.jpg,6,https://www.huliot.co.il/product/%D7%94%D7%92%D7%91%D7%94%D7%94-%D7%92%D7%9C%D7%99%D7%9C%D7%99%D7%AA-2/
60203651,הגבהה גלילית,,,,,,,,,,,,,,,,,,,,הגבהה גלילית,60203651.jpg,5,https://www.huliot.co.il/product/%D7%94%D7%92%D7%91%D7%94%D7%94-%D7%92%D7%9C%D7%99%D7%9C%D7%99%D7%AA/
60200251,הגבהה פתח רבוע אפור,,,,,,,,,אפור,,,,,,,,,,,הגבהה פתח רבוע,60200251.jpg,6,https://www.huliot.co.il/product/%D7%94%D7%92%D7%91%D7%94%D7%94-%D7%A4%D7%AA%D7%97-%D7%A8%D7%91%D7%95%D7%A2-%D7%90%D7%A4%D7%95%D7%A8/
60200260,הגבהה פתח רבוע בז',,,,,,,,,בז',,,,,,,,,,,הגבהה פתח רבוע,60200260.jpg,4,https://www.huliot.co.il/product/%D7%94%D7%92%D7%91%D7%94%D7%94-%D7%A4%D7%AA%D7%97-%D7%A8%D7%91%D7%95%D7%A2-%D7%91%D7%96/
60200263,הגבהה פתח רבוע,,,,,,,,,,,,,,,,,,,,הגבהה פתח רבוע,60200263.jpg,5,https://www.huliot.co.il/product/%D7%94%D7%92%D7%91%D7%94%D7%94-%D7%A4%D7%AA%D7%97-%D7%A8%D7%91%D7%95%D7%A2-2/
60200260,הגבהה פתח רבוע,,,,,,,,,,,,,,,,,,,,הגבהה פתח רבוע,60200260.jpg,5,https://www.huliot.co.il/product/%D7%94%D7%92%D7%91%D7%94%D7%94-%D7%A4%D7%AA%D7%97-%D7%A8%D7%91%D7%95%D7%A2/
60200351,הגבהה Top Floor אפור,,,,,,,,,אפור,,,,,,,,,,,הגבהה Top Floor,60200351.jpg,5,https://www.huliot.co.il/product/%D7%94%D7%92%D7%91%D7%94%D7%94-top-floor-%D7%90%D7%A4%D7%95%D7%A8/
62200001,ונטיל לכיור אמריקאי J,ונטיל,,,כיור אמריקאי,,,,,,,,,,,,,,,,J,62200001.jpg,6,https://www.huliot.co.il/product/%D7%95%D7%A0%D7%98%D7%99%D7%9C-%D7%9C%D7%9B%D7%99%D7%95%D7%A8-%D7%90%D7%9E%D7%A8%D7%99%D7%A7%D7%90%D7%99-j-2/
62200001,ונטיל לכיור אמריקאי J,ונטיל,,,כיור אמריקאי,,,,,,,,,,,,,,,,J,62200001.jpg,1,https://www.huliot.co.il/product/%D7%95%D7%A0%D7%98%D7%99%D7%9C-%D7%9C%D7%9B%D7%99%D7%95%D7%A8-%D7%90%D7%9E%D7%A8%D7%99%D7%A7%D7%90%D7%99-j/
7073540070,חבק לחץ Pressure Clamp™ Ø110,חבק,,,,,,,,,110,110,,,,,,,,,לחץ Pressure Clamp,7073540070.jpg,6,https://www.huliot.co.il/product/%D7%97%D7%91%D7%A7-%D7%9C%D7%97%D7%A5-pressure-clamp-o110/
79904070,חותך צינורות קוטר 40,צינור,,,,,,,,,40,40,,,,,,,,,חותך,79904070.jpg,6,https://www.huliot.co.il/product/%D7%97%D7%95%D7%AA%D7%9A-%D7%A6%D7%99%D7%A0%D7%95%D7%A8%D7%95%D7%AA-%D7%A7%D7%95%D7%98%D7%A8-40/
79905070,חותך צינורות קוטר 50,צינור,,,,,,,,,50,50,,,,,,,,,חותך,79905070.jpg,6,https://www.huliot.co.il/product/%D7%97%D7%95%D7%AA%D7%9A-%D7%A6%D7%99%D7%A0%D7%95%D7%A8%D7%95%D7%AA-%D7%A7%D7%95%D7%98%D7%A8-50/
41540027,חיבור אסלה ישר עם ביקורת,חיבור אסלה,עם ביקורת|ישר,,,,,,,,,,,,,,,,,,,41540027.jpg,4,https://www.huliot.co.il/product/%D7%97%D7%99%D7%91%D7%95%D7%A8-%D7%90%D7%A1%D7%9C%D7%94-%D7%99%D7%A9%D7%A8-%D7%A2%D7%9D-%D7%91%D7%99%D7%A7%D7%95%D7%A8%D7%AA/
41540020,חיבור אסלה ישר,חיבור אסלה,ישר,,,,,,,,,,,,,,,,,,,41540020.jpg,4,https://www.huliot.co.il/product/%D7%97%D7%99%D7%91%D7%95%D7%A8-%D7%90%D7%A1%D7%9C%D7%94-%D7%99%D7%A9%D7%A8/
61651061,חיבור ארוך לאגנית,,ארוך,,,,,,,,,,,,,,,,,,חיבור לאגנית,61651061.jpg,6,https://www.huliot.co.il/product/%D7%97%D7%99%D7%91%D7%95%D7%A8-%D7%90%D7%A8%D7%95%D7%9A-%D7%9C%D7%90%D7%92%D7%A0%D7%99%D7%AA-2/
61651061,חיבור ארוך לאגנית,,ארוך,,,,,,,,,,,,,,,,,,חיבור לאגנית,61651061.jpg,1,https://www.huliot.co.il/product/%D7%97%D7%99%D7%91%D7%95%D7%A8-%D7%90%D7%A8%D7%95%D7%9A-%D7%9C%D7%90%D7%92%D7%A0%D7%99%D7%AA/
61651065,חיבור קצר לאגנית,,קצר,,,,,,,,,,,,,,,,,,חיבור לאגנית,61651065.jpg,6,https://www.huliot.co.il/product/%D7%97%D7%99%D7%91%D7%95%D7%A8-%D7%A7%D7%A6%D7%A8-%D7%9C%D7%90%D7%92%D7%A0%D7%99%D7%AA-2/
61651065,חיבור קצר לאגנית,,קצר,,,,,,,,,,,,,,,,,,חיבור לאגנית,61651065.jpg,1,https://www.huliot.co.il/product/%D7%97%D7%99%D7%91%D7%95%D7%A8-%D7%A7%D7%A6%D7%A8-%D7%9C%D7%90%D7%92%D7%A0%D7%99%D7%AA/
42340060,כובע איוורור בקוטר 110,,,,,,,,,,110,110,,,,,,,,,כובע איוורור,42340060.jpg,4,https://www.huliot.co.il/product/%D7%9B%D7%95%D7%91%D7%A2-%D7%90%D7%99%D7%95%D7%95%D7%A8%D7%95%D7%A8-%D7%91%D7%A7%D7%95%D7%98%D7%A8-110/
42360040,כובע איוורור בקוטר 160,,,,,,,,,,160,160,,,,,,,,,כובע איוורור,42360040.jpg,3,https://www.huliot.co.il/product/%D7%9B%D7%95%D7%91%D7%A2-%D7%90%D7%99%D7%95%D7%95%D7%A8%D7%95%D7%A8-%D7%91%D7%A7%D7%95%D7%98%D7%A8-160/
42320040,כובע איוורור בקוטר 50,,,,,,,,,,50,50,,,,,,,,,כובע איוורור,42320040.jpg,3,https://www.huliot.co.il/product/%D7%9B%D7%95%D7%91%D7%A2-%D7%90%D7%99%D7%95%D7%95%D7%A8%D7%95%D7%A8-%D7%91%D7%A7%D7%95%D7%98%D7%A8-50/
42330040,כובע איוורור בקוטר 75,,,,,,,,,,75,75,,,,,,,,,כובע איוורור,42330040.jpg,4,https://www.huliot.co.il/product/%D7%9B%D7%95%D7%91%D7%A2-%D7%90%D7%99%D7%95%D7%95%D7%A8%D7%95%D7%A8-%D7%91%D7%A7%D7%95%D7%98%D7%A8-75/
99560010,לוחית למיקום נקודת מים,,,,,,,,,,,,,,,,,,,,לוחית למיקום נקודת מים,99560010.jpg,5,https://www.huliot.co.il/product/%D7%9C%D7%95%D7%97%D7%99%D7%AA-%D7%9C%D7%9E%D7%99%D7%A7%D7%95%D7%9D-%D7%A0%D7%A7%D7%95%D7%93%D7%AA-%D7%9E%D7%99%D7%9D/
60140760,מאסף למקלחת 70/40,מאסף,,,מקלחת,,,,,,70/40,70,40,,,,,,,,,60140760.jpg,5,https://www.huliot.co.il/product/%D7%9E%D7%90%D7%A1%D7%A3-%D7%9C%D7%9E%D7%A7%D7%9C%D7%97%D7%AA-70-40/
70113566,מאסף נפילה 100 ™SmartLock,מאסף,נפילה,SmartLock,,,,,,,100,100,,,,,,,,,,70113566.jpg,6,https://www.huliot.co.il/product/%D7%9E%D7%90%D7%A1%D7%A3-%D7%A0%D7%A4%D7%99%D7%9C%D7%94-100-smartlock/
70113565,מאסף נפילה 110 ™SmartLock,מאסף,נפילה,SmartLock,,,,,,,110,110,,,,,,,,,,70113565.jpg,6,https://www.huliot.co.il/product/%D7%9E%D7%90%D7%A1%D7%A3-%D7%A0%D7%A4%D7%99%D7%9C%D7%94-110-smartlock/
70113562,מאסף נפילה 50 ™SmartLock,מאסף,נפילה,SmartLock,,,,,,,50,50,,,,,,,,,,70113562.jpg,6,https://www.huliot.co.il/product/%D7%9E%D7%90%D7%A1%D7%A3-%D7%A0%D7%A4%D7%99%D7%9C%D7%94-50-smartlock/
60113566,מאסף רצפה נפילה 100,מאסף,נפילה,,רצפה,,,,,,100,100,,,,,,,,,,60113566.jpg,5,https://www.huliot.co.il/product/%D7%9E%D7%90%D7%A1%D7%A3-%D7%A8%D7%A6%D7%A4%D7%94-%D7%A0%D7%A4%D7%99%D7%9C%D7%94-100/
60113565,מאסף רצפה נפילה 110,מאסף,נפילה,,רצפה,,,,,,110,110,,,,,,,,,,60113565.jpg,5,https://www.huliot.co.il/product/%D7%9E%D7%90%D7%A1%D7%A3-%D7%A8%D7%A6%D7%A4%D7%94-%D7%A0%D7%A4%D7%99%D7%9C%D7%94-110/
60113562,מאסף רצפה נפילה 50,מאסף,נפילה,,רצפה,,,,,,50,50,,,,,,,,,,60113562.jpg,5,https://www.huliot.co.il/product/%D7%9E%D7%90%D7%A1%D7%A3-%D7%A8%D7%A6%D7%A4%D7%94-%D7%A0%D7%A4%D7%99%D7%9C%D7%94-50/
60113560,מאסף רצפה 130/50,מאסף,,,רצפה,,,,,,130/50,130,50,,,,,,,,,60113560.jpg,5,https://www.huliot.co.il/product/%D7%9E%D7%90%D7%A1%D7%A3-%D7%A8%D7%A6%D7%A4%D7%94-130-50/
60113663,מאסף רצפה 130/63,מאסף,,,רצפה,,,,,,130/63,130,63,,,,,,,,,60113663.jpg,5,https://www.huliot.co.il/product/%D7%9E%D7%90%D7%A1%D7%A3-%D7%A8%D7%A6%D7%A4%D7%94-130-63/
60123663,מאסף רצפה 230/50,מאסף,,,רצפה,,,,,,230/50,230,50,,,,,,,,,60123663.jpg,5,https://www.huliot.co.il/product/%D7%9E%D7%90%D7%A1%D7%A3-%D7%A8%D7%A6%D7%A4%D7%94-230-50/
70140760,מאסף 70/40 סגור ™SmartLock,מאסף,סגור,SmartLock,,,,,,,70/40,70,40,,,,,,,,,70140760.jpg,5,https://www.huliot.co.il/product/%D7%9E%D7%90%D7%A1%D7%A3-70-40-%D7%A1%D7%92%D7%95%D7%A8-smartlock/
61239460,"מאריך למחסום סיפון ""¼1  קוטר 32",סיפון,,,מחסום,,,,,,32,32,,,,"¼1""",,,,,מאריך,61239460.jpg,5,https://www.huliot.co.il/product/%D7%9E%D7%90%D7%A8%D7%99%D7%9A-%D7%9C%D7%9E%D7%97%D7%A1%D7%95%D7%9D-%D7%A1%D7%99%D7%A4%D7%95%D7%9F-%C2%BC1-%D7%A7%D7%95%D7%98%D7%A8-32-2/
61239460,"מאריך למחסום סיפון ""¼1  קוטר 32",סיפון,,,מחסום,,,,,,32,32,,,,"¼1""",,,,,מאריך,61239460.jpg,5,https://www.huliot.co.il/product/%D7%9E%D7%90%D7%A8%D7%99%D7%9A-%D7%9C%D7%9E%D7%97%D7%A1%D7%95%D7%9D-%D7%A1%D7%99%D7%A4%D7%95%D7%9F-%C2%BC1-%D7%A7%D7%95%D7%98%D7%A8-32/
61458460,"מאריך למחסום סיפון ""2  קוטר 50",סיפון,,,מחסום,,,,,,50,50,,,,"2""",,,,,מאריך,61458460.jpg,6,https://www.huliot.co.il/product/%D7%9E%D7%90%D7%A8%D7%99%D7%9A-%D7%9C%D7%9E%D7%97%D7%A1%D7%95%D7%9D-%D7%A1%D7%99%D7%A4%D7%95%D7%9F-2-%D7%A7%D7%95%D7%98%D7%A8-50-2/
61458460,"מאריך למחסום סיפון ""2  קוטר 50",סיפון,,,מחסום,,,,,,50,50,,,,"2""",,,,,מאריך,61458460.jpg,5,https://www.huliot.co.il/product/%D7%9E%D7%90%D7%A8%D7%99%D7%9A-%D7%9C%D7%9E%D7%97%D7%A1%D7%95%D7%9D-%D7%A1%D7%99%D7%A4%D7%95%D7%9F-2-%D7%A7%D7%95%D7%98%D7%A8-50/
62233560,מבוא זחיח “¼1 ארוך,,ארוך|זחיח,,,,,,,,,,,,,"¼1""",,,,,מבוא,62233560.jpg,5,https://www.huliot.co.il/product/%D7%9E%D7%91%D7%95%D7%90-%D7%96%D7%97%D7%99%D7%97-%C2%BC1-%D7%90%D7%A8%D7%95%D7%9A-2/
62233560,מבוא זחיח “¼1 ארוך,,ארוך|זחיח,,,,,,,,,,,,,"¼1""",,,,,מבוא,62233560.png,1,https://www.huliot.co.il/product/%D7%9E%D7%91%D7%95%D7%90-%D7%96%D7%97%D7%99%D7%97-%C2%BC1-%D7%90%D7%A8%D7%95%D7%9A/
61233361,מבוא זחיח “¼1 עם חיבור למזגן,,זחיח,,,,,,,,,,,,,"¼1""",,,,,מבוא עם חיבור למזגן,61233361.jpg,6,https://www.huliot.co.il/product/%D7%9E%D7%91%D7%95%D7%90-%D7%96%D7%97%D7%99%D7%97-%C2%BC1-%D7%A2%D7%9D-%D7%97%D7%99%D7%91%D7%95%D7%A8-%D7%9C%D7%9E%D7%96%D7%92%D7%9F-2/
61233361,מבוא זחיח “¼1 עם חיבור למזגן,,זחיח,,,,,,,,,,,,,"¼1""",,,,,מבוא עם חיבור למזגן,61233361.png,1,https://www.huliot.co.il/product/%D7%9E%D7%91%D7%95%D7%90-%D7%96%D7%97%D7%99%D7%97-%C2%BC1-%D7%A2%D7%9D-%D7%97%D7%99%D7%91%D7%95%D7%A8-%D7%9C%D7%9E%D7%96%D7%92%D7%9F/
61350861,"מבוא מספר 3 לכיור אמריקאי לסיפון ""2",,,,כיור אמריקאי,,,,,,,,,,,"2""",,,,,מבוא מספר 3 לסיפון,61350861.jpg,5,https://www.huliot.co.il/product/%D7%9E%D7%91%D7%95%D7%90-%D7%9E%D7%A1%D7%A4%D7%A8-3-%D7%9C%D7%9B%D7%99%D7%95%D7%A8-%D7%90%D7%9E%D7%A8%D7%99%D7%A7%D7%90%D7%99-%D7%9C%D7%A1%D7%99%D7%A4%D7%95%D7%9F-2-2/
61350861,"מבוא מספר 3 לכיור אמריקאי לסיפון ""2",,,,כיור אמריקאי,,,,,,,,,,,"2""",,,,,מבוא מספר 3 לסיפון,61350861.jpg,3,https://www.huliot.co.il/product/%D7%9E%D7%91%D7%95%D7%90-%D7%9E%D7%A1%D7%A4%D7%A8-3-%D7%9C%D7%9B%D7%99%D7%95%D7%A8-%D7%90%D7%9E%D7%A8%D7%99%D7%A7%D7%90%D7%99-%D7%9C%D7%A1%D7%99%D7%A4%D7%95%D7%9F-2/
61657761,"מבוא מספר 4 לכיור אמריקאי לסיפון ""2",,,,כיור אמריקאי,,,,,,,,,,,"2""",,,,,מבוא מספר 4 לסיפון,61657761.jpg,6,https://www.huliot.co.il/product/%D7%9E%D7%91%D7%95%D7%90-%D7%9E%D7%A1%D7%A4%D7%A8-4-%D7%9C%D7%9B%D7%99%D7%95%D7%A8-%D7%90%D7%9E%D7%A8%D7%99%D7%A7%D7%90%D7%99-%D7%9C%D7%A1%D7%99%D7%A4%D7%95%D7%9F-2-2/
61657761,"מבוא מספר 4 לכיור אמריקאי לסיפון ""2",,,,כיור אמריקאי,,,,,,,,,,,"2""",,,,,מבוא מספר 4 לסיפון,61657761.jpg,3,https://www.huliot.co.il/product/%D7%9E%D7%91%D7%95%D7%90-%D7%9E%D7%A1%D7%A4%D7%A8-4-%D7%9C%D7%9B%D7%99%D7%95%D7%A8-%D7%90%D7%9E%D7%A8%D7%99%D7%A7%D7%90%D7%99-%D7%9C%D7%A1%D7%99%D7%A4%D7%95%D7%9F-2/
62750160,"מבוא מספר 5 לכיור אמריקאי לסיפון ""2",,,,כיור אמריקאי,,,,,,,,,,,"2""",,,,,מבוא מספר 5 לסיפון,62750160.jpg,6,https://www.huliot.co.il/product/%D7%9E%D7%91%D7%95%D7%90-%D7%9E%D7%A1%D7%A4%D7%A8-5-%D7%9C%D7%9B%D7%99%D7%95%D7%A8-%D7%90%D7%9E%D7%A8%D7%99%D7%A7%D7%90%D7%99-%D7%9C%D7%A1%D7%99%D7%A4%D7%95%D7%9F-2-2/
62750160,"מבוא מספר 5 לכיור אמריקאי לסיפון ""2",,,,כיור אמריקאי,,,,,,,,,,,"2""",,,,,מבוא מספר 5 לסיפון,62750160.jpg,3,https://www.huliot.co.il/product/%D7%9E%D7%91%D7%95%D7%90-%D7%9E%D7%A1%D7%A4%D7%A8-5-%D7%9C%D7%9B%D7%99%D7%95%D7%A8-%D7%90%D7%9E%D7%A8%D7%99%D7%A7%D7%90%D7%99-%D7%9C%D7%A1%D7%99%D7%A4%D7%95%D7%9F-2/
99550149,"מברגה לקטרים 63-125 מ""מ (לעבודה בגובה)",,,,,,,,,,63/125,63,125,,,,,,,,מברגה לקטרים לעבודה בגובה,99550149.jpg,4,https://www.huliot.co.il/product/%D7%9E%D7%91%D7%A8%D7%92%D7%94-%D7%9C%D7%A7%D7%98%D7%A8%D7%99%D7%9D-63-125-%D7%9E%D7%9E-%D7%9C%D7%A2%D7%91%D7%95%D7%93%D7%94-%D7%91%D7%92%D7%95%D7%91%D7%94/
99515015,"מזוודת ריתוך גדולה 75-125 מ""מ",,,,,ריתוך,,,,,75/125,75,125,,,,,,,,מזוודת גדולה,99515015.jpg,5,https://www.huliot.co.il/product/%D7%9E%D7%96%D7%95%D7%95%D7%93%D7%AA-%D7%A8%D7%99%D7%AA%D7%95%D7%9A-%D7%92%D7%93%D7%95%D7%9C%D7%94-75-125-%D7%9E%D7%9E/
99521318,"מזוודת ריתוך קטנה 20-63 מ""מ",,,,,ריתוך,,,,,20/63,20,63,,,,,,,,מזוודת קטנה,99521318.jpg,4,https://www.huliot.co.il/product/%D7%9E%D7%96%D7%95%D7%95%D7%93%D7%AA-%D7%A8%D7%99%D7%AA%D7%95%D7%9A-%D7%A7%D7%98%D7%A0%D7%94-20-63-%D7%9E%D7%9E/
41540110,מחבר ברך שרשורי קצר לאסלה,מחבר,ברך|קצר,,אסלה,,,,,,,,,,,,,,,,שרשורי,41540110.jpg,3,https://www.huliot.co.il/product/%D7%9E%D7%97%D7%91%D7%A8-%D7%91%D7%A8%D7%9A-%D7%A9%D7%A8%D7%A9%D7%95%D7%A8%D7%99-%D7%A7%D7%A6%D7%A8-%D7%9C%D7%90%D7%A1%D7%9C%D7%94/
98415840,מחבר מתוברג מפלסטיק פוליפרופילן מפורק 25,מחבר,מפורק,,,הברגה,,,PP,,25,25,,,,,,,,,מפלסטיק,98415840.jpg,4,https://www.huliot.co.il/product/%D7%9E%D7%97%D7%91%D7%A8-%D7%9E%D7%AA%D7%95%D7%91%D7%A8%D7%92-%D7%9E%D7%A4%D7%9C%D7%A1%D7%98%D7%99%D7%A7-%D7%A4%D7%95%D7%9C%D7%99%D7%A4%D7%A8%D7%95%D7%A4%D7%99%D7%9C%D7%9F-%D7%9E%D7%A4%D7%95%D7%A8-2/
98415842,מחבר מתוברג מפלסטיק פוליפרופילן מפורק 32,מחבר,מפורק,,,הברגה,,,PP,,32,32,,,,,,,,,מפלסטיק,98415842.jpg,5,https://www.huliot.co.il/product/%D7%9E%D7%97%D7%91%D7%A8-%D7%9E%D7%AA%D7%95%D7%91%D7%A8%D7%92-%D7%9E%D7%A4%D7%9C%D7%A1%D7%98%D7%99%D7%A7-%D7%A4%D7%95%D7%9C%D7%99%D7%A4%D7%A8%D7%95%D7%A4%D7%99%D7%9C%D7%9F-%D7%9E%D7%A4%D7%95%D7%A8-3/
98415844,מחבר מתוברג מפלסטיק פוליפרופילן מפורק 40,מחבר,מפורק,,,הברגה,,,PP,,40,40,,,,,,,,,מפלסטיק,98415844.jpg,5,https://www.huliot.co.il/product/%D7%9E%D7%97%D7%91%D7%A8-%D7%9E%D7%AA%D7%95%D7%91%D7%A8%D7%92-%D7%9E%D7%A4%D7%9C%D7%A1%D7%98%D7%99%D7%A7-%D7%A4%D7%95%D7%9C%D7%99%D7%A4%D7%A8%D7%95%D7%A4%D7%99%D7%9C%D7%9F-%D7%9E%D7%A4%D7%95%D7%A8-4/
98415846,מחבר מתוברג מפלסטיק פוליפרופילן מפורק 50,מחבר,מפורק,,,הברגה,,,PP,,50,50,,,,,,,,,מפלסטיק,98415846.jpg,4,https://www.huliot.co.il/product/%D7%9E%D7%97%D7%91%D7%A8-%D7%9E%D7%AA%D7%95%D7%91%D7%A8%D7%92-%D7%9E%D7%A4%D7%9C%D7%A1%D7%98%D7%99%D7%A7-%D7%A4%D7%95%D7%9C%D7%99%D7%A4%D7%A8%D7%95%D7%A4%D7%99%D7%9C%D7%9F-%D7%9E%D7%A4%D7%95%D7%A8-5/
98415848,מחבר מתוברג מפלסטיק פוליפרופילן מפורק 63,מחבר,מפורק,,,הברגה,,,PP,,63,63,,,,,,,,,מפלסטיק,98415848.jpg,4,https://www.huliot.co.il/product/%D7%9E%D7%97%D7%91%D7%A8-%D7%9E%D7%AA%D7%95%D7%91%D7%A8%D7%92-%D7%9E%D7%A4%D7%9C%D7%A1%D7%98%D7%99%D7%A7-%D7%A4%D7%95%D7%9C%D7%99%D7%A4%D7%A8%D7%95%D7%A4%D7%99%D7%9C%D7%9F-%D7%9E%D7%A4%D7%95%D7%A8-6/
98415838,מחבר מתוברג מפלסטיק פוליפרופילן מפורק 20,מחבר,מפורק,,,הברגה,,,PP,,20,20,,,,,,,,,מפלסטיק,98415838.jpg,5,https://www.huliot.co.il/product/%D7%9E%D7%97%D7%91%D7%A8-%D7%9E%D7%AA%D7%95%D7%91%D7%A8%D7%92-%D7%9E%D7%A4%D7%9C%D7%A1%D7%98%D7%99%D7%A7-%D7%A4%D7%95%D7%9C%D7%99%D7%A4%D7%A8%D7%95%D7%A4%D7%99%D7%9C%D7%9F-%D7%9E%D7%A4%D7%95%D7%A8/
42120050,מחבר עם הברגה לצינורות פלדה “2 חיצוני,מחבר,חיצוני,,לצינורות,הברגה,,,פלדה,,,,,,,,,,,,עם 2,42120050.jpg,3,https://www.huliot.co.il/product/%D7%9E%D7%97%D7%91%D7%A8-%D7%A2%D7%9D-%D7%94%D7%91%D7%A8%D7%92%D7%94-%D7%9C%D7%A6%D7%99%D7%A0%D7%95%D7%A8%D7%95%D7%AA-%D7%A4%D7%9C%D7%93%D7%94-2-%D7%97%D7%99%D7%A6%D7%95%D7%A0%D7%99/
42120060,מחבר עם הברגה לצינורות פלדה “2 פנימי,מחבר,פנימי,,לצינורות,הברגה,,,פלדה,,,,,,,,,,,,עם 2,42120060.jpg,3,https://www.huliot.co.il/product/%D7%9E%D7%97%D7%91%D7%A8-%D7%A2%D7%9D-%D7%94%D7%91%D7%A8%D7%92%D7%94-%D7%9C%D7%A6%D7%99%D7%A0%D7%95%D7%A8%D7%95%D7%AA-%D7%A4%D7%9C%D7%93%D7%94-2-%D7%A4%D7%A0%D7%99%D7%9E%D7%99/
44140040,מחבר שוחה לביוב 110,מחבר,,,ביוב,,,,,,110,110,,,,,,,,,שוחה,44140040.jpg,4,https://www.huliot.co.il/product/%D7%9E%D7%97%D7%91%D7%A8-%D7%A9%D7%95%D7%97%D7%94-%D7%9C%D7%91%D7%99%D7%95%D7%91-110/
44160040,מחבר שוחה לביוב 160,מחבר,,,ביוב,,,,,,160,160,,,,,,,,,שוחה,44160040.jpg,4,https://www.huliot.co.il/product/%D7%9E%D7%97%D7%91%D7%A8-%D7%A9%D7%95%D7%97%D7%94-%D7%9C%D7%91%D7%99%D7%95%D7%91-160/
44180040,מחבר שוחה לביוב 200,מחבר,,,ביוב,,,,,,200,200,,,,,,,,,שוחה,44180040.jpg,4,https://www.huliot.co.il/product/%D7%9E%D7%97%D7%91%D7%A8-%D7%A9%D7%95%D7%97%D7%94-%D7%9C%D7%91%D7%99%D7%95%D7%91-200/
62850060,מחסום הורקה “½1 למכונת כביסה,מחסום,,,,,,,,,,,,,,"½1""",,,,,הורקה למכונת כביסה,62850060.jpg,6,https://www.huliot.co.il/product/%D7%9E%D7%97%D7%A1%D7%95%D7%9D-%D7%94%D7%95%D7%A8%D7%A7%D7%94-%C2%BD1-%D7%9C%D7%9E%D7%9B%D7%95%D7%A0%D7%AA-%D7%9B%D7%91%D7%99%D7%A1%D7%94-2/
62850060,מחסום הורקה “½1 למכונת כביסה,מחסום,,,,,,,,,,,,,,"½1""",,,,,הורקה למכונת כביסה,62850060.jpg,1,https://www.huliot.co.il/product/%D7%9E%D7%97%D7%A1%D7%95%D7%9D-%D7%94%D7%95%D7%A8%D7%A7%D7%94-%C2%BD1-%D7%9C%D7%9E%D7%9B%D7%95%D7%A0%D7%AA-%D7%9B%D7%91%D7%99%D7%A1%D7%94/
62230060,מחסום (סיפון) “¼1 לכיור אמריקאי (6),מחסום,סיפון,,כיור אמריקאי,,,,,,,,,,,"¼1""",,,,,6,62230060.jpg,1,https://www.huliot.co.il/product/%D7%9E%D7%97%D7%A1%D7%95%D7%9D-%D7%A1%D7%99%D7%A4%D7%95%D7%9F-%C2%BC1-%D7%9C%D7%9B%D7%99%D7%95%D7%A8-%D7%90%D7%9E%D7%A8%D7%99%D7%A7%D7%90%D7%99-6/
62230060,מחסום (סיפון) “¼1 לכיור אמריקאי,מחסום,סיפון,,כיור אמריקאי,,,,,,,,,,,"¼1""",,,,,,62230060.jpg,6,https://www.huliot.co.il/product/%D7%9E%D7%97%D7%A1%D7%95%D7%9D-%D7%A1%D7%99%D7%A4%D7%95%D7%9F-%C2%BC1-%D7%9C%D7%9B%D7%99%D7%95%D7%A8-%D7%90%D7%9E%D7%A8%D7%99%D7%A7%D7%90%D7%99/
61230060,מחסום (סיפון) ¼1 לכיור רחץ,מחסום,סיפון,,כיור,,,,,,,,,,,"¼1""",,,,,רחץ,61230060.jpg,5,https://www.huliot.co.il/product/%D7%9E%D7%97%D7%A1%D7%95%D7%9D-%D7%A1%D7%99%D7%A4%D7%95%D7%9F-%C2%BC1-%D7%9C%D7%9B%D7%99%D7%95%D7%A8-%D7%A8%D7%97%D7%A5/
61230060,מחסום (סיפון) ¼1 לכיור רחצה,מחסום,סיפון,,כיור,,,,,,,,,,,"¼1""",,,,,רחצה,61230060.jpg,5,https://www.huliot.co.il/product/%D7%9E%D7%97%D7%A1%D7%95%D7%9D-%D7%A1%D7%99%D7%A4%D7%95%D7%9F-%C2%BC1-%D7%9C%D7%9B%D7%99%D7%95%D7%A8-%D7%A8%D7%97%D7%A6%D7%94/
61230065,מחסום סיפון “¼1 למכונת כביסה,מחסום,סיפון,,,,,,,,,,,,,"¼1""",,,,,למכונת כביסה,61230065.jpg,6,https://www.huliot.co.il/product/%D7%9E%D7%97%D7%A1%D7%95%D7%9D-%D7%A1%D7%99%D7%A4%D7%95%D7%9F-%C2%BC1-%D7%9C%D7%9E%D7%9B%D7%95%D7%A0%D7%AA-%D7%9B%D7%91%D7%99%D7%A1%D7%94-2/
61230065,מחסום סיפון “¼1 למכונת כביסה,מחסום,סיפון,,,,,,,,,,,,,"¼1""",,,,,למכונת כביסה,61230065.jpg,1,https://www.huliot.co.il/product/%D7%9E%D7%97%D7%A1%D7%95%D7%9D-%D7%A1%D7%99%D7%A4%D7%95%D7%9F-%C2%BC1-%D7%9C%D7%9E%D7%9B%D7%95%D7%A0%D7%AA-%D7%9B%D7%91%D7%99%D7%A1%D7%94/
61233360,מחסום (סיפון) “¼1 עם כניסה למזגן,מחסום,סיפון,,,,,,,,,,,,,"¼1""",,,,,עם כניסה למזגן,61233360.jpg,5,https://www.huliot.co.il/product/%D7%9E%D7%97%D7%A1%D7%95%D7%9D-%D7%A1%D7%99%D7%A4%D7%95%D7%9F-%C2%BC1-%D7%A2%D7%9D-%D7%9B%D7%A0%D7%99%D7%A1%D7%94-%D7%9C%D7%9E%D7%96%D7%92%D7%9F-2/
61233360,מחסום (סיפון) “¼1 עם כניסה למזגן,מחסום,סיפון,,,,,,,,,,,,,"¼1""",,,,,עם כניסה למזגן,61233360.jpg,5,https://www.huliot.co.il/product/%D7%9E%D7%97%D7%A1%D7%95%D7%9D-%D7%A1%D7%99%D7%A4%D7%95%D7%9F-%C2%BC1-%D7%A2%D7%9D-%D7%9B%D7%A0%D7%99%D7%A1%D7%94-%D7%9C%D7%9E%D7%96%D7%92%D7%9F/
62750060,מחסום (סיפון) “2 כפול לכיור אמריקאי עם כניסה למדיח,מחסום,סיפון|כפול|עם כניסה למדיח,,כיור אמריקאי,,,,,,,,,,,,,,,,2,62750060.jpg,5,https://www.huliot.co.il/product/%D7%9E%D7%97%D7%A1%D7%95%D7%9D-%D7%A1%D7%99%D7%A4%D7%95%D7%9F-2-%D7%9B%D7%A4%D7%95%D7%9C-%D7%9C%D7%9B%D7%99%D7%95%D7%A8-%D7%90%D7%9E%D7%A8%D7%99%D7%A7%D7%90%D7%99-%D7%A2%D7%9D-%D7%9B%D7%A0-2/
62750060,מחסום (סיפון) “2 כפול לכיור אמריקאי עם כניסה למדיח (5),מחסום,סיפון|כפול|עם כניסה למדיח,,כיור אמריקאי,,,,,,,,,,,,,,,,2 5,62750060.jpg,1,https://www.huliot.co.il/product/%D7%9E%D7%97%D7%A1%D7%95%D7%9D-%D7%A1%D7%99%D7%A4%D7%95%D7%9F-2-%D7%9B%D7%A4%D7%95%D7%9C-%D7%9C%D7%9B%D7%99%D7%95%D7%A8-%D7%90%D7%9E%D7%A8%D7%99%D7%A7%D7%90%D7%99-%D7%A2%D7%9D-%D7%9B%D7%A0/
62650060,מחסום (סיפון) “2 כפול לכיור אמריקאי (4),מחסום,סיפון|כפול,,כיור אמריקאי,,,,,,,,,,,,,,,,2 4,62650060.jpg,5,https://www.huliot.co.il/product/%D7%9E%D7%97%D7%A1%D7%95%D7%9D-%D7%A1%D7%99%D7%A4%D7%95%D7%9F-2-%D7%9B%D7%A4%D7%95%D7%9C-%D7%9C%D7%9B%D7%99%D7%95%D7%A8-%D7%90%D7%9E%D7%A8%D7%99%D7%A7%D7%90%D7%99-4/
62650060,מחסום (סיפון) “2 כפול לכיור אמריקאי,מחסום,סיפון|כפול,,כיור אמריקאי,,,,,,,,,,,,,,,,2,62650060.jpg,6,https://www.huliot.co.il/product/%D7%9E%D7%97%D7%A1%D7%95%D7%9D-%D7%A1%D7%99%D7%A4%D7%95%D7%9F-2-%D7%9B%D7%A4%D7%95%D7%9C-%D7%9C%D7%9B%D7%99%D7%95%D7%A8-%D7%90%D7%9E%D7%A8%D7%99%D7%A7%D7%90%D7%99/
61650060,מחסום (סיפון) “2 כפול  לכיור מטבח עם מבוא צידי וכניסה למ.כלים/מ.כביסה,מחסום,סיפון|כפול,,כיור,,,,,,,,,,,,,,,,2 מטבח עם מבוא צידי וכניסה למ כלים מ כביסה,61650060.jpg,6,https://www.huliot.co.il/product/%D7%9E%D7%97%D7%A1%D7%95%D7%9D-%D7%A1%D7%99%D7%A4%D7%95%D7%9F-2-%D7%9B%D7%A4%D7%95%D7%9C-%D7%9C%D7%9B%D7%99%D7%95%D7%A8-%D7%9E%D7%98%D7%91%D7%97-%D7%A2%D7%9D-%D7%9E%D7%91%D7%95%D7%90-2/
61650060,מחסום (סיפון) “2 כפול  לכיור מטבח עם מבוא צידי וכניסה למ.כלים/מ.כביסה,מחסום,סיפון|כפול,,כיור,,,,,,,,,,,,,,,,2 מטבח עם מבוא צידי וכניסה למ כלים מ כביסה,61650060.jpg,5,https://www.huliot.co.il/product/%D7%9E%D7%97%D7%A1%D7%95%D7%9D-%D7%A1%D7%99%D7%A4%D7%95%D7%9F-2-%D7%9B%D7%A4%D7%95%D7%9C-%D7%9C%D7%9B%D7%99%D7%95%D7%A8-%D7%9E%D7%98%D7%91%D7%97-%D7%A2%D7%9D-%D7%9E%D7%91%D7%95%D7%90/
61350060,מחסום (סיפון) “2 כפול לכיור מטבח עם 2 מבואים צידיים,מחסום,סיפון|כפול,,כיור,,,,,,,,,,,,,,,,2 מטבח עם 2 מבואים צידיים,61350060.jpg,6,https://www.huliot.co.il/product/%D7%9E%D7%97%D7%A1%D7%95%D7%9D-%D7%A1%D7%99%D7%A4%D7%95%D7%9F-2-%D7%9B%D7%A4%D7%95%D7%9C-%D7%9C%D7%9B%D7%99%D7%95%D7%A8-%D7%9E%D7%98%D7%91%D7%97-%D7%A2%D7%9D-2-%D7%9E%D7%91%D7%95%D7%90-2/
61350060,מחסום (סיפון) “2 כפול לכיור מטבח עם 2 מבואים צידיים,מחסום,סיפון|כפול,,כיור,,,,,,,,,,,,,,,,2 מטבח עם 2 מבואים צידיים,61350060.jpg,5,https://www.huliot.co.il/product/%D7%9E%D7%97%D7%A1%D7%95%D7%9D-%D7%A1%D7%99%D7%A4%D7%95%D7%9F-2-%D7%9B%D7%A4%D7%95%D7%9C-%D7%9C%D7%9B%D7%99%D7%95%D7%A8-%D7%9E%D7%98%D7%91%D7%97-%D7%A2%D7%9D-2-%D7%9E%D7%91%D7%95%D7%90/
62550060,מחסום (סיפון) “2 לכיור אמריקאי עם יציאה למדיח,מחסום,סיפון,,כיור אמריקאי,,,,,,,,,,,,,,,,2 עם יציאה למדיח,62550060.jpg,6,https://www.huliot.co.il/product/%D7%9E%D7%97%D7%A1%D7%95%D7%9D-%D7%A1%D7%99%D7%A4%D7%95%D7%9F-2-%D7%9C%D7%9B%D7%99%D7%95%D7%A8-%D7%90%D7%9E%D7%A8%D7%99%D7%A7%D7%90%D7%99-%D7%A2%D7%9D-%D7%99%D7%A6%D7%99%D7%90%D7%94-%D7%9C-2/
62550060,מחסום (סיפון) “2 לכיור אמריקאי עם יציאה למדיח (3),מחסום,סיפון,,כיור אמריקאי,,,,,,,,,,,,,,,,2 עם יציאה למדיח 3,62550060.jpg,1,https://www.huliot.co.il/product/%D7%9E%D7%97%D7%A1%D7%95%D7%9D-%D7%A1%D7%99%D7%A4%D7%95%D7%9F-2-%D7%9C%D7%9B%D7%99%D7%95%D7%A8-%D7%90%D7%9E%D7%A8%D7%99%D7%A7%D7%90%D7%99-%D7%A2%D7%9D-%D7%99%D7%A6%D7%99%D7%90%D7%94-%D7%9C/
62450060,מחסום (סיפון) “2 לכיור אמריקאי (1),מחסום,סיפון,,כיור אמריקאי,,,,,,,,,,,,,,,,2 1,62450060.jpg,5,https://www.huliot.co.il/product/%D7%9E%D7%97%D7%A1%D7%95%D7%9D-%D7%A1%D7%99%D7%A4%D7%95%D7%9F-2-%D7%9C%D7%9B%D7%99%D7%95%D7%A8-%D7%90%D7%9E%D7%A8%D7%99%D7%A7%D7%90%D7%99-1/
62450060,מחסום (סיפון) “2 לכיור אמריקאי,מחסום,סיפון,,כיור אמריקאי,,,,,,,,,,,,,,,,2,62450060.jpg,6,https://www.huliot.co.il/product/%D7%9E%D7%97%D7%A1%D7%95%D7%9D-%D7%A1%D7%99%D7%A4%D7%95%D7%9F-2-%D7%9C%D7%9B%D7%99%D7%95%D7%A8-%D7%90%D7%9E%D7%A8%D7%99%D7%A7%D7%90%D7%99/
61550060,מחסום (סיפון) “2 לכיור מטבח עם כניסה למדיח/מ.כביסה,מחסום,סיפון|עם כניסה למדיח,,כיור,,,,,,,,,,,,,,,,2 מטבח מ כביסה,61550060.jpg,5,https://www.huliot.co.il/product/%D7%9E%D7%97%D7%A1%D7%95%D7%9D-%D7%A1%D7%99%D7%A4%D7%95%D7%9F-2-%D7%9C%D7%9B%D7%99%D7%95%D7%A8-%D7%9E%D7%98%D7%91%D7%97-%D7%A2%D7%9D-%D7%9B%D7%A0%D7%99%D7%A1%D7%94-%D7%9C%D7%9E%D7%93%D7%99-2/
61550060,מחסום (סיפון) “2 לכיור מטבח עם כניסה למדיח/מ.כביסה,מחסום,סיפון|עם כניסה למדיח,,כיור,,,,,,,,,,,,,,,,2 מטבח מ כביסה,61550060.jpg,5,https://www.huliot.co.il/product/%D7%9E%D7%97%D7%A1%D7%95%D7%9D-%D7%A1%D7%99%D7%A4%D7%95%D7%9F-2-%D7%9C%D7%9B%D7%99%D7%95%D7%A8-%D7%9E%D7%98%D7%91%D7%97-%D7%A2%D7%9D-%D7%9B%D7%A0%D7%99%D7%A1%D7%94-%D7%9C%D7%9E%D7%93%D7%99/
61450060,מחסום (סיפון) “2 לכיור מטבח,מחסום,סיפון,,כיור,,,,,,,,,,,,,,,,2 מטבח,61450060.jpg,5,https://www.huliot.co.il/product/%D7%9E%D7%97%D7%A1%D7%95%D7%9D-%D7%A1%D7%99%D7%A4%D7%95%D7%9F-2-%D7%9C%D7%9B%D7%99%D7%95%D7%A8-%D7%9E%D7%98%D7%91%D7%97-2/
61450060,מחסום (סיפון) “2 לכיור מטבח,מחסום,סיפון,,כיור,,,,,,,,,,,,,,,,2 מטבח,61450060.jpg,5,https://www.huliot.co.il/product/%D7%9E%D7%97%D7%A1%D7%95%D7%9D-%D7%A1%D7%99%D7%A4%D7%95%D7%9F-2-%D7%9C%D7%9B%D7%99%D7%95%D7%A8-%D7%9E%D7%98%D7%91%D7%97/
70117560,מחסום קומקום 175/40/50 פתוח ™SmartLock,מחסום,פתוח|קומקום,SmartLock,,,,,,,175/40/50,175,40,50,,,,,,,,70117560.jpg,6,https://www.huliot.co.il/product/%D7%9E%D7%97%D7%A1%D7%95%D7%9D-%D7%A7%D7%95%D7%9E%D7%A7%D7%95%D7%9D-175-40-50-%D7%A4%D7%AA%D7%95%D7%97-smartlock/
70117500,מחסום קומקום 175/50 סגור ™SmartLock,מחסום,סגור|קומקום,SmartLock,,,,,,,175/50,175,50,,,,,,,,,70117500.jpg,6,https://www.huliot.co.il/product/%D7%9E%D7%97%D7%A1%D7%95%D7%9D-%D7%A7%D7%95%D7%9E%D7%A7%D7%95%D7%9D-175-50-%D7%A1%D7%92%D7%95%D7%A8-smartlock/
44164050,מחסום ריצפה לביוב 160/110,מחסום,,,ביוב,,,,,,160/110,160,110,,,,,,,,ריצפה,44164050.jpg,4,https://www.huliot.co.il/product/%D7%9E%D7%97%D7%A1%D7%95%D7%9D-%D7%A8%D7%99%D7%A6%D7%A4%D7%94-%D7%9C%D7%91%D7%99%D7%95%D7%91-160110/
44184050,מחסום ריצפה לביוב 200/110,מחסום,,,ביוב,,,,,,200/110,200,110,,,,,,,,ריצפה,44184050.jpg,4,https://www.huliot.co.il/product/%D7%9E%D7%97%D7%A1%D7%95%D7%9D-%D7%A8%D7%99%D7%A6%D7%A4%D7%94-%D7%9C%D7%91%D7%99%D7%95%D7%91-200110/
44186050,מחסום ריצפה לביוב 200/160,מחסום,,,ביוב,,,,,,200/160,200,160,,,,,,,,ריצפה,44186050.jpg,4,https://www.huliot.co.il/product/%D7%9E%D7%97%D7%A1%D7%95%D7%9D-%D7%A8%D7%99%D7%A6%D7%A4%D7%94-%D7%9C%D7%91%D7%99%D7%95%D7%91-200160/
60117500,מחסום רצפה קומקום למקלחת סגור 175/50,מחסום,סגור|קומקום,,מקלחת,,,,,,175/50,175,50,,,,,,,,רצפה,60117500.jpg,5,https://www.huliot.co.il/product/%D7%9E%D7%97%D7%A1%D7%95%D7%9D-%D7%A8%D7%A6%D7%A4%D7%94-%D7%A7%D7%95%D7%9E%D7%A7%D7%95%D7%9D-%D7%9C%D7%9E%D7%A7%D7%9C%D7%97%D7%AA-%D7%A1%D7%92%D7%95%D7%A8-50-175/
60117560,מחסום רצפה קומקום למקלחת פתוח 175/50,מחסום,פתוח|קומקום,,מקלחת,,,,,,175/50,175,50,,,,,,,,רצפה,60117560.jpg,5,https://www.huliot.co.il/product/%D7%9E%D7%97%D7%A1%D7%95%D7%9D-%D7%A8%D7%A6%D7%A4%D7%94-%D7%A7%D7%95%D7%9E%D7%A7%D7%95%D7%9D-%D7%9C%D7%9E%D7%A7%D7%9C%D7%97%D7%AA-%D7%A4%D7%AA%D7%95%D7%97-50-175/
60114500,מחסום רצפה 140/50 סגור,מחסום,סגור,,רצפה,,,,,,140/50,140,50,,,,,,,,,60114500.jpg,5,https://www.huliot.co.il/product/%D7%9E%D7%97%D7%A1%D7%95%D7%9D-%D7%A8%D7%A6%D7%A4%D7%94-140-50-%D7%A1%D7%92%D7%95%D7%A8/
60114590,מחסום רצפה 140/50 פתוח,מחסום,פתוח,,רצפה,,,,,,140/50,140,50,,,,,,,,,60114590.jpg,5,https://www.huliot.co.il/product/%D7%9E%D7%97%D7%A1%D7%95%D7%9D-%D7%A8%D7%A6%D7%A4%D7%94-140-50-%D7%A4%D7%AA%D7%95%D7%97/
60124599,מחסום רצפה 245/50 סגור,מחסום,סגור,,רצפה,,,,,,245/50,245,50,,,,,,,,,60124599.jpg,5,https://www.huliot.co.il/product/%D7%9E%D7%97%D7%A1%D7%95%D7%9D-%D7%A8%D7%A6%D7%A4%D7%94-245-50-%D7%A1%D7%92%D7%95%D7%A8/
60124590,מחסום רצפה 245/50 פתוח,מחסום,פתוח,,רצפה,,,,,,245/50,245,50,,,,,,,,,60124590.jpg,5,https://www.huliot.co.il/product/%D7%9E%D7%97%D7%A1%D7%95%D7%9D-%D7%A8%D7%A6%D7%A4%D7%94-245-50-%D7%A4%D7%AA%D7%95%D7%97/
60145960,מחסום רצפה 80/50,מחסום,,,רצפה,,,,,,80/50,80,50,,,,,,,,,60145960.jpg,5,https://www.huliot.co.il/product/%D7%9E%D7%97%D7%A1%D7%95%D7%9D-%D7%A8%D7%A6%D7%A4%D7%94-80-50/
70114590,מחסום 140/40/50 פתוח ™SmartLock,מחסום,פתוח,SmartLock,,,,,,,140/40/50,140,40,50,,,,,,,,70114590.jpg,6,https://www.huliot.co.il/product/%D7%9E%D7%97%D7%A1%D7%95%D7%9D-140-40-50-%D7%A4%D7%AA%D7%95%D7%97-smartlock/
70114500,מחסום 140/50 סגור ™SmartLock,מחסום,סגור,SmartLock,,,,,,,140/50,140,50,,,,,,,,,70114500.jpg,6,https://www.huliot.co.il/product/%D7%9E%D7%97%D7%A1%D7%95%D7%9D-140-50-%D7%A1%D7%92%D7%95%D7%A8-smartlock/
70124590,מחסום 245/40/50 פתוח ™SmartLock,מחסום,פתוח,SmartLock,,,,,,,245/40/50,245,40,50,,,,,,,,70124590.jpg,6,https://www.huliot.co.il/product/%D7%9E%D7%97%D7%A1%D7%95%D7%9D-245-40-50-%D7%A4%D7%AA%D7%95%D7%97-smartlock/
70124599,מחסום 245/50 סגור ™SmartLock,מחסום,סגור,SmartLock,,,,,,,245/50,245,50,,,,,,,,,70124599.jpg,5,https://www.huliot.co.il/product/%D7%9E%D7%97%D7%A1%D7%95%D7%9D-245-50-%D7%A1%D7%92%D7%95%D7%A8-smartlock/
70145960,מחסום 80/50 סגור ™SmartLock,מחסום,סגור,SmartLock,,,,,,,80/50,80,50,,,,,,,,,70145960.jpg,5,https://www.huliot.co.il/product/%D7%9E%D7%97%D7%A1%D7%95%D7%9D-80-50-%D7%A1%D7%92%D7%95%D7%A8-smartlock/
61480100,מחסום H למכונת כביסה,מחסום,,,,,,,,,,,,,,,,,,,H למכונת כביסה,61480100.jpg,6,https://www.huliot.co.il/product/%D7%9E%D7%97%D7%A1%D7%95%D7%9D-h-%D7%9C%D7%9E%D7%9B%D7%95%D7%A0%D7%AA-%D7%9B%D7%91%D7%99%D7%A1%D7%94-2/
61480100,מחסום H למכונת כביסה,מחסום,,,,,,,,,,,,,,,,,,,H למכונת כביסה,61480100.jpg,1,https://www.huliot.co.il/product/%D7%9E%D7%97%D7%A1%D7%95%D7%9D-h-%D7%9C%D7%9E%D7%9B%D7%95%D7%A0%D7%AA-%D7%9B%D7%91%D7%99%D7%A1%D7%94/
99515145,"מכונת פיגורות קלה לקטרים 63-125 מ""מ",,,,,,,,,,63/125,63,125,,,,,,,,מכונת פיגורות קלה לקטרים,99515145.jpg,5,https://www.huliot.co.il/product/%D7%9E%D7%9B%D7%95%D7%A0%D7%AA-%D7%A4%D7%99%D7%92%D7%95%D7%A8%D7%95%D7%AA-%D7%A7%D7%9C%D7%94-%D7%9C%D7%A7%D7%98%D7%A8%D7%99%D7%9D-63-125-%D7%9E%D7%9E/
99515148,"מכונת פיגורות שולחני 50-125 מ""מ",,,,,,,,,,50/125,50,125,,,,,,,,מכונת פיגורות שולחני,99515148.jpg,4,https://www.huliot.co.il/product/%D7%9E%D7%9B%D7%95%D7%A0%D7%AA-%D7%A4%D7%99%D7%92%D7%95%D7%A8%D7%95%D7%AA-%D7%A9%D7%95%D7%9C%D7%97%D7%A0%D7%99-50-125-%D7%9E%D7%9E/
61233260,מכלול לסיפון “¼1 (ללא משפך),משפך,,,,,,,,,,,,,,"¼1""",,,,,מכלול לסיפון ללא,61233260.jpg,5,https://www.huliot.co.il/product/%D7%9E%D7%9B%D7%9C%D7%95%D7%9C-%D7%9C%D7%A1%D7%99%D7%A4%D7%95%D7%9F-%C2%BC1-%D7%9C%D7%9C%D7%90-%D7%9E%D7%A9%D7%A4%D7%9A/
61433260,"מכלול לסיפון ""2 (ללא משפך)",משפך,,,,,,,,,,,,,,"2""",,,,,מכלול לסיפון ללא,61433260.jpg,6,https://www.huliot.co.il/product/%D7%9E%D7%9B%D7%9C%D7%95%D7%9C-%D7%9C%D7%A1%D7%99%D7%A4%D7%95%D7%9F-2-%D7%9C%D7%9C%D7%90-%D7%9E%D7%A9%D7%A4%D7%9A-2/
61433260,"מכלול לסיפון ""2 (ללא משפך)",משפך,,,,,,,,,,,,,,"2""",,,,,מכלול לסיפון ללא,61433260.jpg,1,https://www.huliot.co.il/product/%D7%9E%D7%9B%D7%9C%D7%95%D7%9C-%D7%9C%D7%A1%D7%99%D7%A4%D7%95%D7%9F-2-%D7%9C%D7%9C%D7%90-%D7%9E%D7%A9%D7%A4%D7%9A/
41441260,מכסה ביקורת 100,מכסה,ביקורת,,,,,,,,100,100,,,,,,,,,,41441260.jpg,3,https://www.huliot.co.il/product/%D7%9E%D7%9B%D7%A1%D7%94-%D7%91%D7%99%D7%A7%D7%95%D7%A8%D7%AA-100/
41440040,מכסה ביקורת 110,מכסה,ביקורת,,,,,,,,110,110,,,,,,,,,,41440040.jpg,3,https://www.huliot.co.il/product/%D7%9E%D7%9B%D7%A1%D7%94-%D7%91%D7%99%D7%A7%D7%95%D7%A8%D7%AA-110/
41420060,מכסה ביקורת 50 אפור,מכסה,ביקורת,,,,,,,אפור,50,50,,,,,,,,,,41420060.jpg,3,https://www.huliot.co.il/product/%D7%9E%D7%9B%D7%A1%D7%94-%D7%91%D7%99%D7%A7%D7%95%D7%A8%D7%AA-50-%D7%90%D7%A4%D7%95%D7%A8/
41430060,מכסה ביקורת 75,מכסה,ביקורת,,,,,,,,75,75,,,,,,,,,,41430060.jpg,4,https://www.huliot.co.il/product/%D7%9E%D7%9B%D7%A1%D7%94-%D7%91%D7%99%D7%A7%D7%95%D7%A8%D7%AA-75/
60300160,מכסה עגול זמני,מכסה,עגול,,,,,,,,,,,,,,,,,,זמני,60300160.jpg,6,https://www.huliot.co.il/product/%D7%9E%D7%9B%D7%A1%D7%94-%D7%A2%D7%92%D7%95%D7%9C-%D7%96%D7%9E%D7%A0%D7%99-2/
60300160,מכסה עגול זמני,מכסה,עגול,,,,,,,,,,,,,,,,,,זמני,60300160.jpg,5,https://www.huliot.co.il/product/%D7%9E%D7%9B%D7%A1%D7%94-%D7%A2%D7%92%D7%95%D7%9C-%D7%96%D7%9E%D7%A0%D7%99/
60300351,מכסה עגול מוגבה אפור,מכסה,עגול,,,,,,,אפור,,,,,,,,,,,מוגבה,60300351.jpg,6,https://www.huliot.co.il/product/%D7%9E%D7%9B%D7%A1%D7%94-%D7%A2%D7%92%D7%95%D7%9C-%D7%9E%D7%95%D7%92%D7%91%D7%94-%D7%90%D7%A4%D7%95%D7%A8/
60300367,מכסה עגול מוגבה בז',מכסה,עגול,,,,,,,בז',,,,,,,,,,,מוגבה,60300367.jpg,6,https://www.huliot.co.il/product/%D7%9E%D7%9B%D7%A1%D7%94-%D7%A2%D7%92%D7%95%D7%9C-%D7%9E%D7%95%D7%92%D7%91%D7%94-%D7%91%D7%96-2/
60300367,מכסה עגול מוגבה בז',מכסה,עגול,,,,,,,בז',,,,,,,,,,,מוגבה,60300367.jpg,5,https://www.huliot.co.il/product/%D7%9E%D7%9B%D7%A1%D7%94-%D7%A2%D7%92%D7%95%D7%9C-%D7%9E%D7%95%D7%92%D7%91%D7%94-%D7%91%D7%96/
60300363,מכסה עגול מוגבה לבן,מכסה,עגול,,,,,,,לבן,,,,,,,,,,,מוגבה,60300363.jpg,5,https://www.huliot.co.il/product/%D7%9E%D7%9B%D7%A1%D7%94-%D7%A2%D7%92%D7%95%D7%9C-%D7%9E%D7%95%D7%92%D7%91%D7%94-%D7%9C%D7%91%D7%9F/
60300251,מכסה עגול קבוע אפור,מכסה,עגול,,,,,,,אפור,,,,,,,,,,,קבוע,60300251.jpg,6,https://www.huliot.co.il/product/%D7%9E%D7%9B%D7%A1%D7%94-%D7%A2%D7%92%D7%95%D7%9C-%D7%A7%D7%91%D7%95%D7%A2-%D7%90%D7%A4%D7%95%D7%A8/
60300263,מכסה עגול קבוע בז',מכסה,עגול,,,,,,,בז',,,,,,,,,,,קבוע,60300263.jpg,6,https://www.huliot.co.il/product/%D7%9E%D7%9B%D7%A1%D7%94-%D7%A2%D7%92%D7%95%D7%9C-%D7%A7%D7%91%D7%95%D7%A2-%D7%91%D7%96-2/
60300263,מכסה עגול קבוע בז',מכסה,עגול,,,,,,,בז',,,,,,,,,,,קבוע,60300263.jpg,5,https://www.huliot.co.il/product/%D7%9E%D7%9B%D7%A1%D7%94-%D7%A2%D7%92%D7%95%D7%9C-%D7%A7%D7%91%D7%95%D7%A2-%D7%91%D7%96/
60300267,מכסה עגול קבוע לבן,מכסה,עגול,,,,,,,לבן,,,,,,,,,,,קבוע,60300267.jpg,5,https://www.huliot.co.il/product/%D7%9E%D7%9B%D7%A1%D7%94-%D7%A2%D7%92%D7%95%D7%9C-%D7%A7%D7%91%D7%95%D7%A2-%D7%9C%D7%91%D7%9F/
60300551,מכסה ריבועי חיצוני אפור,מכסה,ריבועי|חיצוני,,,,,,,אפור,,,,,,,,,,,,60300551.jpg,4,https://www.huliot.co.il/product/%D7%9E%D7%9B%D7%A1%D7%94-%D7%A8%D7%99%D7%91%D7%95%D7%A2%D7%99-%D7%97%D7%99%D7%A6%D7%95%D7%A0%D7%99-%D7%90%D7%A4%D7%95%D7%A8/
60300567,מכסה ריבועי חיצוני בז',מכסה,ריבועי|חיצוני,,,,,,,בז',,,,,,,,,,,,60300567.jpg,6,https://www.huliot.co.il/product/%D7%9E%D7%9B%D7%A1%D7%94-%D7%A8%D7%99%D7%91%D7%95%D7%A2%D7%99-%D7%97%D7%99%D7%A6%D7%95%D7%A0%D7%99-%D7%91%D7%96-2/
60300567,מכסה ריבועי חיצוני בז',מכסה,ריבועי|חיצוני,,,,,,,בז',,,,,,,,,,,,60300567.jpg,5,https://www.huliot.co.il/product/%D7%9E%D7%9B%D7%A1%D7%94-%D7%A8%D7%99%D7%91%D7%95%D7%A2%D7%99-%D7%97%D7%99%D7%A6%D7%95%D7%A0%D7%99-%D7%91%D7%96/
60300563,מכסה ריבועי חיצוני לבן,מכסה,ריבועי|חיצוני,,,,,,,לבן,,,,,,,,,,,,60300563.jpg,5,https://www.huliot.co.il/product/%D7%9E%D7%9B%D7%A1%D7%94-%D7%A8%D7%99%D7%91%D7%95%D7%A2%D7%99-%D7%97%D7%99%D7%A6%D7%95%D7%A0%D7%99-%D7%9C%D7%91%D7%9F/
60300451,מכסה ריבועי פנימי אפור,מכסה,ריבועי|פנימי,,,,,,,אפור,,,,,,,,,,,,60300451.jpg,6,https://www.huliot.co.il/product/%D7%9E%D7%9B%D7%A1%D7%94-%D7%A8%D7%99%D7%91%D7%95%D7%A2%D7%99-%D7%A4%D7%A0%D7%99%D7%9E%D7%99-%D7%90%D7%A4%D7%95%D7%A8/
60300467,מכסה ריבועי פנימי בז',מכסה,ריבועי|פנימי,,,,,,,בז',,,,,,,,,,,,60300467.jpg,6,https://www.huliot.co.il/product/%D7%9E%D7%9B%D7%A1%D7%94-%D7%A8%D7%99%D7%91%D7%95%D7%A2%D7%99-%D7%A4%D7%A0%D7%99%D7%9E%D7%99-%D7%91%D7%96-2/
60300467,מכסה ריבועי פנימי בז',מכסה,ריבועי|פנימי,,,,,,,בז',,,,,,,,,,,,60300467.jpg,5,https://www.huliot.co.il/product/%D7%9E%D7%9B%D7%A1%D7%94-%D7%A8%D7%99%D7%91%D7%95%D7%A2%D7%99-%D7%A4%D7%A0%D7%99%D7%9E%D7%99-%D7%91%D7%96/
60300463,מכסה ריבועי פנימי לבן,מכסה,ריבועי|פנימי,,,,,,,לבן,,,,,,,,,,,,60300463.jpg,5,https://www.huliot.co.il/product/%D7%9E%D7%9B%D7%A1%D7%94-%D7%A8%D7%99%D7%91%D7%95%D7%A2%D7%99-%D7%A4%D7%A0%D7%99%D7%9E%D7%99-%D7%9C%D7%91%D7%9F/
7370644470,מסעף אולטרה ווייט 45° בקוטר 110/110,מסעף,,Ultra White,,,,,,,110/110,110,110,,45,,,,,,,7370644470.jpg,3,https://www.huliot.co.il/product/%D7%9E%D7%A1%D7%A2%D7%A3-%D7%90%D7%95%D7%9C%D7%98%D7%A8%D7%94-%D7%95%D7%95%D7%99%D7%99%D7%98-45-%D7%91%D7%A7%D7%95%D7%98%D7%A8-110-110/
7370664470,מסעף אולטרה ווייט 45° בקוטר 160/110,מסעף,,Ultra White,,,,,,,160/110,160,110,,45,,,,,,,7370664470.jpg,4,https://www.huliot.co.il/product/%D7%9E%D7%A1%D7%A2%D7%A3-%D7%90%D7%95%D7%9C%D7%98%D7%A8%D7%94-%D7%95%D7%95%D7%99%D7%99%D7%98-45-%D7%91%D7%A7%D7%95%D7%98%D7%A8-160-110/
7370666470,מסעף אולטרה ווייט 45° בקוטר 160/160,מסעף,,Ultra White,,,,,,,160/160,160,160,,45,,,,,,,7370666470.jpg,6,https://www.huliot.co.il/product/%D7%9E%D7%A1%D7%A2%D7%A3-%D7%90%D7%95%D7%9C%D7%98%D7%A8%D7%94-%D7%95%D7%95%D7%99%D7%99%D7%98-45-%D7%91%D7%A7%D7%95%D7%98%D7%A8-160-160/
7370686470,מסעף אולטרה ווייט 45° בקוטר 200/160,מסעף,,Ultra White,,,,,,,200/160,200,160,,45,,,,,,,7370686470.jpg,5,https://www.huliot.co.il/product/%D7%9E%D7%A1%D7%A2%D7%A3-%D7%90%D7%95%D7%9C%D7%98%D7%A8%D7%94-%D7%95%D7%95%D7%99%D7%99%D7%98-45-%D7%91%D7%A7%D7%95%D7%98%D7%A8-200-160/
7370688470,מסעף אולטרה ווייט 45° בקוטר 200/200,מסעף,,Ultra White,,,,,,,200/200,200,200,,45,,,,,,,7370688470.jpg,5,https://www.huliot.co.il/product/%D7%9E%D7%A1%D7%A2%D7%A3-%D7%90%D7%95%D7%9C%D7%98%D7%A8%D7%94-%D7%95%D7%95%D7%99%D7%99%D7%98-45-%D7%91%D7%A7%D7%95%D7%98%D7%A8-200-200/
7870644470,מסעף אולטרה סיילנט פלוס  45° בקוטר 110/110,מסעף,,Ultra Silent Plus,,,,,,,110/110,110,110,,45,,,,,,,7870644470.jpg,5,https://www.huliot.co.il/product/%D7%9E%D7%A1%D7%A2%D7%A3-%D7%90%D7%95%D7%9C%D7%98%D7%A8%D7%94-%D7%A1%D7%99%D7%99%D7%9C%D7%A0%D7%98-%D7%A4%D7%9C%D7%95%D7%A1-45-%D7%91%D7%A7%D7%95%D7%98%D7%A8-110110/
7870642470,מסעף אולטרה סיילנט פלוס  45° בקוטר 110/50,מסעף,,Ultra Silent Plus,,,,,,,110/50,110,50,,45,,,,,,,7870642470.jpg,5,https://www.huliot.co.il/product/%D7%9E%D7%A1%D7%A2%D7%A3-%D7%90%D7%95%D7%9C%D7%98%D7%A8%D7%94-%D7%A1%D7%99%D7%99%D7%9C%D7%A0%D7%98-%D7%A4%D7%9C%D7%95%D7%A1-45-%D7%91%D7%A7%D7%95%D7%98%D7%A8-11050/
7870654470,מסעף אולטרה סיילנט פלוס  45° בקוטר 125/110,מסעף,,Ultra Silent Plus,,,,,,,125/110,125,110,,45,,,,,,,7870654470.jpg,4,https://www.huliot.co.il/product/%D7%9E%D7%A1%D7%A2%D7%A3-%D7%90%D7%95%D7%9C%D7%98%D7%A8%D7%94-%D7%A1%D7%99%D7%99%D7%9C%D7%A0%D7%98-%D7%A4%D7%9C%D7%95%D7%A1-45-%D7%91%D7%A7%D7%95%D7%98%D7%A8-125110/
7870642870,מסעף אולטרה סיילנט פלוס 87.5°  בקוטר 110/50,מסעף,,Ultra Silent Plus,,,,,,,110/50,110,50,,87.5,,,,,,,7870642870.jpg,6,https://www.huliot.co.il/product/%D7%9E%D7%A1%D7%A2%D7%A3-%D7%90%D7%95%D7%9C%D7%98%D7%A8%D7%94-%D7%A1%D7%99%D7%99%D7%9C%D7%A0%D7%98-%D7%A4%D7%9C%D7%95%D7%A1-87-5-%D7%91%D7%A7%D7%95%D7%98%D7%A8-11050/
7870652870,מסעף אולטרה סיילנט פלוס 87.5°  בקוטר 125/50,מסעף,,Ultra Silent Plus,,,,,,,125/50,125,50,,87.5,,,,,,,7870652870.jpg,5,https://www.huliot.co.il/product/%D7%9E%D7%A1%D7%A2%D7%A3-%D7%90%D7%95%D7%9C%D7%98%D7%A8%D7%94-%D7%A1%D7%99%D7%99%D7%9C%D7%A0%D7%98-%D7%A4%D7%9C%D7%95%D7%A1-87-5-%D7%91%D7%A7%D7%95%D7%98%D7%A8-12550/
7870662870,מסעף אולטרה סיילנט פלוס 87.5°  בקוטר 160/50,מסעף,,Ultra Silent Plus,,,,,,,160/50,160,50,,87.5,,,,,,,7870662870.jpg,5,https://www.huliot.co.il/product/%D7%9E%D7%A1%D7%A2%D7%A3-%D7%90%D7%95%D7%9C%D7%98%D7%A8%D7%94-%D7%A1%D7%99%D7%99%D7%9C%D7%A0%D7%98-%D7%A4%D7%9C%D7%95%D7%A1-87-5-%D7%91%D7%A7%D7%95%D7%98%D7%A8-16050/
7070644470,מסעף אולטרה סיילנט 45° בקוטר 110/110,מסעף,,Ultra Silent,,,,,,,110/110,110,110,,45,,,,,,,7070644470.jpg,6,https://www.huliot.co.il/product/%D7%9E%D7%A1%D7%A2%D7%A3-%D7%90%D7%95%D7%9C%D7%98%D7%A8%D7%94-%D7%A1%D7%99%D7%99%D7%9C%D7%A0%D7%98-45-%D7%91%D7%A7%D7%95%D7%98%D7%A8-110110/
7070649470,מסעף אולטרה סיילנט 45° בקוטר 110/90,מסעף,,Ultra Silent,,,,,,,110/90,110,90,,45,,,,,,,7070649470.jpg,6,https://www.huliot.co.il/product/%D7%9E%D7%A1%D7%A2%D7%A3-%D7%90%D7%95%D7%9C%D7%98%D7%A8%D7%94-%D7%A1%D7%99%D7%99%D7%9C%D7%A0%D7%98-45-%D7%91%D7%A7%D7%95%D7%98%D7%A8-11090/
7070654470,מסעף אולטרה סיילנט 45° בקוטר 125/110,מסעף,,Ultra Silent,,,,,,,125/110,125,110,,45,,,,,,,7070654470.jpg,6,https://www.huliot.co.il/product/%D7%9E%D7%A1%D7%A2%D7%A3-%D7%90%D7%95%D7%9C%D7%98%D7%A8%D7%94-%D7%A1%D7%99%D7%99%D7%9C%D7%A0%D7%98-45-%D7%91%D7%A7%D7%95%D7%98%D7%A8-125110/
7070655470,מסעף אולטרה סיילנט 45° בקוטר 125/125,מסעף,,Ultra Silent,,,,,,,125/125,125,125,,45,,,,,,,7070655470.jpg,6,https://www.huliot.co.il/product/%D7%9E%D7%A1%D7%A2%D7%A3-%D7%90%D7%95%D7%9C%D7%98%D7%A8%D7%94-%D7%A1%D7%99%D7%99%D7%9C%D7%A0%D7%98-45-%D7%91%D7%A7%D7%95%D7%98%D7%A8-125125/
7070664470,מסעף אולטרה סיילנט 45° בקוטר 160/110,מסעף,,Ultra Silent,,,,,,,160/110,160,110,,45,,,,,,,7070664470.jpg,6,https://www.huliot.co.il/product/%D7%9E%D7%A1%D7%A2%D7%A3-%D7%90%D7%95%D7%9C%D7%98%D7%A8%D7%94-%D7%A1%D7%99%D7%99%D7%9C%D7%A0%D7%98-45-%D7%91%D7%A7%D7%95%D7%98%D7%A8-160110/
7070666470,מסעף אולטרה סיילנט 45° בקוטר 160/160,מסעף,,Ultra Silent,,,,,,,160/160,160,160,,45,,,,,,,7070666470.jpg,6,https://www.huliot.co.il/product/%D7%9E%D7%A1%D7%A2%D7%A3-%D7%90%D7%95%D7%9C%D7%98%D7%A8%D7%94-%D7%A1%D7%99%D7%99%D7%9C%D7%A0%D7%98-45-%D7%91%D7%A7%D7%95%D7%98%D7%A8-160160/
7070686470,מסעף אולטרה סיילנט 45° בקוטר 200/160,מסעף,,Ultra Silent,,,,,,,200/160,200,160,,45,,,,,,,7070686470.jpg,6,https://www.huliot.co.il/product/%D7%9E%D7%A1%D7%A2%D7%A3-%D7%90%D7%95%D7%9C%D7%98%D7%A8%D7%94-%D7%A1%D7%99%D7%99%D7%9C%D7%A0%D7%98-45-%D7%91%D7%A7%D7%95%D7%98%D7%A8-200160/
7070688470,מסעף אולטרה סיילנט 45° בקוטר 200/200,מסעף,,Ultra Silent,,,,,,,200/200,200,200,,45,,,,,,,7070688470.jpg,6,https://www.huliot.co.il/product/%D7%9E%D7%A1%D7%A2%D7%A3-%D7%90%D7%95%D7%9C%D7%98%D7%A8%D7%94-%D7%A1%D7%99%D7%99%D7%9C%D7%A0%D7%98-45-%D7%91%D7%A7%D7%95%D7%98%D7%A8-200200/
7070600470,מסעף אולטרה סיילנט 45° בקוטר 32/32,מסעף,,Ultra Silent,,,,,,,32/32,32,32,,45,,,,,,,7070600470.jpg,6,https://www.huliot.co.il/product/%D7%9E%D7%A1%D7%A2%D7%A3-%D7%90%D7%95%D7%9C%D7%98%D7%A8%D7%94-%D7%A1%D7%99%D7%99%D7%9C%D7%A0%D7%98-45-%D7%91%D7%A7%D7%95%D7%98%D7%A8-3232/
7070611470,מסעף אולטרה סיילנט 45° בקוטר 40/40,מסעף,,Ultra Silent,,,,,,,40/40,40,40,,45,,,,,,,7070611470.jpg,6,https://www.huliot.co.il/product/%D7%9E%D7%A1%D7%A2%D7%A3-%D7%90%D7%95%D7%9C%D7%98%D7%A8%D7%94-%D7%A1%D7%99%D7%99%D7%9C%D7%A0%D7%98-45-%D7%91%D7%A7%D7%95%D7%98%D7%A8-4040/
7070621470,מסעף אולטרה סיילנט 45° בקוטר 50/40,מסעף,,Ultra Silent,,,,,,,50/40,50,40,,45,,,,,,,7070621470.jpg,6,https://www.huliot.co.il/product/%D7%9E%D7%A1%D7%A2%D7%A3-%D7%90%D7%95%D7%9C%D7%98%D7%A8%D7%94-%D7%A1%D7%99%D7%99%D7%9C%D7%A0%D7%98-45-%D7%91%D7%A7%D7%95%D7%98%D7%A8-5040/
7070622470,מסעף אולטרה סיילנט 45° בקוטר 50/50,מסעף,,Ultra Silent,,,,,,,50/50,50,50,,45,,,,,,,7070622470.jpg,6,https://www.huliot.co.il/product/%D7%9E%D7%A1%D7%A2%D7%A3-%D7%90%D7%95%D7%9C%D7%98%D7%A8%D7%94-%D7%A1%D7%99%D7%99%D7%9C%D7%A0%D7%98-45-%D7%91%D7%A7%D7%95%D7%98%D7%A8-5050/
7070632470,מסעף אולטרה סיילנט 45° בקוטר 75/50,מסעף,,Ultra Silent,,,,,,,75/50,75,50,,45,,,,,,,7070632470.jpg,6,https://www.huliot.co.il/product/%D7%9E%D7%A1%D7%A2%D7%A3-%D7%90%D7%95%D7%9C%D7%98%D7%A8%D7%94-%D7%A1%D7%99%D7%99%D7%9C%D7%A0%D7%98-45-%D7%91%D7%A7%D7%95%D7%98%D7%A8-7550/
7070633470,מסעף אולטרה סיילנט 45° בקוטר 75/75,מסעף,,Ultra Silent,,,,,,,75/75,75,75,,45,,,,,,,7070633470.jpg,6,https://www.huliot.co.il/product/%D7%9E%D7%A1%D7%A2%D7%A3-%D7%90%D7%95%D7%9C%D7%98%D7%A8%D7%94-%D7%A1%D7%99%D7%99%D7%9C%D7%A0%D7%98-45-%D7%91%D7%A7%D7%95%D7%98%D7%A8-7575/
7070692470,מסעף אולטרה סיילנט 45° בקוטר 90/50,מסעף,,Ultra Silent,,,,,,,90/50,90,50,,45,,,,,,,7070692470.jpg,6,https://www.huliot.co.il/product/%D7%9E%D7%A1%D7%A2%D7%A3-%D7%90%D7%95%D7%9C%D7%98%D7%A8%D7%94-%D7%A1%D7%99%D7%99%D7%9C%D7%A0%D7%98-45-%D7%91%D7%A7%D7%95%D7%98%D7%A8-9050/
7070699470,מסעף אולטרה סיילנט 45° בקוטר 90/90,מסעף,,Ultra Silent,,,,,,,90/90,90,90,,45,,,,,,,7070699470.jpg,6,https://www.huliot.co.il/product/%D7%9E%D7%A1%D7%A2%D7%A3-%D7%90%D7%95%D7%9C%D7%98%D7%A8%D7%94-%D7%A1%D7%99%D7%99%D7%9C%D7%A0%D7%98-45-%D7%91%D7%A7%D7%95%D7%98%D7%A8-9090/
7070641470,מסעף אולטרה סיילנט 45° מקוצר בקוטר 110/40,מסעף,,Ultra Silent,,,,,,,110/40,110,40,,45,,,,,,מקוצר,7070641470.jpg,6,https://www.huliot.co.il/product/%D7%9E%D7%A1%D7%A2%D7%A3-%D7%90%D7%95%D7%9C%D7%98%D7%A8%D7%94-%D7%A1%D7%99%D7%99%D7%9C%D7%A0%D7%98-45-%D7%9E%D7%A7%D7%95%D7%A6%D7%A8-%D7%91%D7%A7%D7%95%D7%98%D7%A8-11040/
7070642470,מסעף אולטרה סיילנט 45° מקוצר בקוטר 110/50,מסעף,,Ultra Silent,,,,,,,110/50,110,50,,45,,,,,,מקוצר,7070642470.jpg,6,https://www.huliot.co.il/product/%D7%9E%D7%A1%D7%A2%D7%A3-%D7%90%D7%95%D7%9C%D7%98%D7%A8%D7%94-%D7%A1%D7%99%D7%99%D7%9C%D7%A0%D7%98-45-%D7%9E%D7%A7%D7%95%D7%A6%D7%A8-%D7%91%D7%A7%D7%95%D7%98%D7%A8-11050/
7070643470,מסעף אולטרה סיילנט 45° מקוצר בקוטר 110/75,מסעף,,Ultra Silent,,,,,,,110/75,110,75,,45,,,,,,מקוצר,7070643470.jpg,6,https://www.huliot.co.il/product/%D7%9E%D7%A1%D7%A2%D7%A3-%D7%90%D7%95%D7%9C%D7%98%D7%A8%D7%94-%D7%A1%D7%99%D7%99%D7%9C%D7%A0%D7%98-45-%D7%9E%D7%A7%D7%95%D7%A6%D7%A8-%D7%91%D7%A7%D7%95%D7%98%D7%A8-11075/
7070642875,מסעף אולטרה סיילנט 87.5°  בקוטר 110/50,מסעף,,Ultra Silent,,,,,,,110/50,110,50,,87.5,,,,,,,7070642875.jpg,6,https://www.huliot.co.il/product/%D7%9E%D7%A1%D7%A2%D7%A3-%D7%90%D7%95%D7%9C%D7%98%D7%A8%D7%94-%D7%A1%D7%99%D7%99%D7%9C%D7%A0%D7%98-87-5-%D7%91%D7%A7%D7%95%D7%98%D7%A8-11050/
7070647870,מסעף אולטרה סיילנט 87.5°  בקוטר 110/63,מסעף,,Ultra Silent,,,,,,,110/63,110,63,,87.5,,,,,,,7070647870.jpg,6,https://www.huliot.co.il/product/%D7%9E%D7%A1%D7%A2%D7%A3-%D7%90%D7%95%D7%9C%D7%98%D7%A8%D7%94-%D7%A1%D7%99%D7%99%D7%9C%D7%A0%D7%98-87-5-%D7%91%D7%A7%D7%95%D7%98%D7%A8-11063/
7070655870,מסעף אולטרה סיילנט 87.5°  בקוטר 125/125,מסעף,,Ultra Silent,,,,,,,125/125,125,125,,87.5,,,,,,,7070655870.jpg,6,https://www.huliot.co.il/product/%D7%9E%D7%A1%D7%A2%D7%A3-%D7%90%D7%95%D7%9C%D7%98%D7%A8%D7%94-%D7%A1%D7%99%D7%99%D7%9C%D7%A0%D7%98-87-5-%D7%91%D7%A7%D7%95%D7%98%D7%A8-125-125/
7070652870,מסעף אולטרה סיילנט 87.5°  בקוטר 125/50,מסעף,,Ultra Silent,,,,,,,125/50,125,50,,87.5,,,,,,,7070652870.jpg,6,https://www.huliot.co.il/product/%D7%9E%D7%A1%D7%A2%D7%A3-%D7%90%D7%95%D7%9C%D7%98%D7%A8%D7%94-%D7%A1%D7%99%D7%99%D7%9C%D7%A0%D7%98-87-5-%D7%91%D7%A7%D7%95%D7%98%D7%A8-12550/
7070657870,מסעף אולטרה סיילנט 87.5°  בקוטר 125/63,מסעף,,Ultra Silent,,,,,,,125/63,125,63,,87.5,,,,,,,7070657870.jpg,6,https://www.huliot.co.il/product/%D7%9E%D7%A1%D7%A2%D7%A3-%D7%90%D7%95%D7%9C%D7%98%D7%A8%D7%94-%D7%A1%D7%99%D7%99%D7%9C%D7%A0%D7%98-87-5-%D7%91%D7%A7%D7%95%D7%98%D7%A8-12563/
7070653870,מסעף אולטרה סיילנט 87.5°  בקוטר 125/75,מסעף,,Ultra Silent,,,,,,,125/75,125,75,,87.5,,,,,,,7070653870.jpg,6,https://www.huliot.co.il/product/%D7%9E%D7%A1%D7%A2%D7%A3-%D7%90%D7%95%D7%9C%D7%98%D7%A8%D7%94-%D7%A1%D7%99%D7%99%D7%9C%D7%A0%D7%98-87-5-%D7%91%D7%A7%D7%95%D7%98%D7%A8-12575/
7070666870,מסעף אולטרה סיילנט 87.5°  בקוטר 160/160,מסעף,,Ultra Silent,,,,,,,160/160,160,160,,87.5,,,,,,,7070666870.jpg,6,https://www.huliot.co.il/product/%D7%9E%D7%A1%D7%A2%D7%A3-%D7%90%D7%95%D7%9C%D7%98%D7%A8%D7%94-%D7%A1%D7%99%D7%99%D7%9C%D7%A0%D7%98-87-5-%D7%91%D7%A7%D7%95%D7%98%D7%A8-160160/
7070662870,מסעף אולטרה סיילנט 87.5°  בקוטר 160/50,מסעף,,Ultra Silent,,,,,,,160/50,160,50,,87.5,,,,,,,7070662870.jpg,6,https://www.huliot.co.il/product/%D7%9E%D7%A1%D7%A2%D7%A3-%D7%90%D7%95%D7%9C%D7%98%D7%A8%D7%94-%D7%A1%D7%99%D7%99%D7%9C%D7%A0%D7%98-87-5-%D7%91%D7%A7%D7%95%D7%98%D7%A8-16050/
7070667870,מסעף אולטרה סיילנט 87.5°  בקוטר 160/63,מסעף,,Ultra Silent,,,,,,,160/63,160,63,,87.5,,,,,,,7070667870.jpg,6,https://www.huliot.co.il/product/%D7%9E%D7%A1%D7%A2%D7%A3-%D7%90%D7%95%D7%9C%D7%98%D7%A8%D7%94-%D7%A1%D7%99%D7%99%D7%9C%D7%A0%D7%98-87-5-%D7%91%D7%A7%D7%95%D7%98%D7%A8-16063/
7070663870,מסעף אולטרה סיילנט 87.5°  בקוטר 160/75,מסעף,,Ultra Silent,,,,,,,160/75,160,75,,87.5,,,,,,,7070663870.jpg,6,https://www.huliot.co.il/product/%D7%9E%D7%A1%D7%A2%D7%A3-%D7%90%D7%95%D7%9C%D7%98%D7%A8%D7%94-%D7%A1%D7%99%D7%99%D7%9C%D7%A0%D7%98-87-5-%D7%91%D7%A7%D7%95%D7%98%D7%A8-16075/
7070611870,מסעף אולטרה סיילנט 87.5°  בקוטר 40/40,מסעף,,Ultra Silent,,,,,,,40/40,40,40,,87.5,,,,,,,7070611870.jpg,6,https://www.huliot.co.il/product/%D7%9E%D7%A1%D7%A2%D7%A3-%D7%90%D7%95%D7%9C%D7%98%D7%A8%D7%94-%D7%A1%D7%99%D7%99%D7%9C%D7%A0%D7%98-87-5-%D7%91%D7%A7%D7%95%D7%98%D7%A8-4040/
7070621870,מסעף אולטרה סיילנט 87.5°  בקוטר 50/40,מסעף,,Ultra Silent,,,,,,,50/40,50,40,,87.5,,,,,,,7070621870.jpg,6,https://www.huliot.co.il/product/%D7%9E%D7%A1%D7%A2%D7%A3-%D7%90%D7%95%D7%9C%D7%98%D7%A8%D7%94-%D7%A1%D7%99%D7%99%D7%9C%D7%A0%D7%98-87-5-%D7%91%D7%A7%D7%95%D7%98%D7%A8-5040/
7070622870,מסעף אולטרה סיילנט 87.5°  בקוטר 50/50,מסעף,,Ultra Silent,,,,,,,50/50,50,50,,87.5,,,,,,,7070622870.jpg,6,https://www.huliot.co.il/product/%D7%9E%D7%A1%D7%A2%D7%A3-%D7%90%D7%95%D7%9C%D7%98%D7%A8%D7%94-%D7%A1%D7%99%D7%99%D7%9C%D7%A0%D7%98-87-5-%D7%91%D7%A7%D7%95%D7%98%D7%A8-5050/
7070632870,מסעף אולטרה סיילנט 87.5°  בקוטר 75/50,מסעף,,Ultra Silent,,,,,,,75/50,75,50,,87.5,,,,,,,7070632870.jpg,6,https://www.huliot.co.il/product/%D7%9E%D7%A1%D7%A2%D7%A3-%D7%90%D7%95%D7%9C%D7%98%D7%A8%D7%94-%D7%A1%D7%99%D7%99%D7%9C%D7%A0%D7%98-87-5-%D7%91%D7%A7%D7%95%D7%98%D7%A8-7550/
7070633870,מסעף אולטרה סיילנט 87.5°  בקוטר 75/75,מסעף,,Ultra Silent,,,,,,,75/75,75,75,,87.5,,,,,,,7070633870.jpg,6,https://www.huliot.co.il/product/%D7%9E%D7%A1%D7%A2%D7%A3-%D7%90%D7%95%D7%9C%D7%98%D7%A8%D7%94-%D7%A1%D7%99%D7%99%D7%9C%D7%A0%D7%98-87-5-%D7%91%D7%A7%D7%95%D7%98%D7%A8-7575/
7070692870,מסעף אולטרה סיילנט 87.5°  בקוטר 90/50,מסעף,,Ultra Silent,,,,,,,90/50,90,50,,87.5,,,,,,,7070692870.jpg,6,https://www.huliot.co.il/product/%D7%9E%D7%A1%D7%A2%D7%A3-%D7%90%D7%95%D7%9C%D7%98%D7%A8%D7%94-%D7%A1%D7%99%D7%99%D7%9C%D7%A0%D7%98-87-5-%D7%91%D7%A7%D7%95%D7%98%D7%A8-9050/
7070642870,מסעף אולטרה סיילנט 87.5°  מקוצר בקוטר 110/50,מסעף,,Ultra Silent,,,,,,,110/50,110,50,,87.5,,,,,,מקוצר,7070642870.jpg,6,https://www.huliot.co.il/product/%D7%9E%D7%A1%D7%A2%D7%A3-%D7%90%D7%95%D7%9C%D7%98%D7%A8%D7%94-%D7%A1%D7%99%D7%99%D7%9C%D7%A0%D7%98-87-5-%D7%9E%D7%A7%D7%95%D7%A6%D7%A8-%D7%91%D7%A7%D7%95%D7%98%D7%A8-11050/
7070844871,מסעף ארוך אולטרה סיילנט 87.5°  בקוטר 110/110,מסעף,ארוך,Ultra Silent,,,,,,,110/110,110,110,,87.5,,,,,,,7070844871.jpg,6,https://www.huliot.co.il/product/%D7%9E%D7%A1%D7%A2%D7%A3-%D7%90%D7%A8%D7%95%D7%9A-%D7%90%D7%95%D7%9C%D7%98%D7%A8%D7%94-%D7%A1%D7%99%D7%99%D7%9C%D7%A0%D7%98-87-5-%D7%91%D7%A7%D7%95%D7%98%D7%A8-110110/
7070843871,מסעף ארוך אולטרה סיילנט 87.5°  בקוטר 110/75,מסעף,ארוך,Ultra Silent,,,,,,,110/75,110,75,,87.5,,,,,,,7070843871.jpg,6,https://www.huliot.co.il/product/%D7%9E%D7%A1%D7%A2%D7%A3-%D7%90%D7%A8%D7%95%D7%9A-%D7%90%D7%95%D7%9C%D7%98%D7%A8%D7%94-%D7%A1%D7%99%D7%99%D7%9C%D7%A0%D7%98-87-5-%D7%91%D7%A7%D7%95%D7%98%D7%A8-11075/
41044457,מסעף כפולים לשפכים חמים עם ביקורת 110/110/110/45,מסעף,עם ביקורת|כפולים,,שפכים חמים,,,,,,110/110/110/45,110,110,110,45,,,,,,,41044457.jpg,3,https://www.huliot.co.il/product/%D7%9E%D7%A1%D7%A2%D7%A3-%D7%9B%D7%A4%D7%95%D7%9C%D7%99%D7%9D-%D7%9C%D7%A9%D7%A4%D7%9B%D7%99%D7%9D-%D7%97%D7%9E%D7%99%D7%9D-%D7%A2%D7%9D-%D7%91%D7%99%D7%A7%D7%95%D7%A8%D7%AA-11011011045/
41044857,מסעף כפולים לשפכים חמים עם ביקורת 110/110/110/87,מסעף,עם ביקורת|כפולים,,שפכים חמים,,,,,,110/110/110/87,110,110,110,87,,,,,,,41044857.jpg,3,https://www.huliot.co.il/product/%D7%9E%D7%A1%D7%A2%D7%A3-%D7%9B%D7%A4%D7%95%D7%9C%D7%99%D7%9D-%D7%9C%D7%A9%D7%A4%D7%9B%D7%99%D7%9D-%D7%97%D7%9E%D7%99%D7%9D-%D7%A2%D7%9D-%D7%91%D7%99%D7%A7%D7%95%D7%A8%D7%AA-11011011087/
41064857,מסעף כפולים לשפכים חמים עם ביקורת 160/110/110/87,מסעף,עם ביקורת|כפולים,,שפכים חמים,,,,,,160/110/110/87,160,110,110,87,,,,,,,41064857.jpg,3,https://www.huliot.co.il/product/%D7%9E%D7%A1%D7%A2%D7%A3-%D7%9B%D7%A4%D7%95%D7%9C%D7%99%D7%9D-%D7%9C%D7%A9%D7%A4%D7%9B%D7%99%D7%9D-%D7%97%D7%9E%D7%99%D7%9D-%D7%A2%D7%9D-%D7%91%D7%99%D7%A7%D7%95%D7%A8%D7%AA-16011011087/
41044450,מסעף כפולים לשפכים חמים 110/110/110/45,מסעף,כפולים,,שפכים חמים,,,,,,110/110/110/45,110,110,110,45,,,,,,,41044450.jpg,4,https://www.huliot.co.il/product/%D7%9E%D7%A1%D7%A2%D7%A3-%D7%9B%D7%A4%D7%95%D7%9C%D7%99%D7%9D-%D7%9C%D7%A9%D7%A4%D7%9B%D7%99%D7%9D-%D7%97%D7%9E%D7%99%D7%9D-11011011045/
41044860,מסעף כפולים לשפכים חמים 110/110/110/87,מסעף,כפולים,,שפכים חמים,,,,,,110/110/110/87,110,110,110,87,,,,,,,41044860.jpg,3,https://www.huliot.co.il/product/%D7%9E%D7%A1%D7%A2%D7%A3-%D7%9B%D7%A4%D7%95%D7%9C%D7%99%D7%9D-%D7%9C%D7%A9%D7%A4%D7%9B%D7%99%D7%9D-%D7%97%D7%9E%D7%99%D7%9D-11011011087/
41042450,מסעף כפולים לשפכים חמים 110/50/50/45,מסעף,כפולים,,שפכים חמים,,,,,,110/50/50/45,110,50,50,45,,,,,,,41042450.jpg,3,https://www.huliot.co.il/product/%D7%9E%D7%A1%D7%A2%D7%A3-%D7%9B%D7%A4%D7%95%D7%9C%D7%99%D7%9D-%D7%9C%D7%A9%D7%A4%D7%9B%D7%99%D7%9D-%D7%97%D7%9E%D7%99%D7%9D-110505045/
41042860,מסעף כפולים לשפכים חמים 110/50/50/87,מסעף,כפולים,,שפכים חמים,,,,,,110/50/50/87,110,50,50,87,,,,,,,41042860.jpg,4,https://www.huliot.co.il/product/%D7%9E%D7%A1%D7%A2%D7%A3-%D7%9B%D7%A4%D7%95%D7%9C%D7%99%D7%9D-%D7%9C%D7%A9%D7%A4%D7%9B%D7%99%D7%9D-%D7%97%D7%9E%D7%99%D7%9D-110505087/
41054850,מסעף כפולים לשפכים חמים 125/110/110/87,מסעף,כפולים,,שפכים חמים,,,,,,125/110/110/87,125,110,110,87,,,,,,,41054850.jpg,4,https://www.huliot.co.il/product/%D7%9E%D7%A1%D7%A2%D7%A3-%D7%9B%D7%A4%D7%95%D7%9C%D7%99%D7%9D-%D7%9C%D7%A9%D7%A4%D7%9B%D7%99%D7%9D-%D7%97%D7%9E%D7%99%D7%9D-12511011087/
41052860,מסעף כפולים לשפכים חמים 125/50/50/87,מסעף,כפולים,,שפכים חמים,,,,,,125/50/50/87,125,50,50,87,,,,,,,41052860.jpg,3,https://www.huliot.co.il/product/%D7%9E%D7%A1%D7%A2%D7%A3-%D7%9B%D7%A4%D7%95%D7%9C%D7%99%D7%9D-%D7%9C%D7%A9%D7%A4%D7%9B%D7%99%D7%9D-%D7%97%D7%9E%D7%99%D7%9D-125505087/
41064450,מסעף כפולים לשפכים חמים 160/110/110/45,מסעף,כפולים,,שפכים חמים,,,,,,160/110/110/45,160,110,110,45,,,,,,,41064450.jpg,3,https://www.huliot.co.il/product/%D7%9E%D7%A1%D7%A2%D7%A3-%D7%9B%D7%A4%D7%95%D7%9C%D7%99%D7%9D-%D7%9C%D7%A9%D7%A4%D7%9B%D7%99%D7%9D-%D7%97%D7%9E%D7%99%D7%9D-16011011045/
41064850,מסעף כפולים לשפכים חמים 160/110/110/87,מסעף,כפולים,,שפכים חמים,,,,,,160/110/110/87,160,110,110,87,,,,,,,41064850.jpg,3,https://www.huliot.co.il/product/%D7%9E%D7%A1%D7%A2%D7%A3-%D7%9B%D7%A4%D7%95%D7%9C%D7%99%D7%9D-%D7%9C%D7%A9%D7%A4%D7%9B%D7%99%D7%9D-%D7%97%D7%9E%D7%99%D7%9D-16011011087/
41062450,מסעף כפולים לשפכים חמים 160/50/50/45,מסעף,כפולים,,שפכים חמים,,,,,,160/50/50/45,160,50,50,45,,,,,,,41062450.jpg,4,https://www.huliot.co.il/product/%D7%9E%D7%A1%D7%A2%D7%A3-%D7%9B%D7%A4%D7%95%D7%9C%D7%99%D7%9D-%D7%9C%D7%A9%D7%A4%D7%9B%D7%99%D7%9D-%D7%97%D7%9E%D7%99%D7%9D-160505045/
41062850,מסעף כפולים לשפכים חמים 160/50/50/87,מסעף,כפולים,,שפכים חמים,,,,,,160/50/50/87,160,50,50,87,,,,,,,41062850.jpg,3,https://www.huliot.co.il/product/%D7%9E%D7%A1%D7%A2%D7%A3-%D7%9B%D7%A4%D7%95%D7%9C%D7%99%D7%9D-%D7%9C%D7%A9%D7%A4%D7%9B%D7%99%D7%9D-%D7%97%D7%9E%D7%99%D7%9D-160505087/
7871044870,מסעף כפול אולטרה סיילנט פלוס  87.5° בקוטר 110/110/110,מסעף,כפול,Ultra Silent Plus,,,,,,,110/110/110,110,110,110,87.5,,,,,,,7871044870.jpg,5,https://www.huliot.co.il/product/%D7%9E%D7%A1%D7%A2%D7%A3-%D7%9B%D7%A4%D7%95%D7%9C-%D7%90%D7%95%D7%9C%D7%98%D7%A8%D7%94-%D7%A1%D7%99%D7%99%D7%9C%D7%A0%D7%98-%D7%A4%D7%9C%D7%95%D7%A1-87-5-%D7%91%D7%A7%D7%95%D7%98%D7%A8-110110/
7871042870,מסעף כפול אולטרה סיילנט פלוס  87.5° בקוטר 110/50/50,מסעף,כפול,Ultra Silent Plus,,,,,,,110/50/50,110,50,50,87.5,,,,,,,7871042870.jpg,5,https://www.huliot.co.il/product/%D7%9E%D7%A1%D7%A2%D7%A3-%D7%9B%D7%A4%D7%95%D7%9C-%D7%90%D7%95%D7%9C%D7%98%D7%A8%D7%94-%D7%A1%D7%99%D7%99%D7%9C%D7%A0%D7%98-%D7%A4%D7%9C%D7%95%D7%A1-87-5-%D7%91%D7%A7%D7%95%D7%98%D7%A8-110505/
7871054870,מסעף כפול אולטרה סיילנט פלוס  87.5° בקוטר 125/110/110,מסעף,כפול,Ultra Silent Plus,,,,,,,125/110/110,125,110,110,87.5,,,,,,,7871054870.jpg,5,https://www.huliot.co.il/product/%D7%9E%D7%A1%D7%A2%D7%A3-%D7%9B%D7%A4%D7%95%D7%9C-%D7%90%D7%95%D7%9C%D7%98%D7%A8%D7%94-%D7%A1%D7%99%D7%99%D7%9C%D7%A0%D7%98-%D7%A4%D7%9C%D7%95%D7%A1-87-5-%D7%91%D7%A7%D7%95%D7%98%D7%A8-125110/
7871052870,מסעף כפול אולטרה סיילנט פלוס  87.5° בקוטר 125/50/50,מסעף,כפול,Ultra Silent Plus,,,,,,,125/50/50,125,50,50,87.5,,,,,,,7871052870.jpg,6,https://www.huliot.co.il/product/%D7%9E%D7%A1%D7%A2%D7%A3-%D7%9B%D7%A4%D7%95%D7%9C-%D7%90%D7%95%D7%9C%D7%98%D7%A8%D7%94-%D7%A1%D7%99%D7%99%D7%9C%D7%A0%D7%98-%D7%A4%D7%9C%D7%95%D7%A1-87-5-%D7%91%D7%A7%D7%95%D7%98%D7%A8-125505/
7871064870,מסעף כפול אולטרה סיילנט פלוס  87.5° בקוטר 160/110/110,מסעף,כפול,Ultra Silent Plus,,,,,,,160/110/110,160,110,110,87.5,,,,,,,7871064870.jpg,5,https://www.huliot.co.il/product/%D7%9E%D7%A1%D7%A2%D7%A3-%D7%9B%D7%A4%D7%95%D7%9C-%D7%90%D7%95%D7%9C%D7%98%D7%A8%D7%94-%D7%A1%D7%99%D7%99%D7%9C%D7%A0%D7%98-%D7%A4%D7%9C%D7%95%D7%A1-87-5-%D7%91%D7%A7%D7%95%D7%98%D7%A8-160110/
7871062870,מסעף כפול אולטרה סיילנט פלוס  87.5° בקוטר 160/50/50,מסעף,כפול,Ultra Silent Plus,,,,,,,160/50/50,160,50,50,87.5,,,,,,,7871062870.jpg,6,https://www.huliot.co.il/product/%D7%9E%D7%A1%D7%A2%D7%A3-%D7%9B%D7%A4%D7%95%D7%9C-%D7%90%D7%95%D7%9C%D7%98%D7%A8%D7%94-%D7%A1%D7%99%D7%99%D7%9C%D7%A0%D7%98-%D7%A4%D7%9C%D7%95%D7%A1-87-5-%D7%91%D7%A7%D7%95%D7%98%D7%A8-160505/
7071044670,מסעף כפול אולטרה סיילנט 67.5° בקוטר 110/110/110,מסעף,כפול,Ultra Silent,,,,,,,110/110/110,110,110,110,67.5,,,,,,,7071044670.jpg,6,https://www.huliot.co.il/product/%D7%9E%D7%A1%D7%A2%D7%A3-%D7%9B%D7%A4%D7%95%D7%9C-%D7%90%D7%95%D7%9C%D7%98%D7%A8%D7%94-%D7%A1%D7%99%D7%99%D7%9C%D7%A0%D7%98-67-5-%D7%91%D7%A7%D7%95%D7%98%D7%A8-110110110/
7071042670,מסעף כפול אולטרה סיילנט 67.5° בקוטר 110/50/50,מסעף,כפול,Ultra Silent,,,,,,,110/50/50,110,50,50,67.5,,,,,,,7071042670.jpg,6,https://www.huliot.co.il/product/%D7%9E%D7%A1%D7%A2%D7%A3-%D7%9B%D7%A4%D7%95%D7%9C-%D7%90%D7%95%D7%9C%D7%98%D7%A8%D7%94-%D7%A1%D7%99%D7%99%D7%9C%D7%A0%D7%98-67-5-%D7%91%D7%A7%D7%95%D7%98%D7%A8-1105050/
7071043870,מסעף כפול אולטרה סיילנט 87.5° בקוטר 110/75/75,מסעף,כפול,Ultra Silent,,,,,,,110/75/75,110,75,75,87.5,,,,,,,7071043870.jpg,6,https://www.huliot.co.il/product/%D7%9E%D7%A1%D7%A2%D7%A3-%D7%9B%D7%A4%D7%95%D7%9C-%D7%90%D7%95%D7%9C%D7%98%D7%A8%D7%94-%D7%A1%D7%99%D7%99%D7%9C%D7%A0%D7%98-87-5-%D7%91%D7%A7%D7%95%D7%98%D7%A8-110-75-75/
7071044870,מסעף כפול אולטרה סיילנט 87.5° בקוטר 110/110/110,מסעף,כפול,Ultra Silent,,,,,,,110/110/110,110,110,110,87.5,,,,,,,7071044870.jpg,6,https://www.huliot.co.il/product/%D7%9E%D7%A1%D7%A2%D7%A3-%D7%9B%D7%A4%D7%95%D7%9C-%D7%90%D7%95%D7%9C%D7%98%D7%A8%D7%94-%D7%A1%D7%99%D7%99%D7%9C%D7%A0%D7%98-87-5-%D7%91%D7%A7%D7%95%D7%98%D7%A8-110110110/
7071042870,מסעף כפול אולטרה סיילנט 87.5° בקוטר 110/50/50,מסעף,כפול,Ultra Silent,,,,,,,110/50/50,110,50,50,87.5,,,,,,,7071042870.jpg,6,https://www.huliot.co.il/product/%D7%9E%D7%A1%D7%A2%D7%A3-%D7%9B%D7%A4%D7%95%D7%9C-%D7%90%D7%95%D7%9C%D7%98%D7%A8%D7%94-%D7%A1%D7%99%D7%99%D7%9C%D7%A0%D7%98-87-5-%D7%91%D7%A7%D7%95%D7%98%D7%A8-1105050/
7071057870,מסעף כפול אולטרה סיילנט 87.5° בקוטר 110/63/63,מסעף,כפול,Ultra Silent,,,,,,,110/63/63,110,63,63,87.5,,,,,,,7071057870.jpg,6,https://www.huliot.co.il/product/%D7%9E%D7%A1%D7%A2%D7%A3-%D7%9B%D7%A4%D7%95%D7%9C-%D7%90%D7%95%D7%9C%D7%98%D7%A8%D7%94-%D7%A1%D7%99%D7%99%D7%9C%D7%A0%D7%98-87-5-%D7%91%D7%A7%D7%95%D7%98%D7%A8-1106363-2/
7071047870,מסעף כפול אולטרה סיילנט 87.5° בקוטר 110/63/63,מסעף,כפול,Ultra Silent,,,,,,,110/63/63,110,63,63,87.5,,,,,,,7071047870.jpg,6,https://www.huliot.co.il/product/%D7%9E%D7%A1%D7%A2%D7%A3-%D7%9B%D7%A4%D7%95%D7%9C-%D7%90%D7%95%D7%9C%D7%98%D7%A8%D7%94-%D7%A1%D7%99%D7%99%D7%9C%D7%A0%D7%98-87-5-%D7%91%D7%A7%D7%95%D7%98%D7%A8-1106363/
7071054870,מסעף כפול אולטרה סיילנט 87.5° בקוטר 125/110/110,מסעף,כפול,Ultra Silent,,,,,,,125/110/110,125,110,110,87.5,,,,,,,7071054870.jpg,5,https://www.huliot.co.il/product/%D7%9E%D7%A1%D7%A2%D7%A3-%D7%9B%D7%A4%D7%95%D7%9C-%D7%90%D7%95%D7%9C%D7%98%D7%A8%D7%94-%D7%A1%D7%99%D7%99%D7%9C%D7%A0%D7%98-87-5-%D7%91%D7%A7%D7%95%D7%98%D7%A8-125110110/
7071052870,מסעף כפול אולטרה סיילנט 87.5° בקוטר 125/50/50,מסעף,כפול,Ultra Silent,,,,,,,125/50/50,125,50,50,87.5,,,,,,,7071052870.jpg,6,https://www.huliot.co.il/product/%D7%9E%D7%A1%D7%A2%D7%A3-%D7%9B%D7%A4%D7%95%D7%9C-%D7%90%D7%95%D7%9C%D7%98%D7%A8%D7%94-%D7%A1%D7%99%D7%99%D7%9C%D7%A0%D7%98-87-5-%D7%91%D7%A7%D7%95%D7%98%D7%A8-1255050/
7071064870,מסעף כפול אולטרה סיילנט 87.5° בקוטר 160/110/110,מסעף,כפול,Ultra Silent,,,,,,,160/110/110,160,110,110,87.5,,,,,,,7071064870.jpg,6,https://www.huliot.co.il/product/%D7%9E%D7%A1%D7%A2%D7%A3-%D7%9B%D7%A4%D7%95%D7%9C-%D7%90%D7%95%D7%9C%D7%98%D7%A8%D7%94-%D7%A1%D7%99%D7%99%D7%9C%D7%A0%D7%98-87-5-%D7%91%D7%A7%D7%95%D7%98%D7%A8-160110110/
7071062870,מסעף כפול אולטרה סיילנט 87.5° בקוטר 160/50/50,מסעף,כפול,Ultra Silent,,,,,,,160/50/50,160,50,50,87.5,,,,,,,7071062870.jpg,6,https://www.huliot.co.il/product/%D7%9E%D7%A1%D7%A2%D7%A3-%D7%9B%D7%A4%D7%95%D7%9C-%D7%90%D7%95%D7%9C%D7%98%D7%A8%D7%94-%D7%A1%D7%99%D7%99%D7%9C%D7%A0%D7%98-87-5-%D7%91%D7%A7%D7%95%D7%98%D7%A8-1605050/
7071067870,מסעף כפול אולטרה סיילנט 87.5° בקוטר 160/63/63,מסעף,כפול,Ultra Silent,,,,,,,160/63/63,160,63,63,87.5,,,,,,,7071067870.jpg,6,https://www.huliot.co.il/product/%D7%9E%D7%A1%D7%A2%D7%A3-%D7%9B%D7%A4%D7%95%D7%9C-%D7%90%D7%95%D7%9C%D7%98%D7%A8%D7%94-%D7%A1%D7%99%D7%99%D7%9C%D7%A0%D7%98-87-5-%D7%91%D7%A7%D7%95%D7%98%D7%A8-1606363/
7071032870,מסעף כפול אולטרה סיילנט 87.5° בקוטר 75/50/50,מסעף,כפול,Ultra Silent,,,,,,,75/50/50,75,50,50,87.5,,,,,,,7071032870.jpg,6,https://www.huliot.co.il/product/%D7%9E%D7%A1%D7%A2%D7%A3-%D7%9B%D7%A4%D7%95%D7%9C-%D7%90%D7%95%D7%9C%D7%98%D7%A8%D7%94-%D7%A1%D7%99%D7%99%D7%9C%D7%A0%D7%98-87-5-%D7%91%D7%A7%D7%95%D7%98%D7%A8-75-50-50/
43344457,מסעף לביוב 110/110/45° עם ביקורת גב,מסעף,עם ביקורת גב,,ביוב,,,,,,110/110,110,110,,45,,,,,,,43344457.jpg,4,https://www.huliot.co.il/product/%D7%9E%D7%A1%D7%A2%D7%A3-%D7%9C%D7%91%D7%99%D7%95%D7%91-11011045-%D7%A2%D7%9D-%D7%91%D7%99%D7%A7%D7%95%D7%A8%D7%AA-%D7%92%D7%91/
83344450,מסעף לביוב 110/110/45°,מסעף,,,ביוב,,,,,,110/110,110,110,,45,,,,,,,83344450.jpg,4,https://www.huliot.co.il/product/%D7%9E%D7%A1%D7%A2%D7%A3-%D7%9C%D7%91%D7%99%D7%95%D7%91-11011045/
83344850,מסעף לביוב 110/110/87°,מסעף,,,ביוב,,,,,,110/110,110,110,,87,,,,,,,83344850.jpg,4,https://www.huliot.co.il/product/%D7%9E%D7%A1%D7%A2%D7%A3-%D7%9C%D7%91%D7%99%D7%95%D7%91-11011087/
83364450,מסעף לביוב 160/110/45°,מסעף,,,ביוב,,,,,,160/110,160,110,,45,,,,,,,83364450.jpg,4,https://www.huliot.co.il/product/%D7%9E%D7%A1%D7%A2%D7%A3-%D7%9C%D7%91%D7%99%D7%95%D7%91-16011045/
83364850,מסעף לביוב 160/110/87°,מסעף,,,ביוב,,,,,,160/110,160,110,,87,,,,,,,83364850.jpg,4,https://www.huliot.co.il/product/%D7%9E%D7%A1%D7%A2%D7%A3-%D7%9C%D7%91%D7%99%D7%95%D7%91-16011087/
83366450,מסעף לביוב 160/160/45°,מסעף,,,ביוב,,,,,,160/160,160,160,,45,,,,,,,83366450.jpg,4,https://www.huliot.co.il/product/%D7%9E%D7%A1%D7%A2%D7%A3-%D7%9C%D7%91%D7%99%D7%95%D7%91-16016045/
83366850,מסעף לביוב 160/160/87°,מסעף,,,ביוב,,,,,,160/160,160,160,,87,,,,,,,83366850.jpg,4,https://www.huliot.co.il/product/%D7%9E%D7%A1%D7%A2%D7%A3-%D7%9C%D7%91%D7%99%D7%95%D7%91-16016087/
83388450,מסעף לביוב 200/200/45°,מסעף,,,ביוב,,,,,,200/200,200,200,,45,,,,,,,83388450.jpg,4,https://www.huliot.co.il/product/%D7%9E%D7%A1%D7%A2%D7%A3-%D7%9C%D7%91%D7%99%D7%95%D7%91-200-200-45/
43384450,מסעף לביוב 200/110/45°,מסעף,,,ביוב,,,,,,200/110,200,110,,45,,,,,,,43384450.jpg,4,https://www.huliot.co.il/product/%D7%9E%D7%A1%D7%A2%D7%A3-%D7%9C%D7%91%D7%99%D7%95%D7%91-20011045/
43384850,מסעף לביוב 200/110/87°,מסעף,,,ביוב,,,,,,200/110,200,110,,87,,,,,,,43384850.jpg,4,https://www.huliot.co.il/product/%D7%9E%D7%A1%D7%A2%D7%A3-%D7%9C%D7%91%D7%99%D7%95%D7%91-20011087/
83386450,מסעף לביוב 200/160/45°,מסעף,,,ביוב,,,,,,200/160,200,160,,45,,,,,,,83386450.jpg,4,https://www.huliot.co.il/product/%D7%9E%D7%A1%D7%A2%D7%A3-%D7%9C%D7%91%D7%99%D7%95%D7%91-20016045/
43386850,מסעף לביוב 200/160/87°,מסעף,,,ביוב,,,,,,200/160,200,160,,87,,,,,,,43386850.jpg,4,https://www.huliot.co.il/product/%D7%9E%D7%A1%D7%A2%D7%A3-%D7%9C%D7%91%D7%99%D7%95%D7%91-20016087/
43388450,מסעף לביוב 200/200/45°,מסעף,,,ביוב,,,,,,200/200,200,200,,45,,,,,,,43388450.jpg,4,https://www.huliot.co.il/product/%D7%9E%D7%A1%D7%A2%D7%A3-%D7%9C%D7%91%D7%99%D7%95%D7%91-20020045/
43388850,מסעף לביוב 200/200/87°,מסעף,,,ביוב,,,,,,200/200,200,200,,87,,,,,,,43388850.jpg,4,https://www.huliot.co.il/product/%D7%9E%D7%A1%D7%A2%D7%A3-%D7%9C%D7%91%D7%99%D7%95%D7%91-20020087/
43396850,מסעף לביוב 250/160/87°,מסעף,,,ביוב,,,,,,250/160,250,160,,87,,,,,,,43396850.jpg,4,https://www.huliot.co.il/product/%D7%9E%D7%A1%D7%A2%D7%A3-%D7%9C%D7%91%D7%99%D7%95%D7%91-25016087/
43398450,מסעף לביוב 250/200/45°,מסעף,,,ביוב,,,,,,250/200,250,200,,45,,,,,,,43398450.jpg,4,https://www.huliot.co.il/product/%D7%9E%D7%A1%D7%A2%D7%A3-%D7%9C%D7%91%D7%99%D7%95%D7%91-25020045/
43398850,מסעף לביוב 250/200/87°,מסעף,,,ביוב,,,,,,250/200,250,200,,87,,,,,,,43398850.jpg,4,https://www.huliot.co.il/product/%D7%9E%D7%A1%D7%A2%D7%A3-%D7%9C%D7%91%D7%99%D7%95%D7%91-25020087/
43399450,מסעף לביוב 250/250/45°,מסעף,,,ביוב,,,,,,250/250,250,250,,45,,,,,,,43399450.jpg,4,https://www.huliot.co.il/product/%D7%9E%D7%A1%D7%A2%D7%A3-%D7%9C%D7%91%D7%99%D7%95%D7%91-25025045/
43399850,מסעף לביוב 250/250/87°,מסעף,,,ביוב,,,,,,250/250,250,250,,87,,,,,,,43399850.jpg,4,https://www.huliot.co.il/product/%D7%9E%D7%A1%D7%A2%D7%A3-%D7%9C%D7%91%D7%99%D7%95%D7%91-25025087/
43333830,מסעף לביוב 315/315/87°,מסעף,,,ביוב,,,,,,315/315,315,315,,87,,,,,,,43333830.jpg,4,https://www.huliot.co.il/product/%D7%9E%D7%A1%D7%A2%D7%A3-%D7%9C%D7%91%D7%99%D7%95%D7%91-31531587/
9091025506,"מסעף לריתוך הברגה – תבריג חיצוני 20/""½/20",מסעף,,,,ריתוך,חיצוני,,,,,,,,,"½""",,,,,20 20,9091025506.jpg,5,https://www.huliot.co.il/product/%D7%9E%D7%A1%D7%A2%D7%A3-%D7%9C%D7%A8%D7%99%D7%AA%D7%95%D7%9A-%D7%94%D7%91%D7%A8%D7%92%D7%94-%D7%AA%D7%91%D7%A8%D7%99%D7%92-%D7%97%D7%99%D7%A6%D7%95%D7%A0%D7%99-20%C2%BD20/
9091025006,"מסעף לריתוך הברגה – תבריג פנימי 20/""½/20 נטול עופרת",מסעף,נטול עופרת,,,ריתוך,פנימי,,,,,,,,,"½""",,,,,20 20,9091025006.jpg,4,https://www.huliot.co.il/product/%D7%9E%D7%A1%D7%A2%D7%A3-%D7%9C%D7%A8%D7%99%D7%AA%D7%95%D7%9A-%D7%94%D7%91%D7%A8%D7%92%D7%94-%D7%AA%D7%91%D7%A8%D7%99%D7%92-%D7%A4%D7%A0%D7%99%D7%9E%D7%99-20%C2%BD20/
94618305,"מסעף לריתוך הברגה – תבריג פנימי 20/""¾/20",מסעף,,,,ריתוך,פנימי,,,,,,,,,"¾""",,,,,20 20,94618305.jpg,4,https://www.huliot.co.il/product/%D7%9E%D7%A1%D7%A2%D7%A3-%D7%9C%D7%A8%D7%99%D7%AA%D7%95%D7%9A-%D7%94%D7%91%D7%A8%D7%92%D7%94-%D7%AA%D7%91%D7%A8%D7%99%D7%92-%D7%A4%D7%A0%D7%99%D7%9E%D7%99-20%C2%BE20/
9091025010,"מסעף לריתוך הברגה – תבריג פנימי 25/""½/25 נטול עופרת",מסעף,נטול עופרת,,,ריתוך,פנימי,,,,,,,,,"½""",,,,,25 25,9091025010.jpg,4,https://www.huliot.co.il/product/%D7%9E%D7%A1%D7%A2%D7%A3-%D7%9C%D7%A8%D7%99%D7%AA%D7%95%D7%9A-%D7%94%D7%91%D7%A8%D7%92%D7%94-%D7%AA%D7%91%D7%A8%D7%99%D7%92-%D7%A4%D7%A0%D7%99%D7%9E%D7%99-25%C2%BD25/
94618307,"מסעף לריתוך הברגה – תבריג פנימי 25/""¾/25",מסעף,,,,ריתוך,פנימי,,,,,,,,,"¾""",,,,,25 25,94618307.jpg,4,https://www.huliot.co.il/product/%D7%9E%D7%A1%D7%A2%D7%A3-%D7%9C%D7%A8%D7%99%D7%AA%D7%95%D7%9A-%D7%94%D7%91%D7%A8%D7%92%D7%94-%D7%AA%D7%91%D7%A8%D7%99%D7%92-%D7%A4%D7%A0%D7%99%D7%9E%D7%99-25%C2%BE25/
94618313,"מסעף לריתוך הברגה – תבריג פנימי 32/""½/32",מסעף,,,,ריתוך,פנימי,,,,,,,,,"½""",,,,,32 32,94618313.jpg,4,https://www.huliot.co.il/product/%D7%9E%D7%A1%D7%A2%D7%A3-%D7%9C%D7%A8%D7%99%D7%AA%D7%95%D7%9A-%D7%94%D7%91%D7%A8%D7%92%D7%94-%D7%AA%D7%91%D7%A8%D7%99%D7%92-%D7%A4%D7%A0%D7%99%D7%9E%D7%99-32%C2%BD32/
94618308,"מסעף לריתוך הברגה – תבריג פנימי 32/""¾/32",מסעף,,,,ריתוך,פנימי,,,,,,,,,"¾""",,,,,32 32,94618308.jpg,4,https://www.huliot.co.il/product/%D7%9E%D7%A1%D7%A2%D7%A3-%D7%9C%D7%A8%D7%99%D7%AA%D7%95%D7%9A-%D7%94%D7%91%D7%A8%D7%92%D7%94-%D7%AA%D7%91%D7%A8%D7%99%D7%92-%D7%A4%D7%A0%D7%99%D7%9E%D7%99-32%C2%BE32/
94618309,"מסעף לריתוך הברגה – תבריג פנימי 32/""32/1",מסעף,,,,ריתוך,פנימי,,,,32/2/1,32,2,1,,"3""",,,,,,94618309.jpg,4,https://www.huliot.co.il/product/%D7%9E%D7%A1%D7%A2%D7%A3-%D7%9C%D7%A8%D7%99%D7%AA%D7%95%D7%9A-%D7%94%D7%91%D7%A8%D7%92%D7%94-%D7%AA%D7%91%D7%A8%D7%99%D7%92-%D7%A4%D7%A0%D7%99%D7%9E%D7%99-32321/
9091025018,"מסעף לריתוך הברגה – תבריג פנימי 40/""½/40 נטול עופרת",מסעף,נטול עופרת,,,ריתוך,פנימי,,,,,,,,,"½""",,,,,40 40,9091025018.jpg,5,https://www.huliot.co.il/product/%D7%9E%D7%A1%D7%A2%D7%A3-%D7%9C%D7%A8%D7%99%D7%AA%D7%95%D7%9A-%D7%94%D7%91%D7%A8%D7%92%D7%94-%D7%AA%D7%91%D7%A8%D7%99%D7%92-%D7%A4%D7%A0%D7%99%D7%9E%D7%99-40%C2%BD40/
94618315,"מסעף לריתוך הברגה – תבריג פנימי 40/""¾/40",מסעף,,,,ריתוך,פנימי,,,,,,,,,"¾""",,,,,40 40,94618315.jpg,4,https://www.huliot.co.il/product/%D7%9E%D7%A1%D7%A2%D7%A3-%D7%9C%D7%A8%D7%99%D7%AA%D7%95%D7%9A-%D7%94%D7%91%D7%A8%D7%92%D7%94-%D7%AA%D7%91%D7%A8%D7%99%D7%92-%D7%A4%D7%A0%D7%99%D7%9E%D7%99-40%C2%BE40/
94618312,"מסעף לריתוך הברגה – תבריג פנימי 50/""50/1",מסעף,,,,ריתוך,פנימי,,,,50/0/1,50,0,1,,"5""",,,,,,94618312.jpg,4,https://www.huliot.co.il/product/%D7%9E%D7%A1%D7%A2%D7%A3-%D7%9C%D7%A8%D7%99%D7%AA%D7%95%D7%9A-%D7%94%D7%91%D7%A8%D7%92%D7%94-%D7%AA%D7%91%D7%A8%D7%99%D7%92-%D7%A4%D7%A0%D7%99%D7%9E%D7%99-50501/
40644868,מסעף לשפכים חמים עם ביקורת 110/110/87,מסעף,עם ביקורת,,שפכים חמים,,,,,,110/110/87,110,110,,87,,,,,,,40644868.jpg,4,https://www.huliot.co.il/product/%D7%9E%D7%A1%D7%A2%D7%A3-%D7%9C%D7%A9%D7%A4%D7%9B%D7%99%D7%9D-%D7%97%D7%9E%D7%99%D7%9D-%D7%A2%D7%9D-%D7%91%D7%99%D7%A7%D7%95%D7%A8%D7%AA-11011087-2/
40644869,מסעף לשפכים חמים עם ביקורת 110/110/87,מסעף,עם ביקורת,,שפכים חמים,,,,,,110/110/87,110,110,,87,,,,,,,40644869.jpg,3,https://www.huliot.co.il/product/%D7%9E%D7%A1%D7%A2%D7%A3-%D7%9C%D7%A9%D7%A4%D7%9B%D7%99%D7%9D-%D7%97%D7%9E%D7%99%D7%9D-%D7%A2%D7%9D-%D7%91%D7%99%D7%A7%D7%95%D7%A8%D7%AA-11011087-3/
40644867,מסעף לשפכים חמים עם ביקורת 110/110/87,מסעף,עם ביקורת,,שפכים חמים,,,,,,110/110/87,110,110,,87,,,,,,,40644867.jpg,3,https://www.huliot.co.il/product/%D7%9E%D7%A1%D7%A2%D7%A3-%D7%9C%D7%A9%D7%A4%D7%9B%D7%99%D7%9D-%D7%97%D7%9E%D7%99%D7%9D-%D7%A2%D7%9D-%D7%91%D7%99%D7%A7%D7%95%D7%A8%D7%AA-11011087/
40642867,מסעף לשפכים חמים עם ביקורת 110/50/87,מסעף,עם ביקורת,,שפכים חמים,,,,,,110/50/87,110,50,,87,,,,,,,40642867.jpg,3,https://www.huliot.co.il/product/%D7%9E%D7%A1%D7%A2%D7%A3-%D7%9C%D7%A9%D7%A4%D7%9B%D7%99%D7%9D-%D7%97%D7%9E%D7%99%D7%9D-%D7%A2%D7%9D-%D7%91%D7%99%D7%A7%D7%95%D7%A8%D7%AA-1105087/
40664857,מסעף לשפכים חמים עם ביקורת 160/110/87,מסעף,עם ביקורת,,שפכים חמים,,,,,,160/110/87,160,110,,87,,,,,,,40664857.jpg,4,https://www.huliot.co.il/product/%D7%9E%D7%A1%D7%A2%D7%A3-%D7%9C%D7%A9%D7%A4%D7%9B%D7%99%D7%9D-%D7%97%D7%9E%D7%99%D7%9D-%D7%A2%D7%9D-%D7%91%D7%99%D7%A7%D7%95%D7%A8%D7%AA-16011087/
40666857,מסעף לשפכים חמים עם ביקורת 160/160/87,מסעף,עם ביקורת,,שפכים חמים,,,,,,160/160/87,160,160,,87,,,,,,,40666857.jpg,3,https://www.huliot.co.il/product/%D7%9E%D7%A1%D7%A2%D7%A3-%D7%9C%D7%A9%D7%A4%D7%9B%D7%99%D7%9D-%D7%97%D7%9E%D7%99%D7%9D-%D7%A2%D7%9D-%D7%91%D7%99%D7%A7%D7%95%D7%A8%D7%AA-16016087/
40644460,מסעף לשפכים חמים 110/110/45,מסעף,,,שפכים חמים,,,,,,110/110/45,110,110,,45,,,,,,,40644460.jpg,3,https://www.huliot.co.il/product/%D7%9E%D7%A1%D7%A2%D7%A3-%D7%9C%D7%A9%D7%A4%D7%9B%D7%99%D7%9D-%D7%97%D7%9E%D7%99%D7%9D-11011045/
40644860,מסעף לשפכים חמים 110/110/87,מסעף,,,שפכים חמים,,,,,,110/110/87,110,110,,87,,,,,,,40644860.jpg,3,https://www.huliot.co.il/product/%D7%9E%D7%A1%D7%A2%D7%A3-%D7%9C%D7%A9%D7%A4%D7%9B%D7%99%D7%9D-%D7%97%D7%9E%D7%99%D7%9D-11011087/
40642460,מסעף לשפכים חמים 110/50/45,מסעף,,,שפכים חמים,,,,,,110/50/45,110,50,,45,,,,,,,40642460.jpg,4,https://www.huliot.co.il/product/%D7%9E%D7%A1%D7%A2%D7%A3-%D7%9C%D7%A9%D7%A4%D7%9B%D7%99%D7%9D-%D7%97%D7%9E%D7%99%D7%9D-1105045/
40642860,מסעף לשפכים חמים 110/50/87,מסעף,,,שפכים חמים,,,,,,110/50/87,110,50,,87,,,,,,,40642860.jpg,3,https://www.huliot.co.il/product/%D7%9E%D7%A1%D7%A2%D7%A3-%D7%9C%D7%A9%D7%A4%D7%9B%D7%99%D7%9D-%D7%97%D7%9E%D7%99%D7%9D-1105087/
40643460,מסעף לשפכים חמים 110/75/45,מסעף,,,שפכים חמים,,,,,,110/75/45,110,75,,45,,,,,,,40643460.jpg,3,https://www.huliot.co.il/product/%D7%9E%D7%A1%D7%A2%D7%A3-%D7%9C%D7%A9%D7%A4%D7%9B%D7%99%D7%9D-%D7%97%D7%9E%D7%99%D7%9D-1107545/
40643860,מסעף לשפכים חמים 110/75/87,מסעף,,,שפכים חמים,,,,,,110/75/87,110,75,,87,,,,,,,40643860.jpg,4,https://www.huliot.co.il/product/%D7%9E%D7%A1%D7%A2%D7%A3-%D7%9C%D7%A9%D7%A4%D7%9B%D7%99%D7%9D-%D7%97%D7%9E%D7%99%D7%9D-1107587/
40654860,מסעף לשפכים חמים 125/110/87,מסעף,,,שפכים חמים,,,,,,125/110/87,125,110,,87,,,,,,,40654860.jpg,4,https://www.huliot.co.il/product/%D7%9E%D7%A1%D7%A2%D7%A3-%D7%9C%D7%A9%D7%A4%D7%9B%D7%99%D7%9D-%D7%97%D7%9E%D7%99%D7%9D-12511087/
40652860,מסעף לשפכים חמים 125/50/87,מסעף,,,שפכים חמים,,,,,,125/50/87,125,50,,87,,,,,,,40652860.jpg,3,https://www.huliot.co.il/product/%D7%9E%D7%A1%D7%A2%D7%A3-%D7%9C%D7%A9%D7%A4%D7%9B%D7%99%D7%9D-%D7%97%D7%9E%D7%99%D7%9D-1255087/
40664450,מסעף לשפכים חמים 160/110/45,מסעף,,,שפכים חמים,,,,,,160/110/45,160,110,,45,,,,,,,40664450.jpg,3,https://www.huliot.co.il/product/%D7%9E%D7%A1%D7%A2%D7%A3-%D7%9C%D7%A9%D7%A4%D7%9B%D7%99%D7%9D-%D7%97%D7%9E%D7%99%D7%9D-16011045/
40664860,מסעף לשפכים חמים 160/110/87,מסעף,,,שפכים חמים,,,,,,160/110/87,160,110,,87,,,,,,,40664860.jpg,3,https://www.huliot.co.il/product/%D7%9E%D7%A1%D7%A2%D7%A3-%D7%9C%D7%A9%D7%A4%D7%9B%D7%99%D7%9D-%D7%97%D7%9E%D7%99%D7%9D-16011087/
40666450,מסעף לשפכים חמים 160/160/45,מסעף,,,שפכים חמים,,,,,,160/160/45,160,160,,45,,,,,,,40666450.jpg,4,https://www.huliot.co.il/product/%D7%9E%D7%A1%D7%A2%D7%A3-%D7%9C%D7%A9%D7%A4%D7%9B%D7%99%D7%9D-%D7%97%D7%9E%D7%99%D7%9D-16016045/
40666860,מסעף לשפכים חמים 160/160/87,מסעף,,,שפכים חמים,,,,,,160/160/87,160,160,,87,,,,,,,40666860.jpg,3,https://www.huliot.co.il/product/%D7%9E%D7%A1%D7%A2%D7%A3-%D7%9C%D7%A9%D7%A4%D7%9B%D7%99%D7%9D-%D7%97%D7%9E%D7%99%D7%9D-16016087/
40662860,מסעף לשפכים חמים 160/50/87,מסעף,,,שפכים חמים,,,,,,160/50/87,160,50,,87,,,,,,,40662860.jpg,3,https://www.huliot.co.il/product/%D7%9E%D7%A1%D7%A2%D7%A3-%D7%9C%D7%A9%D7%A4%D7%9B%D7%99%D7%9D-%D7%97%D7%9E%D7%99%D7%9D-1605087/
40611440,מסעף לשפכים חמים 40/40/45,מסעף,,,שפכים חמים,,,,,,40/40/45,40,40,,45,,,,,,,40611440.jpg,4,https://www.huliot.co.il/product/%D7%9E%D7%A1%D7%A2%D7%A3-%D7%9C%D7%A9%D7%A4%D7%9B%D7%99%D7%9D-%D7%97%D7%9E%D7%99%D7%9D-404045/
40611860,מסעף לשפכים חמים 40/40/87,מסעף,,,שפכים חמים,,,,,,40/40/87,40,40,,87,,,,,,,40611860.jpg,3,https://www.huliot.co.il/product/%D7%9E%D7%A1%D7%A2%D7%A3-%D7%9C%D7%A9%D7%A4%D7%9B%D7%99%D7%9D-%D7%97%D7%9E%D7%99%D7%9D-404087/
40621440,מסעף לשפכים חמים 50/40/45,מסעף,,,שפכים חמים,,,,,,50/40/45,50,40,,45,,,,,,,40621440.jpg,3,https://www.huliot.co.il/product/%D7%9E%D7%A1%D7%A2%D7%A3-%D7%9C%D7%A9%D7%A4%D7%9B%D7%99%D7%9D-%D7%97%D7%9E%D7%99%D7%9D-504045/
40621860,מסעף לשפכים חמים 50/40/87,מסעף,,,שפכים חמים,,,,,,50/40/87,50,40,,87,,,,,,,40621860.jpg,3,https://www.huliot.co.il/product/%D7%9E%D7%A1%D7%A2%D7%A3-%D7%9C%D7%A9%D7%A4%D7%9B%D7%99%D7%9D-%D7%97%D7%9E%D7%99%D7%9D-504087/
40622460,מסעף לשפכים חמים 50/50/45,מסעף,,,שפכים חמים,,,,,,50/50/45,50,50,,45,,,,,,,40622460.jpg,4,https://www.huliot.co.il/product/%D7%9E%D7%A1%D7%A2%D7%A3-%D7%9C%D7%A9%D7%A4%D7%9B%D7%99%D7%9D-%D7%97%D7%9E%D7%99%D7%9D-505045/
40622860,מסעף לשפכים חמים 50/50/87,מסעף,,,שפכים חמים,,,,,,50/50/87,50,50,,87,,,,,,,40622860.jpg,3,https://www.huliot.co.il/product/%D7%9E%D7%A1%D7%A2%D7%A3-%D7%9C%D7%A9%D7%A4%D7%9B%D7%99%D7%9D-%D7%97%D7%9E%D7%99%D7%9D-505087/
40632460,מסעף לשפכים חמים 75/50/45,מסעף,,,שפכים חמים,,,,,,75/50/45,75,50,,45,,,,,,,40632460.jpg,3,https://www.huliot.co.il/product/%D7%9E%D7%A1%D7%A2%D7%A3-%D7%9C%D7%A9%D7%A4%D7%9B%D7%99%D7%9D-%D7%97%D7%9E%D7%99%D7%9D-755045/
40632860,מסעף לשפכים חמים 75/50/87,מסעף,,,שפכים חמים,,,,,,75/50/87,75,50,,87,,,,,,,40632860.jpg,3,https://www.huliot.co.il/product/%D7%9E%D7%A1%D7%A2%D7%A3-%D7%9C%D7%A9%D7%A4%D7%9B%D7%99%D7%9D-%D7%97%D7%9E%D7%99%D7%9D-755087/
40633460,מסעף לשפכים חמים 75/75/45,מסעף,,,שפכים חמים,,,,,,75/75/45,75,75,,45,,,,,,,40633460.jpg,3,https://www.huliot.co.il/product/%D7%9E%D7%A1%D7%A2%D7%A3-%D7%9C%D7%A9%D7%A4%D7%9B%D7%99%D7%9D-%D7%97%D7%9E%D7%99%D7%9D-757545/
40633860,מסעף לשפכים חמים 75/75/87,מסעף,,,שפכים חמים,,,,,,75/75/87,75,75,,87,,,,,,,40633860.jpg,3,https://www.huliot.co.il/product/%D7%9E%D7%A1%D7%A2%D7%A3-%D7%9C%D7%A9%D7%A4%D7%9B%D7%99%D7%9D-%D7%97%D7%9E%D7%99%D7%9D-757587/
40644803,מסעף מצרה ימין 110/110/50/100/87,מסעף,מצרה|ימין,,,,,,,,110/110/50/100/87,110,110,50,87,,,,,,,40644803.jpg,4,https://www.huliot.co.il/product/%D7%9E%D7%A1%D7%A2%D7%A3-%D7%9E%D7%A6%D7%A8%D7%94-%D7%99%D7%9E%D7%99%D7%9F-1101105010087/
40644806,מסעף מצרה כפול 110/110/110/100/87,מסעף,מצרה|כפול,,,,,,,,110/110/110/100/87,110,110,110,87,,,,,,,40644806.jpg,3,https://www.huliot.co.il/product/%D7%9E%D7%A1%D7%A2%D7%A3-%D7%9E%D7%A6%D7%A8%D7%94-%D7%9B%D7%A4%D7%95%D7%9C-11011011010087/
40644807,מסעף מצרה כפול 110/110/50/100/87,מסעף,מצרה|כפול,,,,,,,,110/110/50/100/87,110,110,50,87,,,,,,,40644807.jpg,3,https://www.huliot.co.il/product/%D7%9E%D7%A1%D7%A2%D7%A3-%D7%9E%D7%A6%D7%A8%D7%94-%D7%9B%D7%A4%D7%95%D7%9C-1101105010087/
40644805,מסעף מצרה כפול 110/50/50/100/87,מסעף,מצרה|כפול,,,,,,,,110/50/50/100/87,110,50,50,87,,,,,,,40644805.jpg,4,https://www.huliot.co.il/product/%D7%9E%D7%A1%D7%A2%D7%A3-%D7%9E%D7%A6%D7%A8%D7%94-%D7%9B%D7%A4%D7%95%D7%9C-110505010087/
40644845,מסעף מצרה לתיקון 110/110/100,מסעף,מצרה,,,,,,,,110/110/100,110,110,100,,,,,,,לתיקון,40644845.jpg,3,https://www.huliot.co.il/product/%D7%9E%D7%A1%D7%A2%D7%A3-%D7%9E%D7%A6%D7%A8%D7%94-%D7%9C%D7%AA%D7%99%D7%A7%D7%95%D7%9F-110110100/
40642845,מסעף מצרה לתיקון 110/50/100,מסעף,מצרה,,,,,,,,110/50/100,110,50,100,,,,,,,לתיקון,40642845.jpg,3,https://www.huliot.co.il/product/%D7%9E%D7%A1%D7%A2%D7%A3-%D7%9E%D7%A6%D7%A8%D7%94-%D7%9C%D7%AA%D7%99%D7%A7%D7%95%D7%9F-11050100/
40644810,מסעף מצרה פינה כפול  110/50/50/110/100/87,מסעף,מצרה|כפול|פינה,,,,,,,,110/50/50/110/100/87,110,50,50,87,,,,,,,40644810.jpg,3,https://www.huliot.co.il/product/%D7%9E%D7%A1%D7%A2%D7%A3-%D7%9E%D7%A6%D7%A8%D7%94-%D7%A4%D7%99%D7%A0%D7%94-%D7%9B%D7%A4%D7%95%D7%9C-110505011010087/
40644813,מסעף מצרה פינה כפול 50 110/50/50/50/100/87,מסעף,מצרה|כפול|פינה,,,,,,,,110/50/50/50/100/87,110,50,50,87,,,,,,50,40644813.jpg,3,https://www.huliot.co.il/product/%D7%9E%D7%A1%D7%A2%D7%A3-%D7%9E%D7%A6%D7%A8%D7%94-%D7%A4%D7%99%D7%A0%D7%94-%D7%9B%D7%A4%D7%95%D7%9C-50-11050505010087/
40644811,מסעף מצרה פינה שמאל 110/50/50/110/100/87,מסעף,מצרה|פינה שמאל,,,,,,,,110/50/50/110/100/87,110,50,50,87,,,,,,,40644811.jpg,3,https://www.huliot.co.il/product/%D7%9E%D7%A1%D7%A2%D7%A3-%D7%9E%D7%A6%D7%A8%D7%94-%D7%A4%D7%99%D7%A0%D7%94-%D7%A9%D7%9E%D7%90%D7%9C-110505011010087/
40644804,מסעף מצרה פינה 110/110/110/100/87,מסעף,מצרה|פינה,,,,,,,,110/110/110/100/87,110,110,110,87,,,,,,,40644804.jpg,3,https://www.huliot.co.il/product/%D7%9E%D7%A1%D7%A2%D7%A3-%D7%9E%D7%A6%D7%A8%D7%94-%D7%A4%D7%99%D7%A0%D7%94-11011011010087/
40644801,מסעף מצרה פינה 110/50/50/100/87,מסעף,מצרה|פינה,,,,,,,,110/50/50/100/87,110,50,50,87,,,,,,,40644801.jpg,4,https://www.huliot.co.il/product/%D7%9E%D7%A1%D7%A2%D7%A3-%D7%9E%D7%A6%D7%A8%D7%94-%D7%A4%D7%99%D7%A0%D7%94-110505010087/
40644812,מסעף מצרה פינה 110/50/50/110/100/87,מסעף,מצרה|פינה,,,,,,,,110/50/50/110/100/87,110,50,50,87,,,,,,,40644812.jpg,3,https://www.huliot.co.il/product/%D7%9E%D7%A1%D7%A2%D7%A3-%D7%9E%D7%A6%D7%A8%D7%94-%D7%A4%D7%99%D7%A0%D7%94-110505011010087/
40644802,מסעף מצרה שמאל 110/110/50/100/87,מסעף,מצרה|שמאל,,,,,,,,110/110/50/100/87,110,110,50,87,,,,,,,40644802.jpg,3,https://www.huliot.co.il/product/%D7%9E%D7%A1%D7%A2%D7%A3-%D7%9E%D7%A6%D7%A8%D7%94-%D7%A9%D7%9E%D7%90%D7%9C-1101105010087/
94517414,מסעף מצרה  110/63/110,מסעף,מצרה,,,,,,,,110/63/110,110,63,110,,,,,,,,94517414.jpg,4,https://www.huliot.co.il/product/%D7%9E%D7%A1%D7%A2%D7%A3-%D7%9E%D7%A6%D7%A8%D7%94-11063110/
94517416,מסעף מצרה  110/75/110,מסעף,מצרה,,,,,,,,110/75/110,110,75,110,,,,,,,,94517416.jpg,4,https://www.huliot.co.il/product/%D7%9E%D7%A1%D7%A2%D7%A3-%D7%9E%D7%A6%D7%A8%D7%94-11075110/
94517418,מסעף מצרה  110/90/110,מסעף,מצרה,,,,,,,,110/90/110,110,90,110,,,,,,,,94517418.jpg,4,https://www.huliot.co.il/product/%D7%9E%D7%A1%D7%A2%D7%A3-%D7%9E%D7%A6%D7%A8%D7%94-11090110/
94517596,מסעף מצרה  125/110/125,מסעף,מצרה,,,,,,,,125/110/125,125,110,125,,,,,,,,94517596.jpg,5,https://www.huliot.co.il/product/%D7%9E%D7%A1%D7%A2%D7%A3-%D7%9E%D7%A6%D7%A8%D7%94-125110125/
94517594,מסעף מצרה  125/75/125,מסעף,מצרה,,,,,,,,125/75/125,125,75,125,,,,,,,,94517594.jpg,4,https://www.huliot.co.il/product/%D7%9E%D7%A1%D7%A2%D7%A3-%D7%9E%D7%A6%D7%A8%D7%94-12575125/
94517595,מסעף מצרה  125/90/125,מסעף,מצרה,,,,,,,,125/90/125,125,90,125,,,,,,,,94517595.jpg,5,https://www.huliot.co.il/product/%D7%9E%D7%A1%D7%A2%D7%A3-%D7%9E%D7%A6%D7%A8%D7%94-12590125/
992213601,מסעף מצרה  160/75/160 SDR 11,מסעף,מצרה,,,,,,,,160/75/160,160,75,160,,,,,11,,,992213601.jpg,4,https://www.huliot.co.il/product/%D7%9E%D7%A1%D7%A2%D7%A3-%D7%9E%D7%A6%D7%A8%D7%94-16075160-sdr-11/
992213603,מסעף מצרה  160/90/160 SDR 11,מסעף,מצרה,,,,,,,,160/90/160,160,90,160,,,,,11,,,992213603.jpg,3,https://www.huliot.co.il/product/%D7%9E%D7%A1%D7%A2%D7%A3-%D7%9E%D7%A6%D7%A8%D7%94-16090160-sdr-11/
992213613,מסעף מצרה  200/110/200 SDR 11,מסעף,מצרה,,,,,,,,200/110/200,200,110,200,,,,,11,,,992213613.jpg,4,https://www.huliot.co.il/product/%D7%9E%D7%A1%D7%A2%D7%A3-%D7%9E%D7%A6%D7%A8%D7%94-200110200-sdr-11/
992213615,מסעף מצרה  200/125/200 SDR 11,מסעף,מצרה,,,,,,,,200/125/200,200,125,200,,,,,11,,,992213615.jpg,4,https://www.huliot.co.il/product/%D7%9E%D7%A1%D7%A2%D7%A3-%D7%9E%D7%A6%D7%A8%D7%94-200125200-sdr-11/
992213619,מסעף מצרה  200/160/200 SDR 11,מסעף,מצרה,,,,,,,,200/160/200,200,160,200,,,,,11,,,992213619.jpg,5,https://www.huliot.co.il/product/%D7%9E%D7%A1%D7%A2%D7%A3-%D7%9E%D7%A6%D7%A8%D7%94-200160200-sdr-11/
992513618,מסעף מצרה  200/160/200 SDR 17.6,מסעף,מצרה,,,,,,,,200/160/200,200,160,200,,,,,17.6,,,992513618.jpg,5,https://www.huliot.co.il/product/%D7%9E%D7%A1%D7%A2%D7%A3-%D7%9E%D7%A6%D7%A8%D7%94-200160200-sdr-17-6/
992213609,מסעף מצרה  200/75/200 SDR 11,מסעף,מצרה,,,,,,,,200/75/200,200,75,200,,,,,11,,,992213609.jpg,4,https://www.huliot.co.il/product/%D7%9E%D7%A1%D7%A2%D7%A3-%D7%9E%D7%A6%D7%A8%D7%94-20075200-sdr-11/
992213611,מסעף מצרה  200/90/200 SDR 11,מסעף,מצרה,,,,,,,,200/90/200,200,90,200,,,,,11,,,992213611.jpg,3,https://www.huliot.co.il/product/%D7%9E%D7%A1%D7%A2%D7%A3-%D7%9E%D7%A6%D7%A8%D7%94-20090200-sdr-11/
94517251,מסעף מצרה  20/25/20,מסעף,מצרה,,,,,,,,20/25/20,20,25,20,,,,,,,,94517251.jpg,4,https://www.huliot.co.il/product/%D7%9E%D7%A1%D7%A2%D7%A3-%D7%9E%D7%A6%D7%A8%D7%94-202520/
992213629,מסעף מצרה  250/110/250 SDR 11,מסעף,מצרה,,,,,,,,250/110/250,250,110,250,,,,,11,,,992213629.jpg,4,https://www.huliot.co.il/product/%D7%9E%D7%A1%D7%A2%D7%A3-%D7%9E%D7%A6%D7%A8%D7%94-250110250-sdr-11/
992213631,מסעף מצרה  250/125/250 SDR 11,מסעף,מצרה,,,,,,,,250/125/250,250,125,250,,,,,11,,,992213631.jpg,3,https://www.huliot.co.il/product/%D7%9E%D7%A1%D7%A2%D7%A3-%D7%9E%D7%A6%D7%A8%D7%94-250125250-sdr-11/
992213635,מסעף מצרה  250/160/250 SDR 11,מסעף,מצרה,,,,,,,,250/160/250,250,160,250,,,,,11,,,992213635.jpg,5,https://www.huliot.co.il/product/%D7%9E%D7%A1%D7%A2%D7%A3-%D7%9E%D7%A6%D7%A8%D7%94-250160250-sdr-11/
992513634,מסעף מצרה  250/160/250 SDR 17.6,מסעף,מצרה,,,,,,,,250/160/250,250,160,250,,,,,17.6,,,992513634.jpg,5,https://www.huliot.co.il/product/%D7%9E%D7%A1%D7%A2%D7%A3-%D7%9E%D7%A6%D7%A8%D7%94-250160250-sdr-17-6/
992213641,מסעף מצרה  250/200/250 SDR 11,מסעף,מצרה,,,,,,,,250/200/250,250,200,250,,,,,11,,,992213641.jpg,4,https://www.huliot.co.il/product/%D7%9E%D7%A1%D7%A2%D7%A3-%D7%9E%D7%A6%D7%A8%D7%94-250200250-sdr-11/
992513640,מסעף מצרה  250/200/250 SDR 17.6,מסעף,מצרה,,,,,,,,250/200/250,250,200,250,,,,,17.6,,,992513640.jpg,5,https://www.huliot.co.il/product/%D7%9E%D7%A1%D7%A2%D7%A3-%D7%9E%D7%A6%D7%A8%D7%94-250200250-sdr-17-6/
992213625,מסעף מצרה  250/75/250 SDR 11,מסעף,מצרה,,,,,,,,250/75/250,250,75,250,,,,,11,,,992213625.jpg,4,https://www.huliot.co.il/product/%D7%9E%D7%A1%D7%A2%D7%A3-%D7%9E%D7%A6%D7%A8%D7%94-25075250-sdr-11/
992213627,מסעף מצרה  250/90/250 SDR 11,מסעף,מצרה,,,,,,,,250/90/250,250,90,250,,,,,11,,,992213627.jpg,4,https://www.huliot.co.il/product/%D7%9E%D7%A1%D7%A2%D7%A3-%D7%9E%D7%A6%D7%A8%D7%94-25090250-sdr-11/
94517250,מסעף מצרה  25/20/20,מסעף,מצרה,,,,,,,,25/20/20,25,20,20,,,,,,,,94517250.jpg,5,https://www.huliot.co.il/product/%D7%9E%D7%A1%D7%A2%D7%A3-%D7%9E%D7%A6%D7%A8%D7%94-252020/
94517254,מסעף מצרה  25/20/25,מסעף,מצרה,,,,,,,,25/20/25,25,20,25,,,,,,,,94517254.jpg,4,https://www.huliot.co.il/product/%D7%9E%D7%A1%D7%A2%D7%A3-%D7%9E%D7%A6%D7%A8%D7%94-252025/
40644814,מסעף מצרה 3 כניסות 50 2*110/3*50/100/87,מסעף,מצרה,,,,,,,,110/3,110,3,,,,,,,,3 כניסות 50 2* *50 100 87,40644814.jpg,3,https://www.huliot.co.il/product/%D7%9E%D7%A1%D7%A2%D7%A3-%D7%9E%D7%A6%D7%A8%D7%94-3-%D7%9B%D7%A0%D7%99%D7%A1%D7%95%D7%AA-50-211035010087/
94517261,מסעף מצרה  32/20/20,מסעף,מצרה,,,,,,,,32/20/20,32,20,20,,,,,,,,94517261.jpg,4,https://www.huliot.co.il/product/%D7%9E%D7%A1%D7%A2%D7%A3-%D7%9E%D7%A6%D7%A8%D7%94-322020/
94517273,מסעף מצרה  32/20/32,מסעף,מצרה,,,,,,,,32/20/32,32,20,32,,,,,,,,94517273.jpg,5,https://www.huliot.co.il/product/%D7%9E%D7%A1%D7%A2%D7%A3-%D7%9E%D7%A6%D7%A8%D7%94-322032/
94517269,מסעף מצרה  32/25/25,מסעף,מצרה,,,,,,,,32/25/25,32,25,25,,,,,,,,94517269.jpg,4,https://www.huliot.co.il/product/%D7%9E%D7%A1%D7%A2%D7%A3-%D7%9E%D7%A6%D7%A8%D7%94-322525/
94517275,מסעף מצרה  32/25/32,מסעף,מצרה,,,,,,,,32/25/32,32,25,32,,,,,,,,94517275.jpg,4,https://www.huliot.co.il/product/%D7%9E%D7%A1%D7%A2%D7%A3-%D7%9E%D7%A6%D7%A8%D7%94-322532/
94517305,מסעף מצרה  40/20/40,מסעף,מצרה,,,,,,,,40/20/40,40,20,40,,,,,,,,94517305.jpg,4,https://www.huliot.co.il/product/%D7%9E%D7%A1%D7%A2%D7%A3-%D7%9E%D7%A6%D7%A8%D7%94-402040/
94517307,מסעף מצרה  40/25/40,מסעף,מצרה,,,,,,,,40/25/40,40,25,40,,,,,,,,94517307.jpg,5,https://www.huliot.co.il/product/%D7%9E%D7%A1%D7%A2%D7%A3-%D7%9E%D7%A6%D7%A8%D7%94-402540/
94517309,מסעף מצרה  40/32/40,מסעף,מצרה,,,,,,,,40/32/40,40,32,40,,,,,,,,94517309.jpg,5,https://www.huliot.co.il/product/%D7%9E%D7%A1%D7%A2%D7%A3-%D7%9E%D7%A6%D7%A8%D7%94-403240/
94517333,מסעף מצרה  50/2050,מסעף,מצרה,,,,,,,,50/2050,50,2050,,,,,,,,,94517333.jpg,4,https://www.huliot.co.il/product/%D7%9E%D7%A1%D7%A2%D7%A3-%D7%9E%D7%A6%D7%A8%D7%94-502050/
94517334,מסעף מצרה  50/25/50,מסעף,מצרה,,,,,,,,50/25/50,50,25,50,,,,,,,,94517334.jpg,4,https://www.huliot.co.il/product/%D7%9E%D7%A1%D7%A2%D7%A3-%D7%9E%D7%A6%D7%A8%D7%94-502550/
94517336,מסעף מצרה  50/32/50,מסעף,מצרה,,,,,,,,50/32/50,50,32,50,,,,,,,,94517336.jpg,5,https://www.huliot.co.il/product/%D7%9E%D7%A1%D7%A2%D7%A3-%D7%9E%D7%A6%D7%A8%D7%94-503250/
94517338,מסעף מצרה  50/40/50,מסעף,מצרה,,,,,,,,50/40/50,50,40,50,,,,,,,,94517338.jpg,4,https://www.huliot.co.il/product/%D7%9E%D7%A1%D7%A2%D7%A3-%D7%9E%D7%A6%D7%A8%D7%94-504050/
94517351,מסעף מצרה  63/20/63,מסעף,מצרה,,,,,,,,63/20/63,63,20,63,,,,,,,,94517351.jpg,5,https://www.huliot.co.il/product/%D7%9E%D7%A1%D7%A2%D7%A3-%D7%9E%D7%A6%D7%A8%D7%94-632063/
94517352,מסעף מצרה  63/25/63,מסעף,מצרה,,,,,,,,63/25/63,63,25,63,,,,,,,,94517352.jpg,4,https://www.huliot.co.il/product/%D7%9E%D7%A1%D7%A2%D7%A3-%D7%9E%D7%A6%D7%A8%D7%94-632563/
94517354,מסעף מצרה  63/32/63,מסעף,מצרה,,,,,,,,63/32/63,63,32,63,,,,,,,,94517354.jpg,3,https://www.huliot.co.il/product/%D7%9E%D7%A1%D7%A2%D7%A3-%D7%9E%D7%A6%D7%A8%D7%94-633263/
94517356,מסעף מצרה  63/40/63,מסעף,מצרה,,,,,,,,63/40/63,63,40,63,,,,,,,,94517356.jpg,4,https://www.huliot.co.il/product/%D7%9E%D7%A1%D7%A2%D7%A3-%D7%9E%D7%A6%D7%A8%D7%94-634063/
94517358,מסעף מצרה  63/50/63,מסעף,מצרה,,,,,,,,63/50/63,63,50,63,,,,,,,,94517358.jpg,5,https://www.huliot.co.il/product/%D7%9E%D7%A1%D7%A2%D7%A3-%D7%9E%D7%A6%D7%A8%D7%94-635063/
94517369,מסעף מצרה  75/20/75,מסעף,מצרה,,,,,,,,75/20/75,75,20,75,,,,,,,,94517369.jpg,5,https://www.huliot.co.il/product/%D7%9E%D7%A1%D7%A2%D7%A3-%D7%9E%D7%A6%D7%A8%D7%94-752075/
94517370,מסעף מצרה  75/25/75,מסעף,מצרה,,,,,,,,75/25/75,75,25,75,,,,,,,,94517370.jpg,5,https://www.huliot.co.il/product/%D7%9E%D7%A1%D7%A2%D7%A3-%D7%9E%D7%A6%D7%A8%D7%94-752575/
94517372,מסעף מצרה  75/32/75,מסעף,מצרה,,,,,,,,75/32/75,75,32,75,,,,,,,,94517372.jpg,4,https://www.huliot.co.il/product/%D7%9E%D7%A1%D7%A2%D7%A3-%D7%9E%D7%A6%D7%A8%D7%94-753275/
94517374,מסעף מצרה  75/40/75,מסעף,מצרה,,,,,,,,75/40/75,75,40,75,,,,,,,,94517374.jpg,4,https://www.huliot.co.il/product/%D7%9E%D7%A1%D7%A2%D7%A3-%D7%9E%D7%A6%D7%A8%D7%94-754075/
94517376,מסעף מצרה  75/50/75,מסעף,מצרה,,,,,,,,75/50/75,75,50,75,,,,,,,,94517376.jpg,4,https://www.huliot.co.il/product/%D7%9E%D7%A1%D7%A2%D7%A3-%D7%9E%D7%A6%D7%A8%D7%94-755075/
94517378,מסעף מצרה  75/63/75,מסעף,מצרה,,,,,,,,75/63/75,75,63,75,,,,,,,,94517378.jpg,4,https://www.huliot.co.il/product/%D7%9E%D7%A1%D7%A2%D7%A3-%D7%9E%D7%A6%D7%A8%D7%94-756375/
94517392,מסעף מצרה  90/32/90,מסעף,מצרה,,,,,,,,90/32/90,90,32,,90,,,,,,,94517392.jpg,5,https://www.huliot.co.il/product/%D7%9E%D7%A1%D7%A2%D7%A3-%D7%9E%D7%A6%D7%A8%D7%94-903290/
94517393,מסעף מצרה  90/40/90,מסעף,מצרה,,,,,,,,90/40/90,90,40,,90,,,,,,,94517393.jpg,4,https://www.huliot.co.il/product/%D7%9E%D7%A1%D7%A2%D7%A3-%D7%9E%D7%A6%D7%A8%D7%94-904090/
94517394,מסעף מצרה  90/50/90,מסעף,מצרה,,,,,,,,90/50/90,90,50,,90,,,,,,,94517394.jpg,4,https://www.huliot.co.il/product/%D7%9E%D7%A1%D7%A2%D7%A3-%D7%9E%D7%A6%D7%A8%D7%94-905090/
94517396,מסעף מצרה  90/63/90,מסעף,מצרה,,,,,,,,90/63/90,90,63,,90,,,,,,,94517396.jpg,5,https://www.huliot.co.il/product/%D7%9E%D7%A1%D7%A2%D7%A3-%D7%9E%D7%A6%D7%A8%D7%94-906390/
94517398,מסעף מצרה  90/75/90,מסעף,מצרה,,,,,,,,90/75/90,90,75,,90,,,,,,,94517398.jpg,5,https://www.huliot.co.il/product/%D7%9E%D7%A1%D7%A2%D7%A3-%D7%9E%D7%A6%D7%A8%D7%94-907590/
72065450,מסעף מצרה SmartLock™ 45°,מסעף,מצרה,SmartLock,,,,,,,,,,,45,,,,,,,72065450.jpg,5,https://www.huliot.co.il/product/%D7%9E%D7%A1%D7%A2%D7%A3-%D7%9E%D7%A6%D7%A8%D7%94-smartlock-45-2/
70665463,מסעף מצרה SmartLock™ 45°,מסעף,מצרה,SmartLock,,,,,,,,,,,45,,,,,,,70665463.jpg,5,https://www.huliot.co.il/product/%D7%9E%D7%A1%D7%A2%D7%A3-%D7%9E%D7%A6%D7%A8%D7%94-smartlock-45-3/
70654460,מסעף מצרה SmartLock™ 45°,מסעף,מצרה,SmartLock,,,,,,,,,,,45,,,,,,,70654460.jpg,6,https://www.huliot.co.il/product/%D7%9E%D7%A1%D7%A2%D7%A3-%D7%9E%D7%A6%D7%A8%D7%94-smartlock-45/
70654860,מסעף מצרה SmartLock™ 50/40/50/90°,מסעף,מצרה,SmartLock,,,,,,,50/40/50,50,40,50,90,,,,,,,70654860.jpg,6,https://www.huliot.co.il/product/%D7%9E%D7%A1%D7%A2%D7%A3-%D7%9E%D7%A6%D7%A8%D7%94-smartlock-50-40-50-90/
7870744870,מסעף סוחף אולטרה סיילנט פלוס  בקוטר 110/110,מסעף,סוחף,Ultra Silent Plus,,,,,,,110/110,110,110,,,,,,,,,7870744870.jpg,4,https://www.huliot.co.il/product/%D7%9E%D7%A1%D7%A2%D7%A3-%D7%A1%D7%95%D7%97%D7%A3-%D7%90%D7%95%D7%9C%D7%98%D7%A8%D7%94-%D7%A1%D7%99%D7%99%D7%9C%D7%A0%D7%98-%D7%A4%D7%9C%D7%95%D7%A1-%D7%91%D7%A7%D7%95%D7%98%D7%A8-110110/
7870754870,מסעף סוחף אולטרה סיילנט פלוס  בקוטר 125/110,מסעף,סוחף,Ultra Silent Plus,,,,,,,125/110,125,110,,,,,,,,,7870754870.jpg,5,https://www.huliot.co.il/product/%D7%9E%D7%A1%D7%A2%D7%A3-%D7%A1%D7%95%D7%97%D7%A3-%D7%90%D7%95%D7%9C%D7%98%D7%A8%D7%94-%D7%A1%D7%99%D7%99%D7%9C%D7%A0%D7%98-%D7%A4%D7%9C%D7%95%D7%A1-%D7%91%D7%A7%D7%95%D7%98%D7%A8-125110/
7870764870,מסעף סוחף אולטרה סיילנט פלוס  בקוטר 160/110,מסעף,סוחף,Ultra Silent Plus,,,,,,,160/110,160,110,,,,,,,,,7870764870.jpg,5,https://www.huliot.co.il/product/%D7%9E%D7%A1%D7%A2%D7%A3-%D7%A1%D7%95%D7%97%D7%A3-%D7%90%D7%95%D7%9C%D7%98%D7%A8%D7%94-%D7%A1%D7%99%D7%99%D7%9C%D7%A0%D7%98-%D7%A4%D7%9C%D7%95%D7%A1-%D7%91%D7%A7%D7%95%D7%98%D7%A8-160110/
7070744877,מסעף סוחף אולטרה סיילנט 87.5° בקוטר 110/110 עם ביקורת גב,מסעף,עם ביקורת גב|סוחף,Ultra Silent,,,,,,,110/110,110,110,,87.5,,,,,,,7070744877.jpg,6,https://www.huliot.co.il/product/%D7%9E%D7%A1%D7%A2%D7%A3-%D7%A1%D7%95%D7%97%D7%A3-%D7%90%D7%95%D7%9C%D7%98%D7%A8%D7%94-%D7%A1%D7%99%D7%99%D7%9C%D7%A0%D7%98-87-5-%D7%91%D7%A7%D7%95%D7%98%D7%A8-110-110-%D7%A2%D7%9D-%D7%91%D7%99/
7070744870,מסעף סוחף אולטרה סיילנט 87.5° בקוטר 110/110,מסעף,סוחף,Ultra Silent,,,,,,,110/110,110,110,,87.5,,,,,,,7070744870.jpg,5,https://www.huliot.co.il/product/%D7%9E%D7%A1%D7%A2%D7%A3-%D7%A1%D7%95%D7%97%D7%A3-%D7%90%D7%95%D7%9C%D7%98%D7%A8%D7%94-%D7%A1%D7%99%D7%99%D7%9C%D7%A0%D7%98-87-5-%D7%91%D7%A7%D7%95%D7%98%D7%A8-110110/
7070743870,מסעף סוחף אולטרה סיילנט 87.5° בקוטר 110/75,מסעף,סוחף,Ultra Silent,,,,,,,110/75,110,75,,87.5,,,,,,,7070743870.jpg,6,https://www.huliot.co.il/product/%D7%9E%D7%A1%D7%A2%D7%A3-%D7%A1%D7%95%D7%97%D7%A3-%D7%90%D7%95%D7%9C%D7%98%D7%A8%D7%94-%D7%A1%D7%99%D7%99%D7%9C%D7%A0%D7%98-87-5-%D7%91%D7%A7%D7%95%D7%98%D7%A8-11075/
7070749870,מסעף סוחף אולטרה סיילנט 87.5° בקוטר 110/90,מסעף,סוחף,Ultra Silent,,,,,,,110/90,110,90,,87.5,,,,,,,7070749870.jpg,6,https://www.huliot.co.il/product/%D7%9E%D7%A1%D7%A2%D7%A3-%D7%A1%D7%95%D7%97%D7%A3-%D7%90%D7%95%D7%9C%D7%98%D7%A8%D7%94-%D7%A1%D7%99%D7%99%D7%9C%D7%A0%D7%98-87-5-%D7%91%D7%A7%D7%95%D7%98%D7%A8-11090/
7070754870,מסעף סוחף אולטרה סיילנט 87.5° בקוטר 125/110,מסעף,סוחף,Ultra Silent,,,,,,,125/110,125,110,,87.5,,,,,,,7070754870.jpg,5,https://www.huliot.co.il/product/%D7%9E%D7%A1%D7%A2%D7%A3-%D7%A1%D7%95%D7%97%D7%A3-%D7%90%D7%95%D7%9C%D7%98%D7%A8%D7%94-%D7%A1%D7%99%D7%99%D7%9C%D7%A0%D7%98-87-5-%D7%91%D7%A7%D7%95%D7%98%D7%A8-125110/
7070764870,מסעף סוחף אולטרה סיילנט 87.5° בקוטר 160/110,מסעף,סוחף,Ultra Silent,,,,,,,160/110,160,110,,87.5,,,,,,,7070764870.jpg,6,https://www.huliot.co.il/product/%D7%9E%D7%A1%D7%A2%D7%A3-%D7%A1%D7%95%D7%97%D7%A3-%D7%90%D7%95%D7%9C%D7%98%D7%A8%D7%94-%D7%A1%D7%99%D7%99%D7%9C%D7%A0%D7%98-87-5-%D7%91%D7%A7%D7%95%D7%98%D7%A8-160110/
7070799870,מסעף סוחף אולטרה סיילנט 87.5° בקוטר 90/90,מסעף,סוחף,Ultra Silent,,,,,,,90/90,90,90,,87.5,,,,,,,7070799870.jpg,6,https://www.huliot.co.il/product/%D7%9E%D7%A1%D7%A2%D7%A3-%D7%A1%D7%95%D7%97%D7%A3-%D7%90%D7%95%D7%9C%D7%98%D7%A8%D7%94-%D7%A1%D7%99%D7%99%D7%9C%D7%A0%D7%98-87-5-%D7%91%D7%A7%D7%95%D7%98%D7%A8-9090/
7871244870,מסעף פינה אולטרה סיילנט פלוס 87.5° בקוטר 110/110/110,מסעף,פינה,Ultra Silent Plus,,,,,,,110/110/110,110,110,110,87.5,,,,,,,7871244870.jpg,6,https://www.huliot.co.il/product/%D7%9E%D7%A1%D7%A2%D7%A3-%D7%A4%D7%99%D7%A0%D7%94-%D7%90%D7%95%D7%9C%D7%98%D7%A8%D7%94-%D7%A1%D7%99%D7%99%D7%9C%D7%A0%D7%98-%D7%A4%D7%9C%D7%95%D7%A1-87-5-%D7%91%D7%A7%D7%95%D7%98%D7%A8-1101101/
7871242870,מסעף פינה אולטרה סיילנט פלוס 87.5° בקוטר 110/50/50,מסעף,פינה,Ultra Silent Plus,,,,,,,110/50/50,110,50,50,87.5,,,,,,,7871242870.jpg,4,https://www.huliot.co.il/product/%D7%9E%D7%A1%D7%A2%D7%A3-%D7%A4%D7%99%D7%A0%D7%94-%D7%90%D7%95%D7%9C%D7%98%D7%A8%D7%94-%D7%A1%D7%99%D7%99%D7%9C%D7%A0%D7%98-%D7%A4%D7%9C%D7%95%D7%A1-87-5-%D7%91%D7%A7%D7%95%D7%98%D7%A8-1105050/
7871254870,מסעף פינה אולטרה סיילנט פלוס 87.5° בקוטר 125/110/110,מסעף,פינה,Ultra Silent Plus,,,,,,,125/110/110,125,110,110,87.5,,,,,,,7871254870.jpg,6,https://www.huliot.co.il/product/%D7%9E%D7%A1%D7%A2%D7%A3-%D7%A4%D7%99%D7%A0%D7%94-%D7%90%D7%95%D7%9C%D7%98%D7%A8%D7%94-%D7%A1%D7%99%D7%99%D7%9C%D7%A0%D7%98-%D7%A4%D7%9C%D7%95%D7%A1-87-5-%D7%91%D7%A7%D7%95%D7%98%D7%A8-1251101/
7871252870,מסעף פינה אולטרה סיילנט פלוס 87.5° בקוטר 125/50/50,מסעף,פינה,Ultra Silent Plus,,,,,,,125/50/50,125,50,50,87.5,,,,,,,7871252870.jpg,5,https://www.huliot.co.il/product/%D7%9E%D7%A1%D7%A2%D7%A3-%D7%A4%D7%99%D7%A0%D7%94-%D7%90%D7%95%D7%9C%D7%98%D7%A8%D7%94-%D7%A1%D7%99%D7%99%D7%9C%D7%A0%D7%98-%D7%A4%D7%9C%D7%95%D7%A1-87-5-%D7%91%D7%A7%D7%95%D7%98%D7%A8-1255050/
7871264870,מסעף פינה אולטרה סיילנט פלוס 87.5° בקוטר 160/110/110,מסעף,פינה,Ultra Silent Plus,,,,,,,160/110/110,160,110,110,87.5,,,,,,,7871264870.jpg,5,https://www.huliot.co.il/product/%D7%9E%D7%A1%D7%A2%D7%A3-%D7%A4%D7%99%D7%A0%D7%94-%D7%90%D7%95%D7%9C%D7%98%D7%A8%D7%94-%D7%A1%D7%99%D7%99%D7%9C%D7%A0%D7%98-%D7%A4%D7%9C%D7%95%D7%A1-87-5-%D7%91%D7%A7%D7%95%D7%98%D7%A8-1601101/
7871262870,מסעף פינה אולטרה סיילנט פלוס 87.5° בקוטר 160/50/50,מסעף,פינה,Ultra Silent Plus,,,,,,,160/50/50,160,50,50,87.5,,,,,,,7871262870.jpg,5,https://www.huliot.co.il/product/%D7%9E%D7%A1%D7%A2%D7%A3-%D7%A4%D7%99%D7%A0%D7%94-%D7%90%D7%95%D7%9C%D7%98%D7%A8%D7%94-%D7%A1%D7%99%D7%99%D7%9C%D7%A0%D7%98-%D7%A4%D7%9C%D7%95%D7%A1-87-5-%D7%91%D7%A7%D7%95%D7%98%D7%A8-1605050/
7071244870,מסעף פינה אולטרה סיילנט 87.5° בקוטר 110/110/110,מסעף,פינה,Ultra Silent,,,,,,,110/110/110,110,110,110,87.5,,,,,,,7071244870.jpg,6,https://www.huliot.co.il/product/%D7%9E%D7%A1%D7%A2%D7%A3-%D7%A4%D7%99%D7%A0%D7%94-%D7%90%D7%95%D7%9C%D7%98%D7%A8%D7%94-%D7%A1%D7%99%D7%99%D7%9C%D7%A0%D7%98-87-5-%D7%91%D7%A7%D7%95%D7%98%D7%A8-110110110/
7071242870,מסעף פינה אולטרה סיילנט 87.5° בקוטר 110/50/50,מסעף,פינה,Ultra Silent,,,,,,,110/50/50,110,50,50,87.5,,,,,,,7071242870.jpg,6,https://www.huliot.co.il/product/%D7%9E%D7%A1%D7%A2%D7%A3-%D7%A4%D7%99%D7%A0%D7%94-%D7%90%D7%95%D7%9C%D7%98%D7%A8%D7%94-%D7%A1%D7%99%D7%99%D7%9C%D7%A0%D7%98-87-5-%D7%91%D7%A7%D7%95%D7%98%D7%A8-1105050/
7071247870,מסעף פינה אולטרה סיילנט 87.5° בקוטר 110/63/63,מסעף,פינה,Ultra Silent,,,,,,,110/63/63,110,63,63,87.5,,,,,,,7071247870.jpg,6,https://www.huliot.co.il/product/%D7%9E%D7%A1%D7%A2%D7%A3-%D7%A4%D7%99%D7%A0%D7%94-%D7%90%D7%95%D7%9C%D7%98%D7%A8%D7%94-%D7%A1%D7%99%D7%99%D7%9C%D7%A0%D7%98-87-5-%D7%91%D7%A7%D7%95%D7%98%D7%A8-1106363/
7071243870,מסעף פינה אולטרה סיילנט 87.5° בקוטר 110/75/75,מסעף,פינה,Ultra Silent,,,,,,,110/75/75,110,75,75,87.5,,,,,,,7071243870.jpg,6,https://www.huliot.co.il/product/%D7%9E%D7%A1%D7%A2%D7%A3-%D7%A4%D7%99%D7%A0%D7%94-%D7%90%D7%95%D7%9C%D7%98%D7%A8%D7%94-%D7%A1%D7%99%D7%99%D7%9C%D7%A0%D7%98-87-5-%D7%91%D7%A7%D7%95%D7%98%D7%A8-1107575/
7071254870,מסעף פינה אולטרה סיילנט 87.5° בקוטר 125/110/110,מסעף,פינה,Ultra Silent,,,,,,,125/110/110,125,110,110,87.5,,,,,,,7071254870.jpg,6,https://www.huliot.co.il/product/%D7%9E%D7%A1%D7%A2%D7%A3-%D7%A4%D7%99%D7%A0%D7%94-%D7%90%D7%95%D7%9C%D7%98%D7%A8%D7%94-%D7%A1%D7%99%D7%99%D7%9C%D7%A0%D7%98-87-5-%D7%91%D7%A7%D7%95%D7%98%D7%A8-125110110/
7071252870,מסעף פינה אולטרה סיילנט 87.5° בקוטר 125/50/50,מסעף,פינה,Ultra Silent,,,,,,,125/50/50,125,50,50,87.5,,,,,,,7071252870.jpg,6,https://www.huliot.co.il/product/%D7%9E%D7%A1%D7%A2%D7%A3-%D7%A4%D7%99%D7%A0%D7%94-%D7%90%D7%95%D7%9C%D7%98%D7%A8%D7%94-%D7%A1%D7%99%D7%99%D7%9C%D7%A0%D7%98-87-5-%D7%91%D7%A7%D7%95%D7%98%D7%A8-1255050/
7071257870,מסעף פינה אולטרה סיילנט 87.5° בקוטר 125/63/63,מסעף,פינה,Ultra Silent,,,,,,,125/63/63,125,63,63,87.5,,,,,,,7071257870.jpg,6,https://www.huliot.co.il/product/%D7%9E%D7%A1%D7%A2%D7%A3-%D7%A4%D7%99%D7%A0%D7%94-%D7%90%D7%95%D7%9C%D7%98%D7%A8%D7%94-%D7%A1%D7%99%D7%99%D7%9C%D7%A0%D7%98-87-5-%D7%91%D7%A7%D7%95%D7%98%D7%A8-1256363/
7071263870,מסעף פינה אולטרה סיילנט 87.5° בקוטר 160/75/75,מסעף,פינה,Ultra Silent,,,,,,,160/75/75,160,75,75,87.5,,,,,,,7071263870.jpg,6,https://www.huliot.co.il/product/%D7%9E%D7%A1%D7%A2%D7%A3-%D7%A4%D7%99%D7%A0%D7%94-%D7%90%D7%95%D7%9C%D7%98%D7%A8%D7%94-%D7%A1%D7%99%D7%99%D7%9C%D7%A0%D7%98-87-5-%D7%91%D7%A7%D7%95%D7%98%D7%A8-160-75-75/
7071264870,מסעף פינה אולטרה סיילנט 87.5° בקוטר 160/110/110,מסעף,פינה,Ultra Silent,,,,,,,160/110/110,160,110,110,87.5,,,,,,,7071264870.jpg,6,https://www.huliot.co.il/product/%D7%9E%D7%A1%D7%A2%D7%A3-%D7%A4%D7%99%D7%A0%D7%94-%D7%90%D7%95%D7%9C%D7%98%D7%A8%D7%94-%D7%A1%D7%99%D7%99%D7%9C%D7%A0%D7%98-87-5-%D7%91%D7%A7%D7%95%D7%98%D7%A8-160110110/
7071262870,מסעף פינה אולטרה סיילנט 87.5° בקוטר 160/50/50,מסעף,פינה,Ultra Silent,,,,,,,160/50/50,160,50,50,87.5,,,,,,,7071262870.jpg,6,https://www.huliot.co.il/product/%D7%9E%D7%A1%D7%A2%D7%A3-%D7%A4%D7%99%D7%A0%D7%94-%D7%90%D7%95%D7%9C%D7%98%D7%A8%D7%94-%D7%A1%D7%99%D7%99%D7%9C%D7%A0%D7%98-87-5-%D7%91%D7%A7%D7%95%D7%98%D7%A8-1605050/
7071267870,מסעף פינה אולטרה סיילנט 87.5° בקוטר 160/63/63,מסעף,פינה,Ultra Silent,,,,,,,160/63/63,160,63,63,87.5,,,,,,,7071267870.jpg,5,https://www.huliot.co.il/product/%D7%9E%D7%A1%D7%A2%D7%A3-%D7%A4%D7%99%D7%A0%D7%94-%D7%90%D7%95%D7%9C%D7%98%D7%A8%D7%94-%D7%A1%D7%99%D7%99%D7%9C%D7%A0%D7%98-87-5-%D7%91%D7%A7%D7%95%D7%98%D7%A8-1606363/
41244850,מסעף פינה לשפכים חמים 110/110/110/87,מסעף,פינה,,שפכים חמים,,,,,,110/110/110/87,110,110,110,87,,,,,,,41244850.jpg,3,https://www.huliot.co.il/product/%D7%9E%D7%A1%D7%A2%D7%A3-%D7%A4%D7%99%D7%A0%D7%94-%D7%9C%D7%A9%D7%A4%D7%9B%D7%99%D7%9D-%D7%97%D7%9E%D7%99%D7%9D-11011011087/
41242450,מסעף פינה לשפכים חמים 110/50/50/45,מסעף,פינה,,שפכים חמים,,,,,,110/50/50/45,110,50,50,45,,,,,,,41242450.jpg,3,https://www.huliot.co.il/product/%D7%9E%D7%A1%D7%A2%D7%A3-%D7%A4%D7%99%D7%A0%D7%94-%D7%9C%D7%A9%D7%A4%D7%9B%D7%99%D7%9D-%D7%97%D7%9E%D7%99%D7%9D-110505045/
41242850,מסעף פינה לשפכים חמים 110/50/50/87,מסעף,פינה,,שפכים חמים,,,,,,110/50/50/87,110,50,50,87,,,,,,,41242850.jpg,3,https://www.huliot.co.il/product/%D7%9E%D7%A1%D7%A2%D7%A3-%D7%A4%D7%99%D7%A0%D7%94-%D7%9C%D7%A9%D7%A4%D7%9B%D7%99%D7%9D-%D7%97%D7%9E%D7%99%D7%9D-110505087/
41252860,מסעף פינה לשפכים חמים 125/50/50/87,מסעף,פינה,,שפכים חמים,,,,,,125/50/50/87,125,50,50,87,,,,,,,41252860.jpg,3,https://www.huliot.co.il/product/%D7%9E%D7%A1%D7%A2%D7%A3-%D7%A4%D7%99%D7%A0%D7%94-%D7%9C%D7%A9%D7%A4%D7%9B%D7%99%D7%9D-%D7%97%D7%9E%D7%99%D7%9D-125505087/
41264850,מסעף פינה לשפכים חמים 160/110/110/87,מסעף,פינה,,שפכים חמים,,,,,,160/110/110/87,160,110,110,87,,,,,,,41264850.jpg,4,https://www.huliot.co.il/product/%D7%9E%D7%A1%D7%A2%D7%A3-%D7%A4%D7%99%D7%A0%D7%94-%D7%9C%D7%A9%D7%A4%D7%9B%D7%99%D7%9D-%D7%97%D7%9E%D7%99%D7%9D-16011011087/
41262850,מסעף פינה לשפכים חמים 160/50/50/87,מסעף,פינה,,שפכים חמים,,,,,,160/50/50/87,160,50,50,87,,,,,,,41262850.jpg,4,https://www.huliot.co.il/product/%D7%9E%D7%A1%D7%A2%D7%A3-%D7%A4%D7%99%D7%A0%D7%94-%D7%9C%D7%A9%D7%A4%D7%9B%D7%99%D7%9D-%D7%97%D7%9E%D7%99%D7%9D-160505087/
94117210,מסעף 110,מסעף,,,,,,,,,110,110,,,,,,,,,,94117210.jpg,3,https://www.huliot.co.il/product/%D7%9E%D7%A1%D7%A2%D7%A3-110/
94117212,מסעף 125,מסעף,,,,,,,,,125,125,,,,,,,,,,94117212.jpg,4,https://www.huliot.co.il/product/%D7%9E%D7%A1%D7%A2%D7%A3-125/
992113131,"מסעף 160 מ""מ 11 SDR",מסעף,,,,,,,,,160,160,,,,,,,11,,,992113131.jpg,5,https://www.huliot.co.il/product/%D7%9E%D7%A1%D7%A2%D7%A3-160-%D7%9E%D7%9E-11-sdr/
992513130,"מסעף 160 מ""מ 17.6 SDR",מסעף,,,,,,,,,160,160,,,,,,,17.6,,,992513130.jpg,5,https://www.huliot.co.il/product/%D7%9E%D7%A1%D7%A2%D7%A3-160-%D7%9E%D7%9E-17-6-sdr/
94117202,מסעף 20,מסעף,,,,,,,,,20,20,,,,,,,,,,94117202.jpg,4,https://www.huliot.co.il/product/%D7%9E%D7%A1%D7%A2%D7%A3-20/
992113135,"מסעף 200 מ""מ 11 SDR",מסעף,,,,,,,,,200,200,,,,,,,11,,,992113135.jpg,4,https://www.huliot.co.il/product/%D7%9E%D7%A1%D7%A2%D7%A3-200-%D7%9E%D7%9E-11-sdr/
992513134,"מסעף 200 מ""מ 17.6 SDR",מסעף,,,,,,,,,200,200,,,,,,,17.6,,,992513134.jpg,4,https://www.huliot.co.il/product/%D7%9E%D7%A1%D7%A2%D7%A3-200-%D7%9E%D7%9E-17-6-sdr/
94117203,מסעף 25,מסעף,,,,,,,,,25,25,,,,,,,,,,94117203.jpg,4,https://www.huliot.co.il/product/%D7%9E%D7%A1%D7%A2%D7%A3-25/
992113139,"מסעף 250 מ""מ 11 SDR",מסעף,,,,,,,,,250,250,,,,,,,11,,,992113139.jpg,4,https://www.huliot.co.il/product/%D7%9E%D7%A1%D7%A2%D7%A3-250-%D7%9E%D7%9E-11-sdr/
992513138,"מסעף 250 מ""מ 17.6 SDR",מסעף,,,,,,,,,250,250,,,,,,,17.6,,,992513138.jpg,5,https://www.huliot.co.il/product/%D7%9E%D7%A1%D7%A2%D7%A3-250-%D7%9E%D7%9E-17-6-sdr/
60633460,מסעף  32/32/32/45,מסעף,,,,,,,,,32/32/32/45,32,32,32,45,,,,,,,60633460.jpg,5,https://www.huliot.co.il/product/%D7%9E%D7%A1%D7%A2%D7%A3-32-32-32-45/
60633860,מסעף  32/32/32/90,מסעף,,,,,,,,,32/32/32/90,32,32,32,90,,,,,,,60633860.jpg,5,https://www.huliot.co.il/product/%D7%9E%D7%A1%D7%A2%D7%A3-32-32-32-90/
94117204,מסעף 32,מסעף,,,,,,,,,32,32,,,,,,,,,,94117204.jpg,5,https://www.huliot.co.il/product/%D7%9E%D7%A1%D7%A2%D7%A3-32/
60644460,מסעף  40/40/40/45,מסעף,,,,,,,,,40/40/40/45,40,40,40,45,,,,,,,60644460.jpg,5,https://www.huliot.co.il/product/%D7%9E%D7%A1%D7%A2%D7%A3-40-40-40-45/
60644860,מסעף  40/40/40/90,מסעף,,,,,,,,,40/40/40/90,40,40,40,90,,,,,,,60644860.jpg,5,https://www.huliot.co.il/product/%D7%9E%D7%A1%D7%A2%D7%A3-40-40-40-90/
94117205,מסעף 40,מסעף,,,,,,,,,40,40,,,,,,,,,,94117205.jpg,4,https://www.huliot.co.il/product/%D7%9E%D7%A1%D7%A2%D7%A3-40/
87398470,מסעף 45º 250/200/45,מסעף,,,,,,,,,250/200/45,250,200,45,45,,,,,,,87398470.jpg,6,https://www.huliot.co.il/product/%D7%9E%D7%A1%D7%A2%D7%A3-45o-250-200-45/
87399470,מסעף 45º 250/250/45,מסעף,,,,,,,,,250/250/45,250,250,45,45,,,,,,,87399470.jpg,6,https://www.huliot.co.il/product/%D7%9E%D7%A1%D7%A2%D7%A3-45o-250-250-45/
60654460,מסעף  50/50/40/45,מסעף,,,,,,,,,50/50/40/45,50,50,40,45,,,,,,,60654460.jpg,5,https://www.huliot.co.il/product/%D7%9E%D7%A1%D7%A2%D7%A3-50-50-40-45/
60654860,מסעף  50/50/40/90,מסעף,,,,,,,,,50/50/40/90,50,50,40,90,,,,,,,60654860.jpg,5,https://www.huliot.co.il/product/%D7%9E%D7%A1%D7%A2%D7%A3-50-50-40-90/
60655460,מסעף  50/50/50/45,מסעף,,,,,,,,,50/50/50/45,50,50,50,45,,,,,,,60655460.jpg,5,https://www.huliot.co.il/product/%D7%9E%D7%A1%D7%A2%D7%A3-50-50-50-45/
60655860,מסעף  50/50/50/90,מסעף,,,,,,,,,50/50/50/90,50,50,50,90,,,,,,,60655860.jpg,5,https://www.huliot.co.il/product/%D7%9E%D7%A1%D7%A2%D7%A3-50-50-50-90/
94117206,מסעף 50,מסעף,,,,,,,,,50,50,,,,,,,,,,94117206.jpg,4,https://www.huliot.co.il/product/%D7%9E%D7%A1%D7%A2%D7%A3-50/
62065450,מסעף  63/50/50/45,מסעף,,,,,,,,,63/50/50/45,63,50,50,45,,,,,,,62065450.jpg,5,https://www.huliot.co.il/product/%D7%9E%D7%A1%D7%A2%D7%A3-63-50-50-45/
60665463,מסעף  63/63/50/45,מסעף,,,,,,,,,63/63/50/45,63,63,50,45,,,,,,,60665463.jpg,5,https://www.huliot.co.il/product/%D7%9E%D7%A1%D7%A2%D7%A3-63-63-50-45/
94117207,מסעף 63,מסעף,,,,,,,,,63,63,,,,,,,,,,94117207.jpg,4,https://www.huliot.co.il/product/%D7%9E%D7%A1%D7%A2%D7%A3-63/
94117208,מסעף 75,מסעף,,,,,,,,,75,75,,,,,,,,,,94117208.jpg,5,https://www.huliot.co.il/product/%D7%9E%D7%A1%D7%A2%D7%A3-75/
94117209,מסעף 90,מסעף,,,,,,,,,90,90,,,,,,,,,,94117209.jpg,5,https://www.huliot.co.il/product/%D7%9E%D7%A1%D7%A2%D7%A3-90/
70633860,מסעף SmartLock™ 32/90°,מסעף,,SmartLock,,,,,,,32,32,,,90,,,,,,,70633860.jpg,6,https://www.huliot.co.il/product/%D7%9E%D7%A1%D7%A2%D7%A3-smartlock-32-90/
70644860,מסעף SmartLock™ 40/90°,מסעף,,SmartLock,,,,,,,40,40,,,90,,,,,,,70644860.jpg,6,https://www.huliot.co.il/product/%D7%9E%D7%A1%D7%A2%D7%A3-smartlock-40-90/
70644460,מסעף SmartLock™ 45°,מסעף,,SmartLock,,,,,,,,,,,45,,,,,,,70644460.jpg,6,https://www.huliot.co.il/product/%D7%9E%D7%A1%D7%A2%D7%A3-smartlock-45-2/
70655460,מסעף SmartLock™ 45°,מסעף,,SmartLock,,,,,,,,,,,45,,,,,,,70655460.jpg,6,https://www.huliot.co.il/product/%D7%9E%D7%A1%D7%A2%D7%A3-smartlock-45-3/
70666463,מסעף SmartLock™ 45°,מסעף,,SmartLock,,,,,,,,,,,45,,,,,,,70666463.jpg,6,https://www.huliot.co.il/product/%D7%9E%D7%A1%D7%A2%D7%A3-smartlock-45-4/
70633460,מסעף SmartLock™ 45°,מסעף,,SmartLock,,,,,,,,,,,45,,,,,,,70633460.jpg,6,https://www.huliot.co.il/product/%D7%9E%D7%A1%D7%A2%D7%A3-smartlock-45/
70655860,מסעף SmartLock™ 50/90°,מסעף,,SmartLock,,,,,,,50,50,,,90,,,,,,,70655860.jpg,6,https://www.huliot.co.il/product/%D7%9E%D7%A1%D7%A2%D7%A3-smartlock-50-90/
42160050,מעביר מאסבסט לפלסטיק זכר 160,,,,,,,זכר,פלסטיק,,160,160,,,,,,,,,מעביר מאסבסט ל זכר,42160050.jpg,4,https://www.huliot.co.il/product/%D7%9E%D7%A2%D7%91%D7%99%D7%A8-%D7%9E%D7%90%D7%A1%D7%91%D7%A1%D7%98-%D7%9C%D7%A4%D7%9C%D7%A1%D7%98%D7%99%D7%A7-%D7%96%D7%9B%D7%A8-160/
42160050,מעביר מפלסטיק לאסבסט זכר,,,,,,,זכר,פלסטיק,,,,,,,,,,,,מעביר לאסבסט זכר,42160050.jpg,3,https://www.huliot.co.il/product/%D7%9E%D7%A2%D7%91%D7%99%D7%A8-%D7%9E%D7%A4%D7%9C%D7%A1%D7%98%D7%99%D7%A7-%D7%9C%D7%90%D7%A1%D7%91%D7%A1%D7%98-%D7%96%D7%9B%D7%A8/
42160052,מעביר מפלסטיק לאסבסט נקבה,,,,,,,נקבה,פלסטיק,,,,,,,,,,,,מעביר לאסבסט נקבה,42160052.jpg,3,https://www.huliot.co.il/product/%D7%9E%D7%A2%D7%91%D7%99%D7%A8-%D7%9E%D7%A4%D7%9C%D7%A1%D7%98%D7%99%D7%A7-%D7%9C%D7%90%D7%A1%D7%91%D7%A1%D7%98-%D7%A0%D7%A7%D7%91%D7%94/
42160052,מעביר מפלסטיק לאסבסט 160,,,,,,,,פלסטיק,,160,160,,,,,,,,,מעביר לאסבסט,42160052.jpg,4,https://www.huliot.co.il/product/%D7%9E%D7%A2%D7%91%D7%99%D7%A8-%D7%9E%D7%A4%D7%9C%D7%A1%D7%98%D7%99%D7%A7-%D7%9C%D7%90%D7%A1%D7%91%D7%A1%D7%98-160/
42140052,מעבר מפלסטיק לאסבסט ישן,מעבר,,,,,,,פלסטיק,,,,,,,,,,,,לאסבסט ישן,42140052.jpg,3,https://www.huliot.co.il/product/%D7%9E%D7%A2%D7%91%D7%A8-%D7%9E%D7%A4%D7%9C%D7%A1%D7%98%D7%99%D7%A7-%D7%9C%D7%90%D7%A1%D7%91%D7%A1%D7%98-%D7%99%D7%A9%D7%9F/
61100062,מערכת ניקוז לאמבט 2002,,,,,,,,,,2002,2002,,,,,,,,,מערכת ניקוז לאמבט,61100062.jpg,5,https://www.huliot.co.il/product/%D7%9E%D7%A2%D7%A8%D7%9B%D7%AA-%D7%A0%D7%99%D7%A7%D7%95%D7%96-%D7%9C%D7%90%D7%9E%D7%91%D7%98-2002-2/
61100062,מערכת ניקוז לאמבט 2002,,,,,,,,,,2002,2002,,,,,,,,,מערכת ניקוז לאמבט,61100062.jpg,5,https://www.huliot.co.il/product/%D7%9E%D7%A2%D7%A8%D7%9B%D7%AA-%D7%A0%D7%99%D7%A7%D7%95%D7%96-%D7%9C%D7%90%D7%9E%D7%91%D7%98-2002/
61040360,מפתח לאום תבריג 40-32,,,,,הברגה,,,,,40/32,40,32,,,,,,,,מפתח לאום,61040360.jpg,6,https://www.huliot.co.il/product/%D7%9E%D7%A4%D7%AA%D7%97-%D7%9C%D7%90%D7%95%D7%9D-%D7%AA%D7%91%D7%A8%D7%99%D7%92-40-32-2/
61040360,מפתח לאום תבריג 40-32,,,,,הברגה,,,,,40/32,40,32,,,,,,,,מפתח לאום,61040360.jpg,5,https://www.huliot.co.il/product/%D7%9E%D7%A4%D7%AA%D7%97-%D7%9C%D7%90%D7%95%D7%9D-%D7%AA%D7%91%D7%A8%D7%99%D7%92-40-32/
61060560,מפתח לאום תבריג 69-50,,,,,הברגה,,,,,69/50,69,50,,,,,,,,מפתח לאום,61060560.jpg,6,https://www.huliot.co.il/product/%D7%9E%D7%A4%D7%AA%D7%97-%D7%9C%D7%90%D7%95%D7%9D-%D7%AA%D7%91%D7%A8%D7%99%D7%92-69-50-2/
61060560,מפתח לאום תבריג 69-50,,,,,הברגה,,,,,69/50,69,50,,,,,,,,מפתח לאום,61060560.jpg,5,https://www.huliot.co.il/product/%D7%9E%D7%A4%D7%AA%D7%97-%D7%9C%D7%90%D7%95%D7%9D-%D7%AA%D7%91%D7%A8%D7%99%D7%92-69-50/
61116041-,מצחיה קומפלט לאביק לאמבט,,,,,,,,,,,,,,,,,,,,מצחיה קומפלט לאביק לאמבט,61116041-.jpg,6,https://www.huliot.co.il/product/%D7%9E%D7%A6%D7%97%D7%99%D7%94-%D7%A7%D7%95%D7%9E%D7%A4%D7%9C%D7%98-%D7%9C%D7%90%D7%91%D7%99%D7%A7-%D7%9C%D7%90%D7%9E%D7%91%D7%98-2/
61116041,מצחיה קומפלט לאביק לאמבט,,,,,,,,,,,,,,,,,,,,מצחיה קומפלט לאביק לאמבט,61116041.jpg,1,https://www.huliot.co.il/product/%D7%9E%D7%A6%D7%97%D7%99%D7%94-%D7%A7%D7%95%D7%9E%D7%A4%D7%9C%D7%98-%D7%9C%D7%90%D7%91%D7%99%D7%A7-%D7%9C%D7%90%D7%9E%D7%91%D7%98/
7872240070,מצמד אולטרה סיילנט פלוס ארוך 110,מצמד,ארוך,Ultra Silent Plus,,,,,,,110,110,,,,,,,,,,7872240070.jpg,6,https://www.huliot.co.il/product/%D7%9E%D7%A6%D7%9E%D7%93-%D7%90%D7%95%D7%9C%D7%98%D7%A8%D7%94-%D7%A1%D7%99%D7%99%D7%9C%D7%A0%D7%98-%D7%A4%D7%9C%D7%95%D7%A1-%D7%90%D7%A8%D7%95%D7%9A-110/
7072240070,מצמד ארוך אולטרה סיילנט בקוטר 110,מצמד,ארוך,Ultra Silent,,,,,,,110,110,,,,,,,,,,7072240070.jpg,6,https://www.huliot.co.il/product/%D7%9E%D7%A6%D7%9E%D7%93-%D7%90%D7%A8%D7%95%D7%9A-%D7%90%D7%95%D7%9C%D7%98%D7%A8%D7%94-%D7%A1%D7%99%D7%99%D7%9C%D7%A0%D7%98-%D7%91%D7%A7%D7%95%D7%98%D7%A8-110/
7072250070,מצמד ארוך אולטרה סיילנט בקוטר 125,מצמד,ארוך,Ultra Silent,,,,,,,125,125,,,,,,,,,,7072250070.jpg,6,https://www.huliot.co.il/product/%D7%9E%D7%A6%D7%9E%D7%93-%D7%90%D7%A8%D7%95%D7%9A-%D7%90%D7%95%D7%9C%D7%98%D7%A8%D7%94-%D7%A1%D7%99%D7%99%D7%9C%D7%A0%D7%98-%D7%91%D7%A7%D7%95%D7%98%D7%A8-125/
7072260070,מצמד ארוך אולטרה סיילנט בקוטר 160,מצמד,ארוך,Ultra Silent,,,,,,,160,160,,,,,,,,,,7072260070.jpg,6,https://www.huliot.co.il/product/%D7%9E%D7%A6%D7%9E%D7%93-%D7%90%D7%A8%D7%95%D7%9A-%D7%90%D7%95%D7%9C%D7%98%D7%A8%D7%94-%D7%A1%D7%99%D7%99%D7%9C%D7%A0%D7%98-%D7%91%D7%A7%D7%95%D7%98%D7%A8-160/
7072210070,מצמד ארוך אולטרה סיילנט בקוטר 40,מצמד,ארוך,Ultra Silent,,,,,,,40,40,,,,,,,,,,7072210070.jpg,5,https://www.huliot.co.il/product/%D7%9E%D7%A6%D7%9E%D7%93-%D7%90%D7%A8%D7%95%D7%9A-%D7%90%D7%95%D7%9C%D7%98%D7%A8%D7%94-%D7%A1%D7%99%D7%99%D7%9C%D7%A0%D7%98-%D7%91%D7%A7%D7%95%D7%98%D7%A8-40/
7072220070,מצמד ארוך אולטרה סיילנט בקוטר 50,מצמד,ארוך,Ultra Silent,,,,,,,50,50,,,,,,,,,,7072220070.jpg,6,https://www.huliot.co.il/product/%D7%9E%D7%A6%D7%9E%D7%93-%D7%90%D7%A8%D7%95%D7%9A-%D7%90%D7%95%D7%9C%D7%98%D7%A8%D7%94-%D7%A1%D7%99%D7%99%D7%9C%D7%A0%D7%98-%D7%91%D7%A7%D7%95%D7%98%D7%A8-50/
7072230070,מצמד ארוך אולטרה סיילנט בקוטר 75,מצמד,ארוך,Ultra Silent,,,,,,,75,75,,,,,,,,,,7072230070.jpg,5,https://www.huliot.co.il/product/%D7%9E%D7%A6%D7%9E%D7%93-%D7%90%D7%A8%D7%95%D7%9A-%D7%90%D7%95%D7%9C%D7%98%D7%A8%D7%94-%D7%A1%D7%99%D7%99%D7%9C%D7%A0%D7%98-%D7%91%D7%A7%D7%95%D7%98%D7%A8-75/
7072290070,מצמד ארוך אולטרה סיילנט בקוטר 90,מצמד,ארוך,Ultra Silent,,,,,,,90,90,,,,,,,,,,7072290070.jpg,6,https://www.huliot.co.il/product/%D7%9E%D7%A6%D7%9E%D7%93-%D7%90%D7%A8%D7%95%D7%9A-%D7%90%D7%95%D7%9C%D7%98%D7%A8%D7%94-%D7%A1%D7%99%D7%99%D7%9C%D7%A0%D7%98-%D7%91%D7%A7%D7%95%D7%98%D7%A8-90/
42240050,מצמד ארוך לשפכים חמים בקוטר 110,מצמד,ארוך,,שפכים חמים,,,,,,110,110,,,,,,,,,,42240050.jpg,3,https://www.huliot.co.il/product/%D7%9E%D7%A6%D7%9E%D7%93-%D7%90%D7%A8%D7%95%D7%9A-%D7%9C%D7%A9%D7%A4%D7%9B%D7%99%D7%9D-%D7%97%D7%9E%D7%99%D7%9D-%D7%91%D7%A7%D7%95%D7%98%D7%A8-110/
42260050,מצמד ארוך לשפכים חמים בקוטר 160,מצמד,ארוך,,שפכים חמים,,,,,,160,160,,,,,,,,,,42260050.jpg,4,https://www.huliot.co.il/product/%D7%9E%D7%A6%D7%9E%D7%93-%D7%90%D7%A8%D7%95%D7%9A-%D7%9C%D7%A9%D7%A4%D7%9B%D7%99%D7%9D-%D7%97%D7%9E%D7%99%D7%9D-%D7%91%D7%A7%D7%95%D7%98%D7%A8-160/
42220050,מצמד ארוך לשפכים חמים בקוטר 50,מצמד,ארוך,,שפכים חמים,,,,,,50,50,,,,,,,,,,42220050.jpg,4,https://www.huliot.co.il/product/%D7%9E%D7%A6%D7%9E%D7%93-%D7%90%D7%A8%D7%95%D7%9A-%D7%9C%D7%A9%D7%A4%D7%9B%D7%99%D7%9D-%D7%97%D7%9E%D7%99%D7%9D-%D7%91%D7%A7%D7%95%D7%98%D7%A8-50/
42230050,מצמד ארוך לשפכים חמים בקוטר 75,מצמד,ארוך,,שפכים חמים,,,,,,75,75,,,,,,,,,,42230050.jpg,3,https://www.huliot.co.il/product/%D7%9E%D7%A6%D7%9E%D7%93-%D7%90%D7%A8%D7%95%D7%9A-%D7%9C%D7%A9%D7%A4%D7%9B%D7%99%D7%9D-%D7%97%D7%9E%D7%99%D7%9D-%D7%91%D7%A7%D7%95%D7%98%D7%A8-75/
7071740275,מצמד חד כיווני סיילנט בקוטר 110,מצמד,חד כיווני,Ultra Silent,,,,,,,110,110,,,,,,,,,,7071740275.jpg,6,https://www.huliot.co.il/product/%D7%9E%D7%A6%D7%9E%D7%93-%D7%97%D7%93-%D7%9B%D7%99%D7%95%D7%95%D7%A0%D7%99-%D7%A1%D7%99%D7%99%D7%9C%D7%A0%D7%98-%D7%91%D7%A7%D7%95%D7%98%D7%A8-110/
7071750275,מצמד חד כיווני סיילנט בקוטר 125,מצמד,חד כיווני,Ultra Silent,,,,,,,125,125,,,,,,,,,,7071750275.jpg,6,https://www.huliot.co.il/product/%D7%9E%D7%A6%D7%9E%D7%93-%D7%97%D7%93-%D7%9B%D7%99%D7%95%D7%95%D7%A0%D7%99-%D7%A1%D7%99%D7%99%D7%9C%D7%A0%D7%98-%D7%91%D7%A7%D7%95%D7%98%D7%A8-125/
7071760275,מצמד חד כיווני סיילנט בקוטר 160,מצמד,חד כיווני,Ultra Silent,,,,,,,160,160,,,,,,,,,,7071760275.jpg,6,https://www.huliot.co.il/product/%D7%9E%D7%A6%D7%9E%D7%93-%D7%97%D7%93-%D7%9B%D7%99%D7%95%D7%95%D7%A0%D7%99-%D7%A1%D7%99%D7%99%D7%9C%D7%A0%D7%98-%D7%91%D7%A7%D7%95%D7%98%D7%A8-160/
7071720275,מצמד חד כיווני סיילנט בקוטר 50,מצמד,חד כיווני,Ultra Silent,,,,,,,50,50,,,,,,,,,,7071720275.jpg,6,https://www.huliot.co.il/product/%D7%9E%D7%A6%D7%9E%D7%93-%D7%97%D7%93-%D7%9B%D7%99%D7%95%D7%95%D7%A0%D7%99-%D7%A1%D7%99%D7%99%D7%9C%D7%A0%D7%98-%D7%91%D7%A7%D7%95%D7%98%D7%A8-50/
7071730275,מצמד חד כיווני סיילנט בקוטר 75,מצמד,חד כיווני,Ultra Silent,,,,,,,75,75,,,,,,,,,,7071730275.jpg,6,https://www.huliot.co.il/product/%D7%9E%D7%A6%D7%9E%D7%93-%D7%97%D7%93-%D7%9B%D7%99%D7%95%D7%95%D7%A0%D7%99-%D7%A1%D7%99%D7%99%D7%9C%D7%A0%D7%98-%D7%91%D7%A7%D7%95%D7%98%D7%A8-75/
41760055,מצמד חד כיווני,מצמד,חד כיווני,,,,,,,,,,,,,,,,,,,41760055.jpg,3,https://www.huliot.co.il/product/%D7%9E%D7%A6%D7%9E%D7%93-%D7%97%D7%93-%D7%9B%D7%99%D7%95%D7%95%D7%A0%D7%99/
7071780275,מצמד חד כיווני סיילנט בקוטר 200,מצמד,חד כיווני,Ultra Silent,,,,,,,200,200,,,,,,,,,,7071780275.jpg,6,https://www.huliot.co.il/product/%D7%9E%D7%A6%D7%9E%D7%93-%D7%9B%D7%A4%D7%95%D7%9C-%D7%90%D7%95%D7%9C%D7%98%D7%A8%D7%94-%D7%A1%D7%99%D7%99%D7%9C%D7%A0%D7%98-%D7%91%D7%A7%D7%95%D7%98%D7%A8-200/
7071710270,מצמד כפול אולטרה סיילנט בקוטר 40,מצמד,כפול,Ultra Silent,,,,,,,40,40,,,,,,,,,,7071710270.jpg,6,https://www.huliot.co.il/product/%D7%9E%D7%A6%D7%9E%D7%93-%D7%9B%D7%A4%D7%95%D7%9C-%D7%90%D7%95%D7%9C%D7%98%D7%A8%D7%94-%D7%A1%D7%99%D7%99%D7%9C%D7%A0%D7%98-%D7%91%D7%A7%D7%95%D7%98%D7%A8-40/
7071790270,מצמד כפול אולטרה סיילנט בקוטר 90,מצמד,כפול,Ultra Silent,,,,,,,90,90,,,,,,,,,,7071790270.jpg,6,https://www.huliot.co.il/product/%D7%9E%D7%A6%D7%9E%D7%93-%D7%9B%D7%A4%D7%95%D7%9C-%D7%90%D7%95%D7%9C%D7%98%D7%A8%D7%94-%D7%A1%D7%99%D7%99%D7%9C%D7%A0%D7%98-%D7%91%D7%A7%D7%95%D7%98%D7%A8-90/
83940055,מצמד כפול חד כיווני לביוב 110,מצמד,כפול|חד כיווני,,ביוב,,,,,,110,110,,,,,,,,,,83940055.jpg,4,https://www.huliot.co.il/product/%D7%9E%D7%A6%D7%9E%D7%93-%D7%9B%D7%A4%D7%95%D7%9C-%D7%97%D7%93-%D7%9B%D7%99%D7%95%D7%95%D7%A0%D7%99-%D7%9C%D7%91%D7%99%D7%95%D7%91-110/
83960055,מצמד כפול חד כיווני לביוב 160,מצמד,כפול|חד כיווני,,ביוב,,,,,,160,160,,,,,,,,,,83960055.jpg,4,https://www.huliot.co.il/product/%D7%9E%D7%A6%D7%9E%D7%93-%D7%9B%D7%A4%D7%95%D7%9C-%D7%97%D7%93-%D7%9B%D7%99%D7%95%D7%95%D7%A0%D7%99-%D7%9C%D7%91%D7%99%D7%95%D7%91-160/
83980055,מצמד כפול חד כיווני לביוב 200,מצמד,כפול|חד כיווני,,ביוב,,,,,,200,200,,,,,,,,,,83980055.jpg,3,https://www.huliot.co.il/product/%D7%9E%D7%A6%D7%9E%D7%93-%D7%9B%D7%A4%D7%95%D7%9C-%D7%97%D7%93-%D7%9B%D7%99%D7%95%D7%95%D7%A0%D7%99-%D7%9C%D7%91%D7%99%D7%95%D7%91-200/
43990050,מצמד כפול לביוב 250,מצמד,כפול,,ביוב,,,,,,250,250,,,,,,,,,,43990050.jpg,4,https://www.huliot.co.il/product/%D7%9E%D7%A6%D7%9E%D7%93-%D7%9B%D7%A4%D7%95%D7%9C-%D7%9C%D7%91%D7%99%D7%95%D7%91-250/
43931550,מצמד כפול לביוב 315,מצמד,כפול,,ביוב,,,,,,315,315,,,,,,,,,,43931550.jpg,4,https://www.huliot.co.il/product/%D7%9E%D7%A6%D7%9E%D7%93-%D7%9B%D7%A4%D7%95%D7%9C-%D7%9C%D7%91%D7%99%D7%95%D7%91-315/
43940550,מצמד כפול לביוב 400,מצמד,כפול,,ביוב,,,,,,400,400,,,,,,,,,,43940550.jpg,3,https://www.huliot.co.il/product/%D7%9E%D7%A6%D7%9E%D7%93-%D7%9B%D7%A4%D7%95%D7%9C-%D7%9C%D7%91%D7%99%D7%95%D7%91-400/
41740060,מצמד כפול לצינור יצקת בקוטר 110,מצמד,כפול,,,,,,,,110,110,,,,,,,,,לצינור יצקת,41740060.jpg,3,https://www.huliot.co.il/product/%D7%9E%D7%A6%D7%9E%D7%93-%D7%9B%D7%A4%D7%95%D7%9C-%D7%9C%D7%A6%D7%99%D7%A0%D7%95%D7%A8-%D7%99%D7%A6%D7%A7%D7%AA-%D7%91%D7%A7%D7%95%D7%98%D7%A8-110/
41740250,מצמד כפול לשפכים חמים בקוטר 110,מצמד,כפול,,שפכים חמים,,,,,,110,110,,,,,,,,,,41740250.jpg,4,https://www.huliot.co.il/product/%D7%9E%D7%A6%D7%9E%D7%93-%D7%9B%D7%A4%D7%95%D7%9C-%D7%9C%D7%A9%D7%A4%D7%9B%D7%99%D7%9D-%D7%97%D7%9E%D7%99%D7%9D-%D7%91%D7%A7%D7%95%D7%98%D7%A8-110/
41750060,מצמד כפול לשפכים חמים בקוטר 125,מצמד,כפול,,שפכים חמים,,,,,,125,125,,,,,,,,,,41750060.jpg,3,https://www.huliot.co.il/product/%D7%9E%D7%A6%D7%9E%D7%93-%D7%9B%D7%A4%D7%95%D7%9C-%D7%9C%D7%A9%D7%A4%D7%9B%D7%99%D7%9D-%D7%97%D7%9E%D7%99%D7%9D-%D7%91%D7%A7%D7%95%D7%98%D7%A8-125/
41710050,מצמד כפול לשפכים חמים בקוטר 40,מצמד,כפול,,שפכים חמים,,,,,,40,40,,,,,,,,,,41710050.jpg,4,https://www.huliot.co.il/product/%D7%9E%D7%A6%D7%9E%D7%93-%D7%9B%D7%A4%D7%95%D7%9C-%D7%9C%D7%A9%D7%A4%D7%9B%D7%99%D7%9D-%D7%97%D7%9E%D7%99%D7%9D-%D7%91%D7%A7%D7%95%D7%98%D7%A8-40/
41730050,מצמד כפול לשפכים חמים בקוטר 75,מצמד,כפול,,שפכים חמים,,,,,,75,75,,,,,,,,,,41730050.jpg,4,https://www.huliot.co.il/product/%D7%9E%D7%A6%D7%9E%D7%93-%D7%9B%D7%A4%D7%95%D7%9C-%D7%9C%D7%A9%D7%A4%D7%9B%D7%99%D7%9D-%D7%97%D7%9E%D7%99%D7%9D-%D7%91%D7%A7%D7%95%D7%98%D7%A8-75/
70532360,מצמד כפול 32 ™SmartLock,מצמד,כפול,SmartLock,,,,,,,32,32,,,,,,,,,,70532360.jpg,6,https://www.huliot.co.il/product/%D7%9E%D7%A6%D7%9E%D7%93-%D7%9B%D7%A4%D7%95%D7%9C-32-smartlock/
70540460,מצמד כפול 40 ™SmartLock,מצמד,כפול,SmartLock,,,,,,,40,40,,,,,,,,,,70540460.jpg,5,https://www.huliot.co.il/product/%D7%9E%D7%A6%D7%9E%D7%93-%D7%9B%D7%A4%D7%95%D7%9C-40-smartlock/
60540460,מצמד כפול 40,מצמד,כפול,,,,,,,,40,40,,,,,,,,,,60540460.jpg,5,https://www.huliot.co.il/product/%D7%9E%D7%A6%D7%9E%D7%93-%D7%9B%D7%A4%D7%95%D7%9C-40/
70550560,מצמד כפול 50 ™SmartLock,מצמד,כפול,SmartLock,,,,,,,50,50,,,,,,,,,,70550560.jpg,5,https://www.huliot.co.il/product/%D7%9E%D7%A6%D7%9E%D7%93-%D7%9B%D7%A4%D7%95%D7%9C-50-smartlock/
60550560,מצמד כפול 50,מצמד,כפול,,,,,,,,50,50,,,,,,,,,,60550560.jpg,5,https://www.huliot.co.il/product/%D7%9E%D7%A6%D7%9E%D7%93-%D7%9B%D7%A4%D7%95%D7%9C-50/
70563663,מצמד כפול 63 ™SmartLock,מצמד,כפול,SmartLock,,,,,,,63,63,,,,,,,,,,70563663.jpg,6,https://www.huliot.co.il/product/%D7%9E%D7%A6%D7%9E%D7%93-%D7%9B%D7%A4%D7%95%D7%9C-63-smartlock/
60563663,מצמד כפול 63,מצמד,כפול,,,,,,,,63,63,,,,,,,,,,60563663.jpg,5,https://www.huliot.co.il/product/%D7%9E%D7%A6%D7%9E%D7%93-%D7%9B%D7%A4%D7%95%D7%9C-63/
91117010,מצמד לריתוך 110,מצמד,,,,ריתוך,,,,,110,110,,,,,,,,,,91117010.jpg,5,https://www.huliot.co.il/product/%D7%9E%D7%A6%D7%9E%D7%93-%D7%9C%D7%A8%D7%99%D7%AA%D7%95%D7%9A-110/
91117012,מצמד לריתוך 125,מצמד,,,,ריתוך,,,,,125,125,,,,,,,,,,91117012.jpg,5,https://www.huliot.co.il/product/%D7%9E%D7%A6%D7%9E%D7%93-%D7%9C%D7%A8%D7%99%D7%AA%D7%95%D7%9A-125/
91117002,מצמד לריתוך 20,מצמד,,,,ריתוך,,,,,20,20,,,,,,,,,,91117002.jpg,4,https://www.huliot.co.il/product/%D7%9E%D7%A6%D7%9E%D7%93-%D7%9C%D7%A8%D7%99%D7%AA%D7%95%D7%9A-20/
91117003,מצמד לריתוך 25,מצמד,,,,ריתוך,,,,,25,25,,,,,,,,,,91117003.jpg,4,https://www.huliot.co.il/product/%D7%9E%D7%A6%D7%9E%D7%93-%D7%9C%D7%A8%D7%99%D7%AA%D7%95%D7%9A-25/
91117004,מצמד לריתוך 32,מצמד,,,,ריתוך,,,,,32,32,,,,,,,,,,91117004.jpg,5,https://www.huliot.co.il/product/%D7%9E%D7%A6%D7%9E%D7%93-%D7%9C%D7%A8%D7%99%D7%AA%D7%95%D7%9A-32/
91117005,מצמד לריתוך 40,מצמד,,,,ריתוך,,,,,40,40,,,,,,,,,,91117005.jpg,4,https://www.huliot.co.il/product/%D7%9E%D7%A6%D7%9E%D7%93-%D7%9C%D7%A8%D7%99%D7%AA%D7%95%D7%9A-40/
91117006,מצמד לריתוך 50,מצמד,,,,ריתוך,,,,,50,50,,,,,,,,,,91117006.jpg,4,https://www.huliot.co.il/product/%D7%9E%D7%A6%D7%9E%D7%93-%D7%9C%D7%A8%D7%99%D7%AA%D7%95%D7%9A-50/
91117007,מצמד לריתוך 63,מצמד,,,,ריתוך,,,,,63,63,,,,,,,,,,91117007.jpg,5,https://www.huliot.co.il/product/%D7%9E%D7%A6%D7%9E%D7%93-%D7%9C%D7%A8%D7%99%D7%AA%D7%95%D7%9A-63/
91117008,מצמד לריתוך 75,מצמד,,,,ריתוך,,,,,75,75,,,,,,,,,,91117008.jpg,5,https://www.huliot.co.il/product/%D7%9E%D7%A6%D7%9E%D7%93-%D7%9C%D7%A8%D7%99%D7%AA%D7%95%D7%9A-75/
91117009,מצמד לריתוך 90,מצמד,,,,ריתוך,,,,,90,90,,,,,,,,,,91117009.jpg,4,https://www.huliot.co.il/product/%D7%9E%D7%A6%D7%9E%D7%93-%D7%9C%D7%A8%D7%99%D7%AA%D7%95%D7%9A-90/
91517643,מצמד מצרה לריתוך – 110/63 פנים/חוץ,מצמד,מצרה|פנים חוץ,,,ריתוך,,,,,110/63,110,63,,,,,,,,,91517643.jpg,4,https://www.huliot.co.il/product/%D7%9E%D7%A6%D7%9E%D7%93-%D7%9E%D7%A6%D7%A8%D7%94-%D7%9C%D7%A8%D7%99%D7%AA%D7%95%D7%9A-11063-%D7%A4%D7%A0%D7%99%D7%9D%D7%97%D7%95%D7%A5/
91517644,מצמד מצרה לריתוך – 110/75 פנים/חוץ,מצמד,מצרה|פנים חוץ,,,ריתוך,,,,,110/75,110,75,,,,,,,,,91517644.jpg,4,https://www.huliot.co.il/product/%D7%9E%D7%A6%D7%9E%D7%93-%D7%9E%D7%A6%D7%A8%D7%94-%D7%9C%D7%A8%D7%99%D7%AA%D7%95%D7%9A-11075-%D7%A4%D7%A0%D7%99%D7%9D%D7%97%D7%95%D7%A5/
91517645,מצמד מצרה לריתוך – 110/90 פנים/חוץ,מצמד,מצרה|פנים חוץ,,,ריתוך,,,,,110/90,110,,,90,,,,,,,91517645.jpg,5,https://www.huliot.co.il/product/%D7%9E%D7%A6%D7%9E%D7%93-%D7%9E%D7%A6%D7%A8%D7%94-%D7%9C%D7%A8%D7%99%D7%AA%D7%95%D7%9A-11090-%D7%A4%D7%A0%D7%99%D7%9D%D7%97%D7%95%D7%A5/
91517670,מצמד מצרה לריתוך – 125/110 פנים/חוץ,מצמד,מצרה|פנים חוץ,,,ריתוך,,,,,125/110,125,110,,,,,,,,,91517670.jpg,4,https://www.huliot.co.il/product/%D7%9E%D7%A6%D7%9E%D7%93-%D7%9E%D7%A6%D7%A8%D7%94-%D7%9C%D7%A8%D7%99%D7%AA%D7%95%D7%9A-125110-%D7%A4%D7%A0%D7%99%D7%9D%D7%97%D7%95%D7%A5/
91517667,מצמד מצרה לריתוך – 125/75 פנים/חוץ,מצמד,מצרה|פנים חוץ,,,ריתוך,,,,,125/75,125,75,,,,,,,,,91517667.jpg,4,https://www.huliot.co.il/product/%D7%9E%D7%A6%D7%9E%D7%93-%D7%9E%D7%A6%D7%A8%D7%94-%D7%9C%D7%A8%D7%99%D7%AA%D7%95%D7%9A-12575-%D7%A4%D7%A0%D7%99%D7%9D%D7%97%D7%95%D7%A5/
91517668,מצמד מצרה לריתוך – 125/90 פנים/חוץ,מצמד,מצרה|פנים חוץ,,,ריתוך,,,,,125/90,125,,,90,,,,,,,91517668.jpg,4,https://www.huliot.co.il/product/%D7%9E%D7%A6%D7%9E%D7%93-%D7%9E%D7%A6%D7%A8%D7%94-%D7%9C%D7%A8%D7%99%D7%AA%D7%95%D7%9A-12590-%D7%A4%D7%A0%D7%99%D7%9D%D7%97%D7%95%D7%A5/
992411175,מצמד מצרה לריתוך 160/110 ריתוך פנים SDR 11,מצמד,מצרה,,,ריתוך פנים,,,,,160/110,160,110,,,,,,11,,לריתוך,992411175.jpg,6,https://www.huliot.co.il/product/%D7%9E%D7%A6%D7%9E%D7%93-%D7%9E%D7%A6%D7%A8%D7%94-%D7%9C%D7%A8%D7%99%D7%AA%D7%95%D7%9A-160110-%D7%A8%D7%99%D7%AA%D7%95%D7%9A-%D7%A4%D7%A0%D7%99%D7%9D-sdr-11/
992511174,מצמד מצרה לריתוך 160/110 ריתוך פנים SDR 17.6,מצמד,מצרה,,,ריתוך פנים,,,,,160/110,160,110,,,,,,17.6,,לריתוך,992511174.jpg,4,https://www.huliot.co.il/product/%D7%9E%D7%A6%D7%9E%D7%93-%D7%9E%D7%A6%D7%A8%D7%94-%D7%9C%D7%A8%D7%99%D7%AA%D7%95%D7%9A-160110-%D7%A8%D7%99%D7%AA%D7%95%D7%9A-%D7%A4%D7%A0%D7%99%D7%9D-sdr-17-6/
992411177,מצמד מצרה לריתוך 160/125 ריתוך פנים SDR 11,מצמד,מצרה,,,ריתוך פנים,,,,,160/125,160,125,,,,,,11,,לריתוך,992411177.jpg,5,https://www.huliot.co.il/product/%D7%9E%D7%A6%D7%9E%D7%93-%D7%9E%D7%A6%D7%A8%D7%94-%D7%9C%D7%A8%D7%99%D7%AA%D7%95%D7%9A-160125-%D7%A8%D7%99%D7%AA%D7%95%D7%9A-%D7%A4%D7%A0%D7%99%D7%9D-sdr-11/
992511176,מצמד מצרה לריתוך 160/125 ריתוך פנים SDR 17.6,מצמד,מצרה,,,ריתוך פנים,,,,,160/125,160,125,,,,,,17.6,,לריתוך,992511176.jpg,4,https://www.huliot.co.il/product/%D7%9E%D7%A6%D7%9E%D7%93-%D7%9E%D7%A6%D7%A8%D7%94-%D7%9C%D7%A8%D7%99%D7%AA%D7%95%D7%9A-160125-%D7%A8%D7%99%D7%AA%D7%95%D7%9A-%D7%A4%D7%A0%D7%99%D7%9D-sdr-17-6/
992411183,מצמד מצרה לריתוך 200/125 ריתוך פנים SDR 11,מצמד,מצרה,,,ריתוך פנים,,,,,200/125,200,125,,,,,,11,,לריתוך,992411183.jpg,6,https://www.huliot.co.il/product/%D7%9E%D7%A6%D7%9E%D7%93-%D7%9E%D7%A6%D7%A8%D7%94-%D7%9C%D7%A8%D7%99%D7%AA%D7%95%D7%9A-200125-%D7%A8%D7%99%D7%AA%D7%95%D7%9A-%D7%A4%D7%A0%D7%99%D7%9D-sdr-11/
992511182,מצמד מצרה לריתוך 200/125 ריתוך פנים SDR 17.6,מצמד,מצרה,,,ריתוך פנים,,,,,200/125,200,125,,,,,,17.6,,לריתוך,992511182.jpg,4,https://www.huliot.co.il/product/%D7%9E%D7%A6%D7%9E%D7%93-%D7%9E%D7%A6%D7%A8%D7%94-%D7%9C%D7%A8%D7%99%D7%AA%D7%95%D7%9A-200125-%D7%A8%D7%99%D7%AA%D7%95%D7%9A-%D7%A4%D7%A0%D7%99%D7%9D-sdr-17-6/
91517603,מצמד מצרה לריתוך – 25/20 פנים/חוץ,מצמד,מצרה|פנים חוץ,,,ריתוך,,,,,25/20,25,20,,,,,,,,,91517603.jpg,5,https://www.huliot.co.il/product/%D7%9E%D7%A6%D7%9E%D7%93-%D7%9E%D7%A6%D7%A8%D7%94-%D7%9C%D7%A8%D7%99%D7%AA%D7%95%D7%9A-2520-%D7%A4%D7%A0%D7%99%D7%9D%D7%97%D7%95%D7%A5/
91517605,מצמד מצרה לריתוך – 32/20 פנים/חוץ,מצמד,מצרה|פנים חוץ,,,ריתוך,,,,,32/20,32,20,,,,,,,,,91517605.jpg,4,https://www.huliot.co.il/product/%D7%9E%D7%A6%D7%9E%D7%93-%D7%9E%D7%A6%D7%A8%D7%94-%D7%9C%D7%A8%D7%99%D7%AA%D7%95%D7%9A-3220-%D7%A4%D7%A0%D7%99%D7%9D%D7%97%D7%95%D7%A5/
91517606,מצמד מצרה לריתוך – 32/25 פנים/חוץ,מצמד,מצרה|פנים חוץ,,,ריתוך,,,,,32/25,32,25,,,,,,,,,91517606.jpg,3,https://www.huliot.co.il/product/%D7%9E%D7%A6%D7%9E%D7%93-%D7%9E%D7%A6%D7%A8%D7%94-%D7%9C%D7%A8%D7%99%D7%AA%D7%95%D7%9A-3225-%D7%A4%D7%A0%D7%99%D7%9D%D7%97%D7%95%D7%A5/
91517608,מצמד מצרה לריתוך – 40/20 פנים/חוץ,מצמד,מצרה|פנים חוץ,,,ריתוך,,,,,40/20,40,20,,,,,,,,,91517608.jpg,4,https://www.huliot.co.il/product/%D7%9E%D7%A6%D7%9E%D7%93-%D7%9E%D7%A6%D7%A8%D7%94-%D7%9C%D7%A8%D7%99%D7%AA%D7%95%D7%9A-4020-%D7%A4%D7%A0%D7%99%D7%9D%D7%97%D7%95%D7%A5/
91517609,מצמד מצרה לריתוך – 40/25 פנים/חוץ,מצמד,מצרה|פנים חוץ,,,ריתוך,,,,,40/25,40,25,,,,,,,,,91517609.jpg,4,https://www.huliot.co.il/product/%D7%9E%D7%A6%D7%9E%D7%93-%D7%9E%D7%A6%D7%A8%D7%94-%D7%9C%D7%A8%D7%99%D7%AA%D7%95%D7%9A-4025-%D7%A4%D7%A0%D7%99%D7%9D%D7%97%D7%95%D7%A5/
91517610,מצמד מצרה לריתוך – 40/32 פנים/חוץ,מצמד,מצרה|פנים חוץ,,,ריתוך,,,,,40/32,40,32,,,,,,,,,91517610.jpg,5,https://www.huliot.co.il/product/%D7%9E%D7%A6%D7%9E%D7%93-%D7%9E%D7%A6%D7%A8%D7%94-%D7%9C%D7%A8%D7%99%D7%AA%D7%95%D7%9A-4032-%D7%A4%D7%A0%D7%99%D7%9D%D7%97%D7%95%D7%A5/
91517612,מצמד מצרה לריתוך – 50/20 פנים/חוץ,מצמד,מצרה|פנים חוץ,,,ריתוך,,,,,50/20,50,20,,,,,,,,,91517612.jpg,4,https://www.huliot.co.il/product/%D7%9E%D7%A6%D7%9E%D7%93-%D7%9E%D7%A6%D7%A8%D7%94-%D7%9C%D7%A8%D7%99%D7%AA%D7%95%D7%9A-5020-%D7%A4%D7%A0%D7%99%D7%9D%D7%97%D7%95%D7%A5/
91517613,מצמד מצרה לריתוך – 50/25 פנים/חוץ,מצמד,מצרה|פנים חוץ,,,ריתוך,,,,,50/25,50,25,,,,,,,,,91517613.jpg,4,https://www.huliot.co.il/product/%D7%9E%D7%A6%D7%9E%D7%93-%D7%9E%D7%A6%D7%A8%D7%94-%D7%9C%D7%A8%D7%99%D7%AA%D7%95%D7%9A-5025-%D7%A4%D7%A0%D7%99%D7%9D%D7%97%D7%95%D7%A5/
91517614,מצמד מצרה לריתוך – 50/32 פנים/חוץ,מצמד,מצרה|פנים חוץ,,,ריתוך,,,,,50/32,50,32,,,,,,,,,91517614.jpg,4,https://www.huliot.co.il/product/%D7%9E%D7%A6%D7%9E%D7%93-%D7%9E%D7%A6%D7%A8%D7%94-%D7%9C%D7%A8%D7%99%D7%AA%D7%95%D7%9A-5032-%D7%A4%D7%A0%D7%99%D7%9D%D7%97%D7%95%D7%A5/
91517615,מצמד מצרה לריתוך – 50/40 פנים/חוץ,מצמד,מצרה|פנים חוץ,,,ריתוך,,,,,50/40,50,40,,,,,,,,,91517615.jpg,4,https://www.huliot.co.il/product/%D7%9E%D7%A6%D7%9E%D7%93-%D7%9E%D7%A6%D7%A8%D7%94-%D7%9C%D7%A8%D7%99%D7%AA%D7%95%D7%9A-5040-%D7%A4%D7%A0%D7%99%D7%9D%D7%97%D7%95%D7%A5/
91517617,מצמד מצרה לריתוך – 63/20 פנים/חוץ,מצמד,מצרה|פנים חוץ,,,ריתוך,,,,,63/20,63,20,,,,,,,,,91517617.jpg,5,https://www.huliot.co.il/product/%D7%9E%D7%A6%D7%9E%D7%93-%D7%9E%D7%A6%D7%A8%D7%94-%D7%9C%D7%A8%D7%99%D7%AA%D7%95%D7%9A-6320-%D7%A4%D7%A0%D7%99%D7%9D%D7%97%D7%95%D7%A5/
91517618,מצמד מצרה לריתוך – 63/25 פנים/חוץ,מצמד,מצרה|פנים חוץ,,,ריתוך,,,,,63/25,63,25,,,,,,,,,91517618.jpg,4,https://www.huliot.co.il/product/%D7%9E%D7%A6%D7%9E%D7%93-%D7%9E%D7%A6%D7%A8%D7%94-%D7%9C%D7%A8%D7%99%D7%AA%D7%95%D7%9A-6325-%D7%A4%D7%A0%D7%99%D7%9D%D7%97%D7%95%D7%A5/
91517619,מצמד מצרה לריתוך – 63/32 פנים/חוץ,מצמד,מצרה|פנים חוץ,,,ריתוך,,,,,63/32,63,32,,,,,,,,,91517619.jpg,4,https://www.huliot.co.il/product/%D7%9E%D7%A6%D7%9E%D7%93-%D7%9E%D7%A6%D7%A8%D7%94-%D7%9C%D7%A8%D7%99%D7%AA%D7%95%D7%9A-6332-%D7%A4%D7%A0%D7%99%D7%9D%D7%97%D7%95%D7%A5/
91517620,מצמד מצרה לריתוך – 63/40 פנים/חוץ,מצמד,מצרה|פנים חוץ,,,ריתוך,,,,,63/40,63,40,,,,,,,,,91517620.jpg,4,https://www.huliot.co.il/product/%D7%9E%D7%A6%D7%9E%D7%93-%D7%9E%D7%A6%D7%A8%D7%94-%D7%9C%D7%A8%D7%99%D7%AA%D7%95%D7%9A-6340-%D7%A4%D7%A0%D7%99%D7%9D%D7%97%D7%95%D7%A5/
91517621,מצמד מצרה לריתוך – 63/50 פנים/חוץ,מצמד,מצרה|פנים חוץ,,,ריתוך,,,,,63/50,63,50,,,,,,,,,91517621.jpg,4,https://www.huliot.co.il/product/%D7%9E%D7%A6%D7%9E%D7%93-%D7%9E%D7%A6%D7%A8%D7%94-%D7%9C%D7%A8%D7%99%D7%AA%D7%95%D7%9A-6350-%D7%A4%D7%A0%D7%99%D7%9D%D7%97%D7%95%D7%A5/
91517623,מצמד מצרה לריתוך – 75/20 פנים/חוץ,מצמד,מצרה|פנים חוץ,,,ריתוך,,,,,75/20,75,20,,,,,,,,,91517623.jpg,5,https://www.huliot.co.il/product/%D7%9E%D7%A6%D7%9E%D7%93-%D7%9E%D7%A6%D7%A8%D7%94-%D7%9C%D7%A8%D7%99%D7%AA%D7%95%D7%9A-7520-%D7%A4%D7%A0%D7%99%D7%9D%D7%97%D7%95%D7%A5/
91517624,מצמד מצרה לריתוך – 75/25 פנים/חוץ,מצמד,מצרה|פנים חוץ,,,ריתוך,,,,,75/25,75,25,,,,,,,,,91517624.jpg,4,https://www.huliot.co.il/product/%D7%9E%D7%A6%D7%9E%D7%93-%D7%9E%D7%A6%D7%A8%D7%94-%D7%9C%D7%A8%D7%99%D7%AA%D7%95%D7%9A-7525-%D7%A4%D7%A0%D7%99%D7%9D%D7%97%D7%95%D7%A5/
91517625,מצמד מצרה לריתוך – 75/32 פנים/חוץ,מצמד,מצרה|פנים חוץ,,,ריתוך,,,,,75/32,75,32,,,,,,,,,91517625.jpg,5,https://www.huliot.co.il/product/%D7%9E%D7%A6%D7%9E%D7%93-%D7%9E%D7%A6%D7%A8%D7%94-%D7%9C%D7%A8%D7%99%D7%AA%D7%95%D7%9A-7532-%D7%A4%D7%A0%D7%99%D7%9D%D7%97%D7%95%D7%A5/
91517626,מצמד מצרה לריתוך – 75/40 פנים/חוץ,מצמד,מצרה|פנים חוץ,,,ריתוך,,,,,75/40,75,40,,,,,,,,,91517626.jpg,3,https://www.huliot.co.il/product/%D7%9E%D7%A6%D7%9E%D7%93-%D7%9E%D7%A6%D7%A8%D7%94-%D7%9C%D7%A8%D7%99%D7%AA%D7%95%D7%9A-7540-%D7%A4%D7%A0%D7%99%D7%9D%D7%97%D7%95%D7%A5/
91517627,מצמד מצרה לריתוך – 75/50 פנים/חוץ,מצמד,מצרה|פנים חוץ,,,ריתוך,,,,,75/50,75,50,,,,,,,,,91517627.jpg,5,https://www.huliot.co.il/product/%D7%9E%D7%A6%D7%9E%D7%93-%D7%9E%D7%A6%D7%A8%D7%94-%D7%9C%D7%A8%D7%99%D7%AA%D7%95%D7%9A-7550-%D7%A4%D7%A0%D7%99%D7%9D%D7%97%D7%95%D7%A5/
91517628,מצמד מצרה לריתוך – 75/63 פנים/חוץ,מצמד,מצרה|פנים חוץ,,,ריתוך,,,,,75/63,75,63,,,,,,,,,91517628.jpg,4,https://www.huliot.co.il/product/%D7%9E%D7%A6%D7%9E%D7%93-%D7%9E%D7%A6%D7%A8%D7%94-%D7%9C%D7%A8%D7%99%D7%AA%D7%95%D7%9A-7563-%D7%A4%D7%A0%D7%99%D7%9D%D7%97%D7%95%D7%A5/
91517634,מצמד מצרה לריתוך – 90/50 פנים/חוץ,מצמד,מצרה|פנים חוץ,,,ריתוך,,,,,90/50,90,50,,,,,,,,,91517634.jpg,4,https://www.huliot.co.il/product/%D7%9E%D7%A6%D7%9E%D7%93-%D7%9E%D7%A6%D7%A8%D7%94-%D7%9C%D7%A8%D7%99%D7%AA%D7%95%D7%9A-9050-%D7%A4%D7%A0%D7%99%D7%9D%D7%97%D7%95%D7%A5/
91517635,מצמד מצרה לריתוך – 90/63 פנים/חוץ,מצמד,מצרה|פנים חוץ,,,ריתוך,,,,,90/63,90,63,,,,,,,,,91517635.jpg,4,https://www.huliot.co.il/product/%D7%9E%D7%A6%D7%9E%D7%93-%D7%9E%D7%A6%D7%A8%D7%94-%D7%9C%D7%A8%D7%99%D7%AA%D7%95%D7%9A-9063-%D7%A4%D7%A0%D7%99%D7%9D%D7%97%D7%95%D7%A5/
91517636,מצמד מצרה לריתוך – 90/75 פנים/חוץ,מצמד,מצרה|פנים חוץ,,,ריתוך,,,,,90/75,90,75,,,,,,,,,91517636.jpg,4,https://www.huliot.co.il/product/%D7%9E%D7%A6%D7%9E%D7%93-%D7%9E%D7%A6%D7%A8%D7%94-%D7%9C%D7%A8%D7%99%D7%AA%D7%95%D7%9A-9075-%D7%A4%D7%A0%D7%99%D7%9D%D7%97%D7%95%D7%A5/
992411185,מצמד מצרה 200/160 ריתוך פנים SDR11,מצמד,מצרה,,,ריתוך פנים,,,,,200/160,200,160,,,,,,11,,,992411185.jpg,5,https://www.huliot.co.il/product/%D7%9E%D7%A6%D7%9E%D7%93-%D7%9E%D7%A6%D7%A8%D7%94-200160-%D7%A8%D7%99%D7%AA%D7%95%D7%9A-%D7%A4%D7%A0%D7%99%D7%9D-sdr11/
992511180,מצמד מצרה 200/160 ריתוך פנים SDR17.6,מצמד,מצרה,,,ריתוך פנים,,,,,200/160,200,160,,,,,,17.6,,,992511180.jpg,4,https://www.huliot.co.il/product/%D7%9E%D7%A6%D7%9E%D7%93-%D7%9E%D7%A6%D7%A8%D7%94-200160-%D7%A8%D7%99%D7%AA%D7%95%D7%9A-%D7%A4%D7%A0%D7%99%D7%9D-sdr17-6/
992411191,מצמד מצרה 250/160 ריתוך פנים SDR11,מצמד,מצרה,,,ריתוך פנים,,,,,250/160,250,160,,,,,,11,,,992411191.jpg,6,https://www.huliot.co.il/product/%D7%9E%D7%A6%D7%9E%D7%93-%D7%9E%D7%A6%D7%A8%D7%94-250160-%D7%A8%D7%99%D7%AA%D7%95%D7%9A-%D7%A4%D7%A0%D7%99%D7%9D-sdr11-2/
992411189,מצמד מצרה 250/160 ריתוך פנים SDR11,מצמד,מצרה,,,ריתוך פנים,,,,,250/160,250,160,,,,,,11,,,992411189.jpg,5,https://www.huliot.co.il/product/%D7%9E%D7%A6%D7%9E%D7%93-%D7%9E%D7%A6%D7%A8%D7%94-250160-%D7%A8%D7%99%D7%AA%D7%95%D7%9A-%D7%A4%D7%A0%D7%99%D7%9D-sdr11/
992511190,מצמד מצרה 250/160 ריתוך פנים SDR17.6,מצמד,מצרה,,,ריתוך פנים,,,,,250/160,250,160,,,,,,17.6,,,992511190.jpg,6,https://www.huliot.co.il/product/%D7%9E%D7%A6%D7%9E%D7%93-%D7%9E%D7%A6%D7%A8%D7%94-250160-%D7%A8%D7%99%D7%AA%D7%95%D7%9A-%D7%A4%D7%A0%D7%99%D7%9D-sdr17-6-2/
992511188,מצמד מצרה 250/160 ריתוך פנים SDR17.6,מצמד,מצרה,,,ריתוך פנים,,,,,250/160,250,160,,,,,,17.6,,,992511188.jpg,5,https://www.huliot.co.il/product/%D7%9E%D7%A6%D7%9E%D7%93-%D7%9E%D7%A6%D7%A8%D7%94-250160-%D7%A8%D7%99%D7%AA%D7%95%D7%9A-%D7%A4%D7%A0%D7%99%D7%9D-sdr17-6/
83940053,מצמד שרוול לביוב 110,מצמד,שרוול,,ביוב,,,,,,110,110,,,,,,,,,,83940053.jpg,4,https://www.huliot.co.il/product/%D7%9E%D7%A6%D7%9E%D7%93-%D7%A9%D7%A8%D7%95%D7%95%D7%9C-%D7%9C%D7%91%D7%99%D7%95%D7%91-110/
83960053,מצמד שרוול לביוב 160,מצמד,שרוול,,ביוב,,,,,,160,160,,,,,,,,,,83960053.jpg,4,https://www.huliot.co.il/product/%D7%9E%D7%A6%D7%9E%D7%93-%D7%A9%D7%A8%D7%95%D7%95%D7%9C-%D7%9C%D7%91%D7%99%D7%95%D7%91-160/
83980053,מצמד שרוול לביוב 200,מצמד,שרוול,,ביוב,,,,,,200,200,,,,,,,,,,83980053.jpg,4,https://www.huliot.co.il/product/%D7%9E%D7%A6%D7%9E%D7%93-%D7%A9%D7%A8%D7%95%D7%95%D7%9C-%D7%9C%D7%91%D7%99%D7%95%D7%91-200/
43931553,מצמד שרוול לביוב 315,מצמד,שרוול,,ביוב,,,,,,315,315,,,,,,,,,,43931553.jpg,4,https://www.huliot.co.il/product/%D7%9E%D7%A6%D7%9E%D7%93-%D7%A9%D7%A8%D7%95%D7%95%D7%9C-%D7%9C%D7%91%D7%99%D7%95%D7%91-315/
43940553,מצמד שרוול לביוב 400,מצמד,שרוול,,ביוב,,,,,,400,400,,,,,,,,,,43940553.jpg,4,https://www.huliot.co.il/product/%D7%9E%D7%A6%D7%9E%D7%93-%D7%A9%D7%A8%D7%95%D7%95%D7%9C-%D7%9C%D7%91%D7%99%D7%95%D7%91-400/
41740053,מצמד שרוול לשפכים חמים בקוטר 110,מצמד,שרוול,,שפכים חמים,,,,,,110,110,,,,,,,,,,41740053.jpg,3,https://www.huliot.co.il/product/%D7%9E%D7%A6%D7%9E%D7%93-%D7%A9%D7%A8%D7%95%D7%95%D7%9C-%D7%9C%D7%A9%D7%A4%D7%9B%D7%99%D7%9D-%D7%97%D7%9E%D7%99%D7%9D-%D7%91%D7%A7%D7%95%D7%98%D7%A8-110/
41750053,מצמד שרוול לשפכים חמים בקוטר 125,מצמד,שרוול,,שפכים חמים,,,,,,125,125,,,,,,,,,,41750053.jpg,4,https://www.huliot.co.il/product/%D7%9E%D7%A6%D7%9E%D7%93-%D7%A9%D7%A8%D7%95%D7%95%D7%9C-%D7%9C%D7%A9%D7%A4%D7%9B%D7%99%D7%9D-%D7%97%D7%9E%D7%99%D7%9D-%D7%91%D7%A7%D7%95%D7%98%D7%A8-125/
41760053,מצמד שרוול לשפכים חמים בקוטר 160,מצמד,שרוול,,שפכים חמים,,,,,,160,160,,,,,,,,,,41760053.jpg,3,https://www.huliot.co.il/product/%D7%9E%D7%A6%D7%9E%D7%93-%D7%A9%D7%A8%D7%95%D7%95%D7%9C-%D7%9C%D7%A9%D7%A4%D7%9B%D7%99%D7%9D-%D7%97%D7%9E%D7%99%D7%9D-%D7%91%D7%A7%D7%95%D7%98%D7%A8-160/
41730053,מצמד שרוול לשפכים חמים בקוטר 75,מצמד,שרוול,,שפכים חמים,,,,,,75,75,,,,,,,,,,41730053.jpg,3,https://www.huliot.co.il/product/%D7%9E%D7%A6%D7%9E%D7%93-%D7%A9%D7%A8%D7%95%D7%95%D7%9C-%D7%9C%D7%A9%D7%A4%D7%9B%D7%99%D7%9D-%D7%97%D7%9E%D7%99%D7%9D-%D7%91%D7%A7%D7%95%D7%98%D7%A8-75/
7372164070,מצרה אולטרה ווייט בקוטר 110/160,מצרה,,Ultra White,,,,,,,110/160,110,160,,,,,,,,,7372164070.jpg,5,https://www.huliot.co.il/product/%D7%9E%D7%A6%D7%A8%D7%94-%D7%90%D7%95%D7%9C%D7%98%D7%A8%D7%94-%D7%95%D7%95%D7%99%D7%99%D7%98-%D7%91%D7%A7%D7%95%D7%98%D7%A8-110-160/
7372186070,מצרה אולטרה ווייט בקוטר 200/160,מצרה,,Ultra White,,,,,,,200/160,200,160,,,,,,,,,7372186070.jpg,4,https://www.huliot.co.il/product/%D7%9E%D7%A6%D7%A8%D7%94-%D7%90%D7%95%D7%9C%D7%98%D7%A8%D7%94-%D7%95%D7%95%D7%99%D7%99%D7%98-%D7%91%D7%A7%D7%95%D7%98%D7%A8-200-160/
7072147070,מצרה אולטרה סיילנט בקוטר 110/63,מצרה,,Ultra Silent,,,,,,,110/63,110,63,,,,,,,,,7072147070.jpg,6,https://www.huliot.co.il/product/%D7%9E%D7%A6%D7%A8%D7%94-%D7%90%D7%95%D7%9C%D7%98%D7%A8%D7%94-%D7%A1%D7%99%D7%99%D7%9C%D7%A0%D7%98-%D7%91%D7%A7%D7%95%D7%98%D7%A8-110-63/
7072154070,מצרה אולטרה סיילנט בקוטר 110/125,מצרה,,Ultra Silent,,,,,,,110/125,110,125,,,,,,,,,7072154070.jpg,6,https://www.huliot.co.il/product/%D7%9E%D7%A6%D7%A8%D7%94-%D7%90%D7%95%D7%9C%D7%98%D7%A8%D7%94-%D7%A1%D7%99%D7%99%D7%9C%D7%A0%D7%98-%D7%91%D7%A7%D7%95%D7%98%D7%A8-110125/
7072164070,מצרה אולטרה סיילנט בקוטר 110/160,מצרה,,Ultra Silent,,,,,,,110/160,110,160,,,,,,,,,7072164070.jpg,6,https://www.huliot.co.il/product/%D7%9E%D7%A6%D7%A8%D7%94-%D7%90%D7%95%D7%9C%D7%98%D7%A8%D7%94-%D7%A1%D7%99%D7%99%D7%9C%D7%A0%D7%98-%D7%91%D7%A7%D7%95%D7%98%D7%A8-110160/
7072165070,מצרה אולטרה סיילנט בקוטר 125/160,מצרה,,Ultra Silent,,,,,,,125/160,125,160,,,,,,,,,7072165070.jpg,6,https://www.huliot.co.il/product/%D7%9E%D7%A6%D7%A8%D7%94-%D7%90%D7%95%D7%9C%D7%98%D7%A8%D7%94-%D7%A1%D7%99%D7%99%D7%9C%D7%A0%D7%98-%D7%91%D7%A7%D7%95%D7%98%D7%A8-125160/
7072186070,מצרה אולטרה סיילנט בקוטר 200/160,מצרה,,Ultra Silent,,,,,,,200/160,200,160,,,,,,,,,7072186070.jpg,6,https://www.huliot.co.il/product/%D7%9E%D7%A6%D7%A8%D7%94-%D7%90%D7%95%D7%9C%D7%98%D7%A8%D7%94-%D7%A1%D7%99%D7%99%D7%9C%D7%A0%D7%98-%D7%91%D7%A7%D7%95%D7%98%D7%A8-200160/
7072110070,מצרה אולטרה סיילנט בקוטר 32/40,מצרה,,Ultra Silent,,,,,,,32/40,32,40,,,,,,,,,7072110070.jpg,6,https://www.huliot.co.il/product/%D7%9E%D7%A6%D7%A8%D7%94-%D7%90%D7%95%D7%9C%D7%98%D7%A8%D7%94-%D7%A1%D7%99%D7%99%D7%9C%D7%A0%D7%98-%D7%91%D7%A7%D7%95%D7%98%D7%A8-3240/
7072120070,מצרה אולטרה סיילנט בקוטר 32/50,מצרה,,Ultra Silent,,,,,,,32/50,32,50,,,,,,,,,7072120070.jpg,6,https://www.huliot.co.il/product/%D7%9E%D7%A6%D7%A8%D7%94-%D7%90%D7%95%D7%9C%D7%98%D7%A8%D7%94-%D7%A1%D7%99%D7%99%D7%9C%D7%A0%D7%98-%D7%91%D7%A7%D7%95%D7%98%D7%A8-3250/
7072141070,מצרה אולטרה סיילנט בקוטר 40/110,מצרה,,Ultra Silent,,,,,,,40/110,40,110,,,,,,,,,7072141070.jpg,6,https://www.huliot.co.il/product/%D7%9E%D7%A6%D7%A8%D7%94-%D7%90%D7%95%D7%9C%D7%98%D7%A8%D7%94-%D7%A1%D7%99%D7%99%D7%9C%D7%A0%D7%98-%D7%91%D7%A7%D7%95%D7%98%D7%A8-40110/
7072121070,מצרה אולטרה סיילנט בקוטר 40/50,מצרה,,Ultra Silent,,,,,,,40/50,40,50,,,,,,,,,7072121070.jpg,6,https://www.huliot.co.il/product/%D7%9E%D7%A6%D7%A8%D7%94-%D7%90%D7%95%D7%9C%D7%98%D7%A8%D7%94-%D7%A1%D7%99%D7%99%D7%9C%D7%A0%D7%98-%D7%91%D7%A7%D7%95%D7%98%D7%A8-4050/
7072191070,מצרה אולטרה סיילנט בקוטר 40/90,מצרה,,Ultra Silent,,,,,,,40/90,40,,,90,,,,,,,7072191070.jpg,6,https://www.huliot.co.il/product/%D7%9E%D7%A6%D7%A8%D7%94-%D7%90%D7%95%D7%9C%D7%98%D7%A8%D7%94-%D7%A1%D7%99%D7%99%D7%9C%D7%A0%D7%98-%D7%91%D7%A7%D7%95%D7%98%D7%A8-4090/
7072142070,מצרה אולטרה סיילנט בקוטר 50/110,מצרה,,Ultra Silent,,,,,,,50/110,50,110,,,,,,,,,7072142070.jpg,6,https://www.huliot.co.il/product/%D7%9E%D7%A6%D7%A8%D7%94-%D7%90%D7%95%D7%9C%D7%98%D7%A8%D7%94-%D7%A1%D7%99%D7%99%D7%9C%D7%A0%D7%98-%D7%91%D7%A7%D7%95%D7%98%D7%A8-50110/
7072192070,מצרה אולטרה סיילנט בקוטר 50/90,מצרה,,Ultra Silent,,,,,,,50/90,50,,,90,,,,,,,7072192070.jpg,6,https://www.huliot.co.il/product/%D7%9E%D7%A6%D7%A8%D7%94-%D7%90%D7%95%D7%9C%D7%98%D7%A8%D7%94-%D7%A1%D7%99%D7%99%D7%9C%D7%A0%D7%98-%D7%91%D7%A7%D7%95%D7%98%D7%A8-5090/
7072143070,מצרה אולטרה סיילנט בקוטר 75/110,מצרה,,Ultra Silent,,,,,,,75/110,75,110,,,,,,,,,7072143070.jpg,6,https://www.huliot.co.il/product/%D7%9E%D7%A6%D7%A8%D7%94-%D7%90%D7%95%D7%9C%D7%98%D7%A8%D7%94-%D7%A1%D7%99%D7%99%D7%9C%D7%A0%D7%98-%D7%91%D7%A7%D7%95%D7%98%D7%A8-75110/
7072132070,מצרה אולטרה סיילנט בקוטר 75/50,מצרה,,Ultra Silent,,,,,,,75/50,75,50,,,,,,,,,7072132070.jpg,6,https://www.huliot.co.il/product/%D7%9E%D7%A6%D7%A8%D7%94-%D7%90%D7%95%D7%9C%D7%98%D7%A8%D7%94-%D7%A1%D7%99%D7%99%D7%9C%D7%A0%D7%98-%D7%91%D7%A7%D7%95%D7%98%D7%A8-7550/
7072193070,מצרה אולטרה סיילנט בקוטר 75/90,מצרה,,Ultra Silent,,,,,,,75/90,75,,,90,,,,,,,7072193070.jpg,5,https://www.huliot.co.il/product/%D7%9E%D7%A6%D7%A8%D7%94-%D7%90%D7%95%D7%9C%D7%98%D7%A8%D7%94-%D7%A1%D7%99%D7%99%D7%9C%D7%A0%D7%98-%D7%91%D7%A7%D7%95%D7%98%D7%A8-7590/
7072149070,מצרה אולטרה סיילנט בקוטר 90/110,מצרה,,Ultra Silent,,,,,,,90/110,90,110,,,,,,,,,7072149070.jpg,6,https://www.huliot.co.il/product/%D7%9E%D7%A6%D7%A8%D7%94-%D7%90%D7%95%D7%9C%D7%98%D7%A8%D7%94-%D7%A1%D7%99%D7%99%D7%9C%D7%A0%D7%98-%D7%91%D7%A7%D7%95%D7%98%D7%A8-90110/
7872154070,מצרה אולטרה סיילנט פלוס בקוטר 125/110,מצרה,,Ultra Silent Plus,,,,,,,125/110,125,110,,,,,,,,,7872154070.jpg,5,https://www.huliot.co.il/product/%D7%9E%D7%A6%D7%A8%D7%94-%D7%90%D7%95%D7%9C%D7%98%D7%A8%D7%94-%D7%A1%D7%99%D7%99%D7%9C%D7%A0%D7%98-%D7%A4%D7%9C%D7%95%D7%A1-%D7%91%D7%A7%D7%95%D7%98%D7%A8-125110/
7872164070,מצרה אולטרה סיילנט פלוס בקוטר 160/125,מצרה,,Ultra Silent Plus,,,,,,,160/125,160,125,,,,,,,,,7872164070.jpg,6,https://www.huliot.co.il/product/%D7%9E%D7%A6%D7%A8%D7%94-%D7%90%D7%95%D7%9C%D7%98%D7%A8%D7%94-%D7%A1%D7%99%D7%99%D7%9C%D7%A0%D7%98-%D7%A4%D7%9C%D7%95%D7%A1-%D7%91%D7%A7%D7%95%D7%98%D7%A8-160125/
83464040,מצרה לביוב 160/110,מצרה,,,ביוב,,,,,,160/110,160,110,,,,,,,,,83464040.jpg,3,https://www.huliot.co.il/product/%D7%9E%D7%A6%D7%A8%D7%94-%D7%9C%D7%91%D7%99%D7%95%D7%91-160110/
83486040,מצרה לביוב 200/160,מצרה,,,ביוב,,,,,,200/160,200,160,,,,,,,,,83486040.jpg,4,https://www.huliot.co.il/product/%D7%9E%D7%A6%D7%A8%D7%94-%D7%9C%D7%91%D7%99%D7%95%D7%91-200160/
43498040,מצרה לביוב 250/200,מצרה,,,ביוב,,,,,,250/200,250,200,,,,,,,,,43498040.jpg,4,https://www.huliot.co.il/product/%D7%9E%D7%A6%D7%A8%D7%94-%D7%9C%D7%91%D7%99%D7%95%D7%91-250200/
43440200,מצרה לביוב 400/200,מצרה,,,ביוב,,,,,,400/200,400,200,,,,,,,,,43440200.jpg,4,https://www.huliot.co.il/product/%D7%9E%D7%A6%D7%A8%D7%94-%D7%9C%D7%91%D7%99%D7%95%D7%91-400200/
42144040,מצרה לתיקון 110/100,מצרה,,,,,,,,,110/100,110,100,,,,,,,,לתיקון,42144040.jpg,3,https://www.huliot.co.il/product/%D7%9E%D7%A6%D7%A8%D7%94-%D7%9C%D7%AA%D7%99%D7%A7%D7%95%D7%9F-110100/
42144145,מצרה לתיקון 110/94,מצרה,,,,,,,,,110/94,110,94,,,,,,,,לתיקון,42144145.jpg,4,https://www.huliot.co.il/product/%D7%9E%D7%A6%D7%A8%D7%94-%D7%9C%D7%AA%D7%99%D7%A7%D7%95%D7%9F-11094/
42142050,מצרה שקע תקע לשפכים חמים 110/50,מצרה,,,שפכים חמים,שקע-תקע,,,,,110/50,110,50,,,,,,,,,42142050.jpg,3,https://www.huliot.co.il/product/%D7%9E%D7%A6%D7%A8%D7%94-%D7%A9%D7%A7%D7%A2-%D7%AA%D7%A7%D7%A2-%D7%9C%D7%A9%D7%A4%D7%9B%D7%99%D7%9D-%D7%97%D7%9E%D7%99%D7%9D-11050/
42143050,מצרה שקע תקע לשפכים חמים 110/75,מצרה,,,שפכים חמים,שקע-תקע,,,,,110/75,110,75,,,,,,,,,42143050.jpg,3,https://www.huliot.co.il/product/%D7%9E%D7%A6%D7%A8%D7%94-%D7%A9%D7%A7%D7%A2-%D7%AA%D7%A7%D7%A2-%D7%9C%D7%A9%D7%A4%D7%9B%D7%99%D7%9D-%D7%97%D7%9E%D7%99%D7%9D-11075/
42154060,מצרה שקע תקע לשפכים חמים 125/110,מצרה,,,שפכים חמים,שקע-תקע,,,,,125/110,125,110,,,,,,,,,42154060.jpg,3,https://www.huliot.co.il/product/%D7%9E%D7%A6%D7%A8%D7%94-%D7%A9%D7%A7%D7%A2-%D7%AA%D7%A7%D7%A2-%D7%9C%D7%A9%D7%A4%D7%9B%D7%99%D7%9D-%D7%97%D7%9E%D7%99%D7%9D-125110/
42164050,מצרה שקע תקע לשפכים חמים 160/110,מצרה,,,שפכים חמים,שקע-תקע,,,,,160/110,160,110,,,,,,,,,42164050.jpg,3,https://www.huliot.co.il/product/%D7%9E%D7%A6%D7%A8%D7%94-%D7%A9%D7%A7%D7%A2-%D7%AA%D7%A7%D7%A2-%D7%9C%D7%A9%D7%A4%D7%9B%D7%99%D7%9D-%D7%97%D7%9E%D7%99%D7%9D-160110/
42121060,מצרה שקע תקע לשפכים חמים 50/40,מצרה,,,שפכים חמים,שקע-תקע,,,,,50/40,50,40,,,,,,,,,42121060.jpg,3,https://www.huliot.co.il/product/%D7%9E%D7%A6%D7%A8%D7%94-%D7%A9%D7%A7%D7%A2-%D7%AA%D7%A7%D7%A2-%D7%9C%D7%A9%D7%A4%D7%9B%D7%99%D7%9D-%D7%97%D7%9E%D7%99%D7%9D-5040/
42132050,מצרה שקע תקע לשפכים חמים 75/50,מצרה,,,שפכים חמים,שקע-תקע,,,,,75/50,75,50,,,,,,,,,42132050.jpg,3,https://www.huliot.co.il/product/%D7%9E%D7%A6%D7%A8%D7%94-%D7%A9%D7%A7%D7%A2-%D7%AA%D7%A7%D7%A2-%D7%9C%D7%A9%D7%A4%D7%9B%D7%99%D7%9D-%D7%97%D7%9E%D7%99%D7%9D-7550/
87498070,מצרה 250/200,מצרה,,,,,,,,,250/200,250,200,,,,,,,,,87498070.jpg,6,https://www.huliot.co.il/product/%D7%9E%D7%A6%D7%A8%D7%94-250-200/
72143260,מצרה 32/40 ™SmartLock,מצרה,,SmartLock,,,,,,,32/40,32,40,,,,,,,,,72143260.jpg,5,https://www.huliot.co.il/product/%D7%9E%D7%A6%D7%A8%D7%94-32-40-smartlock/
72153260,מצרה 32/50 ™SmartLock,מצרה,,SmartLock,,,,,,,32/50,32,50,,,,,,,,,72153260.jpg,6,https://www.huliot.co.il/product/%D7%9E%D7%A6%D7%A8%D7%94-32-50-smartlock/
72150460,מצרה 40/50 ™SmartLock,מצרה,,SmartLock,,,,,,,40/50,40,50,,,,,,,,,72150460.jpg,6,https://www.huliot.co.il/product/%D7%9E%D7%A6%D7%A8%D7%94-40-50-smartlock/
62153260,מצרה 50/32,מצרה,,,,,,,,,50/32,50,32,,,,,,,,,62153260.jpg,5,https://www.huliot.co.il/product/%D7%9E%D7%A6%D7%A8%D7%94-50-32/
72163563,מצרה 50/63 ™SmartLock,מצרה,,SmartLock,,,,,,,50/63,50,63,,,,,,,,,72163563.jpg,4,https://www.huliot.co.il/product/%D7%9E%D7%A6%D7%A8%D7%94-50-63-smartlock/
62161560,מצרה 60/50 צד אחד חלק חיבור ברזל ופלסטיק,מצרה,צד אחד חלק,,,,,,פלסטיק,,60/50,60,50,,,,,,,,חיבור ברזל ו,62161560.jpg,5,https://www.huliot.co.il/product/%D7%9E%D7%A6%D7%A8%D7%94-60-50-%D7%A6%D7%93-%D7%90%D7%97%D7%93-%D7%97%D7%9C%D7%A7-%D7%97%D7%99%D7%91%D7%95%D7%A8-%D7%91%D7%A8%D7%96%D7%9C-%D7%95%D7%A4%D7%9C%D7%A1%D7%98%D7%99%D7%A7/
62161560,מצרה 60/50 צד אחד חלק,מצרה,צד אחד חלק,,,,,,,,60/50,60,50,,,,,,,,,62161560.jpg,5,https://www.huliot.co.il/product/%D7%9E%D7%A6%D7%A8%D7%94-60-50-%D7%A6%D7%93-%D7%90%D7%97%D7%93-%D7%97%D7%9C%D7%A7/
62160560,מצרה 60/50,מצרה,,,,,,,,,60/50,60,50,,,,,,,,,62160560.jpg,5,https://www.huliot.co.il/product/%D7%9E%D7%A6%D7%A8%D7%94-60-50/
62163563,מצרה 63/50,מצרה,,,,,,,,,63/50,63,50,,,,,,,,,62163563.jpg,5,https://www.huliot.co.il/product/%D7%9E%D7%A6%D7%A8%D7%94-63-50/
99550940,מקדח עבור רוכבים 20+25,,,,,,,,,,20/25,20,25,,,,,,,,מקדח עבור רוכבים +,99550940.jpg,5,https://www.huliot.co.il/product/%D7%9E%D7%A7%D7%93%D7%97-%D7%A2%D7%91%D7%95%D7%A8-%D7%A8%D7%95%D7%9B%D7%91%D7%99%D7%9D-2025/
99550942,מקדח עבור רוכבים 32,,,,,,,,,,32,32,,,,,,,,,מקדח עבור רוכבים,99550942.jpg,4,https://www.huliot.co.il/product/%D7%9E%D7%A7%D7%93%D7%97-%D7%A2%D7%91%D7%95%D7%A8-%D7%A8%D7%95%D7%9B%D7%91%D7%99%D7%9D-32/
99550944,מקדח עבור רוכבים 40,,,,,,,,,,40,40,,,,,,,,,מקדח עבור רוכבים,99550944.jpg,5,https://www.huliot.co.il/product/%D7%9E%D7%A7%D7%93%D7%97-%D7%A2%D7%91%D7%95%D7%A8-%D7%A8%D7%95%D7%9B%D7%91%D7%99%D7%9D-40/
99550946,מקדח עבור רוכבים 50,,,,,,,,,,50,50,,,,,,,,,מקדח עבור רוכבים,99550946.jpg,4,https://www.huliot.co.il/product/%D7%9E%D7%A7%D7%93%D7%97-%D7%A2%D7%91%D7%95%D7%A8-%D7%A8%D7%95%D7%9B%D7%91%D7%99%D7%9D-50/
99550948,מקדח עבור רוכבים 63,,,,,,,,,,63,63,,,,,,,,,מקדח עבור רוכבים,99550948.jpg,3,https://www.huliot.co.il/product/%D7%9E%D7%A7%D7%93%D7%97-%D7%A2%D7%91%D7%95%D7%A8-%D7%A8%D7%95%D7%9B%D7%91%D7%99%D7%9D-63/
99550952,מקדח עבור רוכבים 90,,,,,,,,,,90,90,,,,,,,,,מקדח עבור רוכבים,99550952.jpg,4,https://www.huliot.co.il/product/%D7%9E%D7%A7%D7%93%D7%97-%D7%A2%D7%91%D7%95%D7%A8-%D7%A8%D7%95%D7%9B%D7%91%D7%99%D7%9D-90/
47700013,"משחת החלקה לצינורות פלסטיק 1000 מ""ל",,,,לצינורות,,,,פלסטיק,,1000,1000,,,,,,,,,משחת החלקה מ ל,47700013.jpg,6,https://www.huliot.co.il/product/%D7%9E%D7%A9%D7%97%D7%AA-%D7%94%D7%97%D7%9C%D7%A7%D7%94-%D7%9C%D7%A6%D7%99%D7%A0%D7%95%D7%A8%D7%95%D7%AA-%D7%A4%D7%9C%D7%A1%D7%98%D7%99%D7%A7-1000-%D7%9E%D7%9C-2/
47700013,"משחת החלקה לצינורות פלסטיק 1000 מ""ל",,,,לצינורות,,,,פלסטיק,,1000,1000,,,,,,,,,משחת החלקה מ ל,47700013.jpg,4,https://www.huliot.co.il/product/%D7%9E%D7%A9%D7%97%D7%AA-%D7%94%D7%97%D7%9C%D7%A7%D7%94-%D7%9C%D7%A6%D7%99%D7%A0%D7%95%D7%A8%D7%95%D7%AA-%D7%A4%D7%9C%D7%A1%D7%98%D7%99%D7%A7-1000-%D7%9E%D7%9C/
47700012,"משחת החלקה לצינורות פלסטיק 250 מ""ל",,,,לצינורות,,,,פלסטיק,,250,250,,,,,,,,,משחת החלקה מ ל,47700012.jpg,6,https://www.huliot.co.il/product/%D7%9E%D7%A9%D7%97%D7%AA-%D7%94%D7%97%D7%9C%D7%A7%D7%94-%D7%9C%D7%A6%D7%99%D7%A0%D7%95%D7%A8%D7%95%D7%AA-%D7%A4%D7%9C%D7%A1%D7%98%D7%99%D7%A7-250-%D7%9E%D7%9C-2/
47700012,"משחת החלקה לצינורות פלסטיק 250 מ""ל",,,,לצינורות,,,,פלסטיק,,250,250,,,,,,,,,משחת החלקה מ ל,47700012.jpg,4,https://www.huliot.co.il/product/%D7%9E%D7%A9%D7%97%D7%AA-%D7%94%D7%97%D7%9C%D7%A7%D7%94-%D7%9C%D7%A6%D7%99%D7%A0%D7%95%D7%A8%D7%95%D7%AA-%D7%A4%D7%9C%D7%A1%D7%98%D7%99%D7%A7-250-%D7%9E%D7%9C/
47700013,"משחת החלקה לצינורות 1000 מ""ל",,,,לצינורות,,,,,,1000,1000,,,,,,,,,משחת החלקה מ ל,47700013.jpg,3,https://www.huliot.co.il/product/%D7%9E%D7%A9%D7%97%D7%AA-%D7%94%D7%97%D7%9C%D7%A7%D7%94-%D7%9C%D7%A6%D7%99%D7%A0%D7%95%D7%A8%D7%95%D7%AA-1000-%D7%9E%D7%9C/
47700012,"משחת החלקה לצינורות 250 מ""ל",,,,לצינורות,,,,,,250,250,,,,,,,,,משחת החלקה מ ל,47700012.jpg,3,https://www.huliot.co.il/product/%D7%9E%D7%A9%D7%97%D7%AA-%D7%94%D7%97%D7%9C%D7%A7%D7%94-%D7%9C%D7%A6%D7%99%D7%A0%D7%95%D7%A8%D7%95%D7%AA-250-%D7%9E%D7%9C/
61233161,"משפך ""¼1 קומפלט",משפך,,,,,,,,,,,,,,"¼1""",,,,,קומפלט,61233161.jpg,6,https://www.huliot.co.il/product/%D7%9E%D7%A9%D7%A4%D7%9A-%C2%BC1-%D7%A7%D7%95%D7%9E%D7%A4%D7%9C%D7%98/
61233162,"משפך ארוך ""¼1 קומפלט",משפך,ארוך,,,,,,,,,,,,,"¼1""",,,,,קומפלט,61233162.jpg,4,https://www.huliot.co.il/product/%D7%9E%D7%A9%D7%A4%D7%9A-%D7%90%D7%A8%D7%95%D7%9A-%C2%BC1-%D7%A7%D7%95%D7%9E%D7%A4%D7%9C%D7%98/
61450365,"משפך ""2 קומפלט",משפך,,,,,,,,,,,,,,"2""",,,,,קומפלט,61450365.jpg,6,https://www.huliot.co.il/product/%D7%9E%D7%A9%D7%A4%D7%9A-2-%D7%A7%D7%95%D7%9E%D7%A4%D7%9C%D7%98/
70940160,מתאם זוית – ג'וקר 40 ™SmartLock,מתאם,זוית,SmartLock,,,,,,,40,40,,,,,,,,,ג'וקר,70940160.jpg,5,https://www.huliot.co.il/product/%D7%9E%D7%AA%D7%90%D7%9D-%D7%96%D7%95%D7%99%D7%AA-%D7%92%D7%95%D7%A7%D7%A8-40-smartlock/
70850060,מתאם זוית – ג'וקר 50 ™SmartLock,מתאם,זוית,SmartLock,,,,,,,50,50,,,,,,,,,ג'וקר,70850060.jpg,6,https://www.huliot.co.il/product/%D7%9E%D7%AA%D7%90%D7%9D-%D7%96%D7%95%D7%99%D7%AA-%D7%92%D7%95%D7%A7%D7%A8-50-smartlock/
70963160,מתאם זוית – ג'וקר 63 ™SmartLock,מתאם,זוית,SmartLock,,,,,,,63,63,,,,,,,,,ג'וקר,70963160.jpg,5,https://www.huliot.co.il/product/%D7%9E%D7%AA%D7%90%D7%9D-%D7%96%D7%95%D7%99%D7%AA-%D7%92%D7%95%D7%A7%D7%A8-63-smartlock/
61300030,מתאם זחיח “½1 לכיור אמריקאי עם כניסה למדיח,מתאם,עם כניסה למדיח|זחיח,,כיור אמריקאי,,,,,,,,,,,"½1""",,,,,,61300030.jpg,6,https://www.huliot.co.il/product/%D7%9E%D7%AA%D7%90%D7%9D-%D7%96%D7%97%D7%99%D7%97-%C2%BD1-%D7%9C%D7%9B%D7%99%D7%95%D7%A8-%D7%90%D7%9E%D7%A8%D7%99%D7%A7%D7%90%D7%99-%D7%A2%D7%9D-%D7%9B%D7%A0%D7%99%D7%A1%D7%94-%D7%9C%D7%9E-2/
61300030,מתאם זחיח “½1 לכיור אמריקאי עם כניסה למדיח,מתאם,עם כניסה למדיח|זחיח,,כיור אמריקאי,,,,,,,,,,,"½1""",,,,,,61300030.jpg,5,https://www.huliot.co.il/product/%D7%9E%D7%AA%D7%90%D7%9D-%D7%96%D7%97%D7%99%D7%97-%C2%BD1-%D7%9C%D7%9B%D7%99%D7%95%D7%A8-%D7%90%D7%9E%D7%A8%D7%99%D7%A7%D7%90%D7%99-%D7%A2%D7%9D-%D7%9B%D7%A0%D7%99%D7%A1%D7%94-%D7%9C%D7%9E/
45000001,מתאם לקולט מי גשמים בקוטר 110,מתאם,,,,,,,,,110,110,,,,,,,,,לקולט מי גשמים,45000001.jpg,4,https://www.huliot.co.il/product/%D7%9E%D7%AA%D7%90%D7%9D-%D7%9C%D7%A7%D7%95%D7%9C%D7%98-%D7%9E%D7%99-%D7%92%D7%A9%D7%9E%D7%99%D7%9D-%D7%91%D7%A7%D7%95%D7%98%D7%A8-110/
45000003,מתאם לקולט מי גשמים בקוטר 75,מתאם,,,,,,,,,75,75,,,,,,,,,לקולט מי גשמים,45000003.jpg,3,https://www.huliot.co.il/product/%D7%9E%D7%AA%D7%90%D7%9D-%D7%9C%D7%A7%D7%95%D7%9C%D7%98-%D7%9E%D7%99-%D7%92%D7%A9%D7%9E%D7%99%D7%9D-%D7%91%D7%A7%D7%95%D7%98%D7%A8-75/
9091021314,"מתאם לריתוך הברגה (משושה) תבריג חיצוני ""32/1 נטול עופרת",מתאם,משושה|נטול עופרת,,,ריתוך,חיצוני,,,,,,,,,"3""",,,,,2 1,9091021314.jpg,5,https://www.huliot.co.il/product/%D7%9E%D7%AA%D7%90%D7%9D-%D7%9C%D7%A8%D7%99%D7%AA%D7%95%D7%9A-%D7%94%D7%91%D7%A8%D7%92%D7%94-%D7%9E%D7%A9%D7%95%D7%A9%D7%94-%D7%AA%D7%91%D7%A8%D7%99%D7%92-%D7%97%D7%99%D7%A6%D7%95%D7%A0%D7%99-321/
9091021317,"מתאם לריתוך הברגה (משושה) תבריג חיצוני ""40/1 נטול עופרת",מתאם,משושה|נטול עופרת,,,ריתוך,חיצוני,,,,,,,,,"4""",,,,,0 1,9091021317.jpg,4,https://www.huliot.co.il/product/%D7%9E%D7%AA%D7%90%D7%9D-%D7%9C%D7%A8%D7%99%D7%AA%D7%95%D7%9A-%D7%94%D7%91%D7%A8%D7%92%D7%94-%D7%9E%D7%A9%D7%95%D7%A9%D7%94-%D7%AA%D7%91%D7%A8%D7%99%D7%92-%D7%97%D7%99%D7%A6%D7%95%D7%A0%D7%99-401/
9091021318,"מתאם לריתוך הברגה (משושה) תבריג חיצוני ""40/11/4 נטול עופרת",מתאם,משושה|נטול עופרת,,,ריתוך,חיצוני,,,,11/4,11,4,,,"4""",,,,,0,9091021318.jpg,4,https://www.huliot.co.il/product/%D7%9E%D7%AA%D7%90%D7%9D-%D7%9C%D7%A8%D7%99%D7%AA%D7%95%D7%9A-%D7%94%D7%91%D7%A8%D7%92%D7%94-%D7%9E%D7%A9%D7%95%D7%A9%D7%94-%D7%AA%D7%91%D7%A8%D7%99%D7%92-%D7%97%D7%99%D7%A6%D7%95%D7%A0%D7%99-4011/
9091021320,"מתאם לריתוך הברגה (משושה) תבריג חיצוני ""50/11/2 נטול עופרת",מתאם,משושה|נטול עופרת,,,ריתוך,חיצוני,,,,11/2,11,2,,,"5""",,,,,0,9091021320.jpg,5,https://www.huliot.co.il/product/%D7%9E%D7%AA%D7%90%D7%9D-%D7%9C%D7%A8%D7%99%D7%AA%D7%95%D7%9A-%D7%94%D7%91%D7%A8%D7%92%D7%94-%D7%9E%D7%A9%D7%95%D7%A9%D7%94-%D7%AA%D7%91%D7%A8%D7%99%D7%92-%D7%97%D7%99%D7%A6%D7%95%D7%A0%D7%99-5011-2/
91618162,"מתאם לריתוך הברגה (משושה) תבריג חיצוני ""50/11/4",מתאם,משושה,,,ריתוך,חיצוני,,,,11/4,11,4,,,"5""",,,,,0,91618162.jpg,4,https://www.huliot.co.il/product/%D7%9E%D7%AA%D7%90%D7%9D-%D7%9C%D7%A8%D7%99%D7%AA%D7%95%D7%9A-%D7%94%D7%91%D7%A8%D7%92%D7%94-%D7%9E%D7%A9%D7%95%D7%A9%D7%94-%D7%AA%D7%91%D7%A8%D7%99%D7%92-%D7%97%D7%99%D7%A6%D7%95%D7%A0%D7%99-5011/
9091021321,"מתאם לריתוך הברגה (משושה) תבריג חיצוני ""63/11/2 נטול עופרת",מתאם,משושה|נטול עופרת,,,ריתוך,חיצוני,,,,11/2,11,2,,,"6""",,,,,3,9091021321.jpg,4,https://www.huliot.co.il/product/%D7%9E%D7%AA%D7%90%D7%9D-%D7%9C%D7%A8%D7%99%D7%AA%D7%95%D7%9A-%D7%94%D7%91%D7%A8%D7%92%D7%94-%D7%9E%D7%A9%D7%95%D7%A9%D7%94-%D7%AA%D7%91%D7%A8%D7%99%D7%92-%D7%97%D7%99%D7%A6%D7%95%D7%A0%D7%99-6311/
9091021322,"מתאם לריתוך הברגה (משושה) תבריג חיצוני ""63/2 נטול עופרת",מתאם,משושה|נטול עופרת,,,ריתוך,חיצוני,,,,,,,,,"6""",,,,,3 2,9091021322.jpg,5,https://www.huliot.co.il/product/%D7%9E%D7%AA%D7%90%D7%9D-%D7%9C%D7%A8%D7%99%D7%AA%D7%95%D7%9A-%D7%94%D7%91%D7%A8%D7%92%D7%94-%D7%9E%D7%A9%D7%95%D7%A9%D7%94-%D7%AA%D7%91%D7%A8%D7%99%D7%92-%D7%97%D7%99%D7%A6%D7%95%D7%A0%D7%99-632/
9091021323,"מתאם לריתוך הברגה (משושה) תבריג חיצוני ""75/2 נטול עופרת",מתאם,משושה|נטול עופרת,,,ריתוך,חיצוני,,,,,,,,,"7""",,,,,5 2,9091021323.jpg,4,https://www.huliot.co.il/product/%D7%9E%D7%AA%D7%90%D7%9D-%D7%9C%D7%A8%D7%99%D7%AA%D7%95%D7%9A-%D7%94%D7%91%D7%A8%D7%92%D7%94-%D7%9E%D7%A9%D7%95%D7%A9%D7%94-%D7%AA%D7%91%D7%A8%D7%99%D7%92-%D7%97%D7%99%D7%A6%D7%95%D7%A0%D7%99-752/
91618167,"מתאם לריתוך הברגה (משושה) תבריג חיצוני ""75/21/2",מתאם,משושה,,,ריתוך,חיצוני,,,,21/2,21,2,,,"7""",,,,,5,91618167.jpg,4,https://www.huliot.co.il/product/%D7%9E%D7%AA%D7%90%D7%9D-%D7%9C%D7%A8%D7%99%D7%AA%D7%95%D7%9A-%D7%94%D7%91%D7%A8%D7%92%D7%94-%D7%9E%D7%A9%D7%95%D7%A9%D7%94-%D7%AA%D7%91%D7%A8%D7%99%D7%92-%D7%97%D7%99%D7%A6%D7%95%D7%A0%D7%99-7521/
9091021114,"מתאם לריתוך הברגה (משושה) תבריג פנימי ""32/1 נטול עופרת",מתאם,משושה|נטול עופרת,,,ריתוך,פנימי,,,,,,,,,"3""",,,,,2 1,9091021114.jpg,4,https://www.huliot.co.il/product/%D7%9E%D7%AA%D7%90%D7%9D-%D7%9C%D7%A8%D7%99%D7%AA%D7%95%D7%9A-%D7%94%D7%91%D7%A8%D7%92%D7%94-%D7%9E%D7%A9%D7%95%D7%A9%D7%94-%D7%AA%D7%91%D7%A8%D7%99%D7%92-%D7%A4%D7%A0%D7%99%D7%9E%D7%99-321/
9091021115,"מתאם לריתוך הברגה (משושה) תבריג פנימי ""40/1 נטול עופרת",מתאם,משושה|נטול עופרת,,,ריתוך,פנימי,,,,,,,,,"4""",,,,,0 1,9091021115.jpg,4,https://www.huliot.co.il/product/%D7%9E%D7%AA%D7%90%D7%9D-%D7%9C%D7%A8%D7%99%D7%AA%D7%95%D7%9A-%D7%94%D7%91%D7%A8%D7%92%D7%94-%D7%9E%D7%A9%D7%95%D7%A9%D7%94-%D7%AA%D7%91%D7%A8%D7%99%D7%92-%D7%A4%D7%A0%D7%99%D7%9E%D7%99-401/
9091021116,"מתאם לריתוך הברגה (משושה) תבריג פנימי ""40/11/4 נטול עופרת",מתאם,משושה|נטול עופרת,,,ריתוך,פנימי,,,,11/4,11,4,,,"4""",,,,,0,9091021116.jpg,5,https://www.huliot.co.il/product/%D7%9E%D7%AA%D7%90%D7%9D-%D7%9C%D7%A8%D7%99%D7%AA%D7%95%D7%9A-%D7%94%D7%91%D7%A8%D7%92%D7%94-%D7%9E%D7%A9%D7%95%D7%A9%D7%94-%D7%AA%D7%91%D7%A8%D7%99%D7%92-%D7%A4%D7%A0%D7%99%D7%9E%D7%99-40114/
9091021118,"מתאם לריתוך הברגה (משושה) תבריג פנימי ""50/11/2 נטול עופרת",מתאם,משושה|נטול עופרת,,,ריתוך,פנימי,,,,11/2,11,2,,,"5""",,,,,0,9091021118.jpg,4,https://www.huliot.co.il/product/%D7%9E%D7%AA%D7%90%D7%9D-%D7%9C%D7%A8%D7%99%D7%AA%D7%95%D7%9A-%D7%94%D7%91%D7%A8%D7%92%D7%94-%D7%9E%D7%A9%D7%95%D7%A9%D7%94-%D7%AA%D7%91%D7%A8%D7%99%D7%92-%D7%A4%D7%A0%D7%99%D7%9E%D7%99-50112/
91618112,"מתאם לריתוך הברגה (משושה) תבריג פנימי ""50/11/4",מתאם,משושה,,,ריתוך,פנימי,,,,11/4,11,4,,,"5""",,,,,0,91618112.jpg,4,https://www.huliot.co.il/product/%D7%9E%D7%AA%D7%90%D7%9D-%D7%9C%D7%A8%D7%99%D7%AA%D7%95%D7%9A-%D7%94%D7%91%D7%A8%D7%92%D7%94-%D7%9E%D7%A9%D7%95%D7%A9%D7%94-%D7%AA%D7%91%D7%A8%D7%99%D7%92-%D7%A4%D7%A0%D7%99%D7%9E%D7%99-50114/
91618114,"מתאם לריתוך הברגה (משושה) תבריג פנימי ""63/11/2",מתאם,משושה,,,ריתוך,פנימי,,,,11/2,11,2,,,"6""",,,,,3,91618114.jpg,4,https://www.huliot.co.il/product/%D7%9E%D7%AA%D7%90%D7%9D-%D7%9C%D7%A8%D7%99%D7%AA%D7%95%D7%9A-%D7%94%D7%91%D7%A8%D7%92%D7%94-%D7%9E%D7%A9%D7%95%D7%A9%D7%94-%D7%AA%D7%91%D7%A8%D7%99%D7%92-%D7%A4%D7%A0%D7%99%D7%9E%D7%99-63112/
9091021120,"מתאם לריתוך הברגה (משושה) תבריג פנימי ""63/2 נטול עופרת",מתאם,משושה|נטול עופרת,,,ריתוך,פנימי,,,,,,,,,"6""",,,,,3 2,9091021120.jpg,4,https://www.huliot.co.il/product/%D7%9E%D7%AA%D7%90%D7%9D-%D7%9C%D7%A8%D7%99%D7%AA%D7%95%D7%9A-%D7%94%D7%91%D7%A8%D7%92%D7%94-%D7%9E%D7%A9%D7%95%D7%A9%D7%94-%D7%AA%D7%91%D7%A8%D7%99%D7%92-%D7%A4%D7%A0%D7%99%D7%9E%D7%99-632/
91618116,"מתאם לריתוך הברגה (משושה) תבריג פנימי ""75/2",מתאם,משושה,,,ריתוך,פנימי,,,,,,,,,"7""",,,,,5 2,91618116.jpg,5,https://www.huliot.co.il/product/%D7%9E%D7%AA%D7%90%D7%9D-%D7%9C%D7%A8%D7%99%D7%AA%D7%95%D7%9A-%D7%94%D7%91%D7%A8%D7%92%D7%94-%D7%9E%D7%A9%D7%95%D7%A9%D7%94-%D7%AA%D7%91%D7%A8%D7%99%D7%92-%D7%A4%D7%A0%D7%99%D7%9E%D7%99-752/
91618170,"מתאם לריתוך הברגה (מתומן) תבריג חיצוני ""110/4",מתאם,,,,ריתוך,חיצוני,,,,10/4,10,4,,,"1""",,,,,מתומן,91618170.jpg,4,https://www.huliot.co.il/product/%D7%9E%D7%AA%D7%90%D7%9D-%D7%9C%D7%A8%D7%99%D7%AA%D7%95%D7%9A-%D7%94%D7%91%D7%A8%D7%92%D7%94-%D7%9E%D7%AA%D7%95%D7%9E%D7%9F-%D7%AA%D7%91%D7%A8%D7%99%D7%92-%D7%97%D7%99%D7%A6%D7%95%D7%A0%D7%99-1104/
9091021325,"מתאם לריתוך הברגה (מתומן) תבריג חיצוני ""90/3 נטול עופרת",מתאם,נטול עופרת,,,ריתוך,חיצוני,,,,,,,,,"9""",,,,,מתומן 0 3,9091021325.jpg,3,https://www.huliot.co.il/product/%D7%9E%D7%AA%D7%90%D7%9D-%D7%9C%D7%A8%D7%99%D7%AA%D7%95%D7%9A-%D7%94%D7%91%D7%A8%D7%92%D7%94-%D7%9E%D7%AA%D7%95%D7%9E%D7%9F-%D7%AA%D7%91%D7%A8%D7%99%D7%92-%D7%97%D7%99%D7%A6%D7%95%D7%A0%D7%99-903/
9091021208,"מתאם לריתוך הברגה עגול – תבריג חיצוני ""½/20 נטול עופרת",מתאם,עגול|נטול עופרת,,,ריתוך,חיצוני,,,,,,,,,"½""",,,,,20,9091021208.jpg,4,https://www.huliot.co.il/product/%D7%9E%D7%AA%D7%90%D7%9D-%D7%9C%D7%A8%D7%99%D7%AA%D7%95%D7%9A-%D7%94%D7%91%D7%A8%D7%92%D7%94-%D7%A2%D7%92%D7%95%D7%9C-%D7%AA%D7%91%D7%A8%D7%99%D7%92-%D7%97%D7%99%D7%A6%D7%95%D7%A0%D7%99-%C2%BD20/
9091021211,"מתאם לריתוך הברגה עגול – תבריג חיצוני ""½/25 נטול עופרת",מתאם,עגול|נטול עופרת,,,ריתוך,חיצוני,,,,,,,,,"½""",,,,,25,9091021211.jpg,5,https://www.huliot.co.il/product/%D7%9E%D7%AA%D7%90%D7%9D-%D7%9C%D7%A8%D7%99%D7%AA%D7%95%D7%9A-%D7%94%D7%91%D7%A8%D7%92%D7%94-%D7%A2%D7%92%D7%95%D7%9C-%D7%AA%D7%91%D7%A8%D7%99%D7%92-%D7%97%D7%99%D7%A6%D7%95%D7%A0%D7%99-%C2%BD25/
9091021210,"מתאם לריתוך הברגה עגול – תבריג חיצוני ""¾/20 נטול עופרת",מתאם,עגול|נטול עופרת,,,ריתוך,חיצוני,,,,,,,,,"¾""",,,,,20,9091021210.jpg,4,https://www.huliot.co.il/product/%D7%9E%D7%AA%D7%90%D7%9D-%D7%9C%D7%A8%D7%99%D7%AA%D7%95%D7%9A-%D7%94%D7%91%D7%A8%D7%92%D7%94-%D7%A2%D7%92%D7%95%D7%9C-%D7%AA%D7%91%D7%A8%D7%99%D7%92-%D7%97%D7%99%D7%A6%D7%95%D7%A0%D7%99-%C2%BE20/
9091021212,"מתאם לריתוך הברגה עגול – תבריג חיצוני ""¾/25 נטול עופרת",מתאם,עגול|נטול עופרת,,,ריתוך,חיצוני,,,,,,,,,"¾""",,,,,25,9091021212.jpg,5,https://www.huliot.co.il/product/%D7%9E%D7%AA%D7%90%D7%9D-%D7%9C%D7%A8%D7%99%D7%AA%D7%95%D7%9A-%D7%94%D7%91%D7%A8%D7%92%D7%94-%D7%A2%D7%92%D7%95%D7%9C-%D7%AA%D7%91%D7%A8%D7%99%D7%92-%D7%97%D7%99%D7%A6%D7%95%D7%A0%D7%99-%C2%BE25/
9091021213,"מתאם לריתוך הברגה עגול – תבריג חיצוני ""¾/32 נטול עופרת",מתאם,עגול|נטול עופרת,,,ריתוך,חיצוני,,,,,,,,,"¾""",,,,,32,9091021213.jpg,4,https://www.huliot.co.il/product/%D7%9E%D7%AA%D7%90%D7%9D-%D7%9C%D7%A8%D7%99%D7%AA%D7%95%D7%9A-%D7%94%D7%91%D7%A8%D7%92%D7%94-%D7%A2%D7%92%D7%95%D7%9C-%D7%AA%D7%91%D7%A8%D7%99%D7%92-%D7%97%D7%99%D7%A6%D7%95%D7%A0%D7%99-%C2%BE32/
9091021011,"מתאם לריתוך הברגה עגול – תבריג פנימי ""½/25 נטול עופרת",מתאם,עגול|נטול עופרת,,,ריתוך,פנימי,,,,,,,,,"½""",,,,,25,9091021011.jpg,4,https://www.huliot.co.il/product/%D7%9E%D7%AA%D7%90%D7%9D-%D7%9C%D7%A8%D7%99%D7%AA%D7%95%D7%9A-%D7%94%D7%91%D7%A8%D7%92%D7%94-%D7%A2%D7%92%D7%95%D7%9C-%D7%AA%D7%91%D7%A8%D7%99%D7%92-%D7%A4%D7%A0%D7%99%D7%9E%D7%99-%C2%BD25/
9091021010,"מתאם לריתוך הברגה עגול – תבריג פנימי ""¾/20 נטול עופרת",מתאם,עגול|נטול עופרת,,,ריתוך,פנימי,,,,,,,,,"¾""",,,,,20,9091021010.jpg,4,https://www.huliot.co.il/product/%D7%9E%D7%AA%D7%90%D7%9D-%D7%9C%D7%A8%D7%99%D7%AA%D7%95%D7%9A-%D7%94%D7%91%D7%A8%D7%92%D7%94-%D7%A2%D7%92%D7%95%D7%9C-%D7%AA%D7%91%D7%A8%D7%99%D7%92-%D7%A4%D7%A0%D7%99%D7%9E%D7%99-%C2%BE20/
91621012,"מתאם לריתוך הברגה עגול – תבריג פנימי ""¾/25",מתאם,עגול,,,ריתוך,פנימי,,,,,,,,,"¾""",,,,,25,91621012.jpg,4,https://www.huliot.co.il/product/%D7%9E%D7%AA%D7%90%D7%9D-%D7%9C%D7%A8%D7%99%D7%AA%D7%95%D7%9A-%D7%94%D7%91%D7%A8%D7%92%D7%94-%D7%A2%D7%92%D7%95%D7%9C-%D7%AA%D7%91%D7%A8%D7%99%D7%92-%D7%A4%D7%A0%D7%99%D7%9E%D7%99-%C2%BE25/
9091021013,"מתאם לריתוך הברגה עגול – תבריג פנימי ""¾/32 נטול עופרת",מתאם,עגול|נטול עופרת,,,ריתוך,פנימי,,,,,,,,,"¾""",,,,,32,9091021013.jpg,4,https://www.huliot.co.il/product/%D7%9E%D7%AA%D7%90%D7%9D-%D7%9C%D7%A8%D7%99%D7%AA%D7%95%D7%9A-%D7%94%D7%91%D7%A8%D7%92%D7%94-%D7%A2%D7%92%D7%95%D7%9C-%D7%AA%D7%91%D7%A8%D7%99%D7%92-%D7%A4%D7%A0%D7%99%D7%9E%D7%99-%C2%BE32/
98427310,"מתאם לריתוך הברגה (רקורד) תבריג חיצוני ""20/1",מתאם,רקורד,,,ריתוך,חיצוני,,,,,,,,,"2""",,,,,0 1,98427310.jpg,4,https://www.huliot.co.il/product/%D7%9E%D7%AA%D7%90%D7%9D-%D7%9C%D7%A8%D7%99%D7%AA%D7%95%D7%9A-%D7%94%D7%91%D7%A8%D7%92%D7%94-%D7%A8%D7%A7%D7%95%D7%A8%D7%93-%D7%AA%D7%91%D7%A8%D7%99%D7%92-%D7%97%D7%99%D7%A6%D7%95%D7%A0%D7%99-201/
98427315,"מתאם לריתוך הברגה (רקורד) תבריג חיצוני ""40/11/2",מתאם,רקורד,,,ריתוך,חיצוני,,,,11/2,11,2,,,"4""",,,,,0,98427315.jpg,5,https://www.huliot.co.il/product/%D7%9E%D7%AA%D7%90%D7%9D-%D7%9C%D7%A8%D7%99%D7%AA%D7%95%D7%9A-%D7%94%D7%91%D7%A8%D7%92%D7%94-%D7%A8%D7%A7%D7%95%D7%A8%D7%93-%D7%AA%D7%91%D7%A8%D7%99%D7%92-%D7%97%D7%99%D7%A6%D7%95%D7%A0%D7%99-4011/
98427317,"מתאם לריתוך הברגה (רקורד) תבריג חיצוני ""50/2",מתאם,רקורד,,,ריתוך,חיצוני,,,,,,,,,"5""",,,,,0 2,98427317.jpg,5,https://www.huliot.co.il/product/%D7%9E%D7%AA%D7%90%D7%9D-%D7%9C%D7%A8%D7%99%D7%AA%D7%95%D7%9A-%D7%94%D7%91%D7%A8%D7%92%D7%94-%D7%A8%D7%A7%D7%95%D7%A8%D7%93-%D7%AA%D7%91%D7%A8%D7%99%D7%92-%D7%97%D7%99%D7%A6%D7%95%D7%A0%D7%99-502/
98420044,"מתאם לריתוך הברגה (רקורד) תבריג פנימי ""20/1",מתאם,רקורד,,,ריתוך,פנימי,,,,,,,,,"2""",,,,,0 1,98420044.jpg,5,https://www.huliot.co.il/product/%D7%9E%D7%AA%D7%90%D7%9D-%D7%9C%D7%A8%D7%99%D7%AA%D7%95%D7%9A-%D7%94%D7%91%D7%A8%D7%92%D7%94-%D7%A8%D7%A7%D7%95%D7%A8%D7%93-%D7%AA%D7%91%D7%A8%D7%99%D7%92-%D7%A4%D7%A0%D7%99%D7%9E%D7%99-201/
98420048,"מתאם לריתוך הברגה (רקורד) תבריג פנימי ""25/1",מתאם,רקורד,,,ריתוך,פנימי,,,,,,,,,"2""",,,,,5 1,98420048.jpg,5,https://www.huliot.co.il/product/%D7%9E%D7%AA%D7%90%D7%9D-%D7%9C%D7%A8%D7%99%D7%AA%D7%95%D7%9A-%D7%94%D7%91%D7%A8%D7%92%D7%94-%D7%A8%D7%A7%D7%95%D7%A8%D7%93-%D7%AA%D7%91%D7%A8%D7%99%D7%92-%D7%A4%D7%A0%D7%99%D7%9E%D7%99-251/
98420051,"מתאם לריתוך הברגה (רקורד) תבריג פנימי ""32/11/4",מתאם,רקורד,,,ריתוך,פנימי,,,,11/4,11,4,,,"3""",,,,,2,98420051.jpg,5,https://www.huliot.co.il/product/%D7%9E%D7%AA%D7%90%D7%9D-%D7%9C%D7%A8%D7%99%D7%AA%D7%95%D7%9A-%D7%94%D7%91%D7%A8%D7%92%D7%94-%D7%A8%D7%A7%D7%95%D7%A8%D7%93-%D7%AA%D7%91%D7%A8%D7%99%D7%92-%D7%A4%D7%A0%D7%99%D7%9E%D7%99-32114/
98420054,"מתאם לריתוך הברגה (רקורד) תבריג פנימי ""40/11/2",מתאם,רקורד,,,ריתוך,פנימי,,,,11/2,11,2,,,"4""",,,,,0,98420054.jpg,4,https://www.huliot.co.il/product/%D7%9E%D7%AA%D7%90%D7%9D-%D7%9C%D7%A8%D7%99%D7%AA%D7%95%D7%9A-%D7%94%D7%91%D7%A8%D7%92%D7%94-%D7%A8%D7%A7%D7%95%D7%A8%D7%93-%D7%AA%D7%91%D7%A8%D7%99%D7%92-%D7%A4%D7%A0%D7%99%D7%9E%D7%99-40112/
98420057,"מתאם לריתוך הברגה (רקורד) תבריג פנימי ""50/2",מתאם,רקורד,,,ריתוך,פנימי,,,,,,,,,"5""",,,,,0 2,98420057.jpg,4,https://www.huliot.co.il/product/%D7%9E%D7%AA%D7%90%D7%9D-%D7%9C%D7%A8%D7%99%D7%AA%D7%95%D7%9A-%D7%94%D7%91%D7%A8%D7%92%D7%94-%D7%A8%D7%A7%D7%95%D7%A8%D7%93-%D7%AA%D7%91%D7%A8%D7%99%D7%92-%D7%A4%D7%A0%D7%99%D7%9E%D7%99-502/
9091021008,"מתאם לריתוך הברגה – תבריג פנימי ""½/20 נטול עופרת",מתאם,נטול עופרת,,,ריתוך,פנימי,,,,,,,,,"½""",,,,,20,9091021008.jpg,5,https://www.huliot.co.il/product/%D7%9E%D7%AA%D7%90%D7%9D-%D7%9C%D7%A8%D7%99%D7%AA%D7%95%D7%9A-%D7%94%D7%91%D7%A8%D7%92%D7%94-%D7%AA%D7%91%D7%A8%D7%99%D7%92-%D7%A4%D7%A0%D7%99%D7%9E%D7%99-20%C2%BD20/
61233172,"ניקוז כיור ""¼1 ללא סיפון",סיפון,,,,,,,,,,,,,,"¼1""",,,,,ניקוז כיור ללא,61233172.jpg,5,https://www.huliot.co.il/product/%D7%A0%D7%99%D7%A7%D7%95%D7%96-%D7%9B%D7%99%D7%95%D7%A8-%C2%BC1-%D7%9C%D7%9C%D7%90-%D7%A1%D7%99%D7%A4%D7%95%D7%9F/
61531561,סט חיבור למדיח/מכונת כביסה “¼1,,,,מדיח,,,,,,,,,,,"¼1""",,,,,סט חיבור מכונת כביסה,61531561.jpg,6,https://www.huliot.co.il/product/%D7%A1%D7%98-%D7%97%D7%99%D7%91%D7%95%D7%A8-%D7%9C%D7%9E%D7%93%D7%99%D7%97-%D7%9E%D7%9B%D7%95%D7%A0%D7%AA-%D7%9B%D7%91%D7%99%D7%A1%D7%94-%C2%BC1-2/
61531561,סט חיבור למדיח/מכונת כביסה “¼1,,,,מדיח,,,,,,,,,,,"¼1""",,,,,סט חיבור מכונת כביסה,61531561.jpg,3,https://www.huliot.co.il/product/%D7%A1%D7%98-%D7%97%D7%99%D7%91%D7%95%D7%A8-%D7%9C%D7%9E%D7%93%D7%99%D7%97-%D7%9E%D7%9B%D7%95%D7%A0%D7%AA-%D7%9B%D7%91%D7%99%D7%A1%D7%94-%C2%BC1/
61551561,סט חיבור למדיח/מכונת כביסה “½1,,,,מדיח,,,,,,,,,,,"½1""",,,,,סט חיבור מכונת כביסה,61551561.jpg,3,https://www.huliot.co.il/product/%D7%A1%D7%98-%D7%97%D7%99%D7%91%D7%95%D7%A8-%D7%9C%D7%9E%D7%93%D7%99%D7%97-%D7%9E%D7%9B%D7%95%D7%A0%D7%AA-%D7%9B%D7%91%D7%99%D7%A1%D7%94-%C2%BD1-2/
61554561,סט חיבור למדיח/מכונת כביסה “½1,,,,מדיח,,,,,,,,,,,"½1""",,,,,סט חיבור מכונת כביסה,61554561.jpg,5,https://www.huliot.co.il/product/%D7%A1%D7%98-%D7%97%D7%99%D7%91%D7%95%D7%A8-%D7%9C%D7%9E%D7%93%D7%99%D7%97-%D7%9E%D7%9B%D7%95%D7%A0%D7%AA-%D7%9B%D7%91%D7%99%D7%A1%D7%94-%C2%BD1-3/
61551561,סט חיבור למדיח/מכונת כביסה “½1,,,,מדיח,,,,,,,,,,,"½1""",,,,,סט חיבור מכונת כביסה,61551561.jpg,6,https://www.huliot.co.il/product/%D7%A1%D7%98-%D7%97%D7%99%D7%91%D7%95%D7%A8-%D7%9C%D7%9E%D7%93%D7%99%D7%97-%D7%9E%D7%9B%D7%95%D7%A0%D7%AA-%D7%9B%D7%91%D7%99%D7%A1%D7%94-%C2%BD1-4/
61554561,סט חיבור למדיח/מכונת כביסה “½1,,,,מדיח,,,,,,,,,,,"½1""",,,,,סט חיבור מכונת כביסה,61554561.jpg,3,https://www.huliot.co.il/product/%D7%A1%D7%98-%D7%97%D7%99%D7%91%D7%95%D7%A8-%D7%9C%D7%9E%D7%93%D7%99%D7%97-%D7%9E%D7%9B%D7%95%D7%A0%D7%AA-%D7%9B%D7%91%D7%99%D7%A1%D7%94-%C2%BD1/
61602000,סט פקקים לברז ושבלונה + 20 פקק,פקק,,,,,,,,,20,20,,,,,,,,,סט פקקים לברז ושבלונה +,61602000.jpg,5,https://www.huliot.co.il/product/%D7%A1%D7%98-%D7%A4%D7%A7%D7%A7%D7%99%D7%9D-%D7%9C%D7%91%D7%A8%D7%96-%D7%95%D7%A9%D7%91%D7%9C%D7%95%D7%A0%D7%94-20-%D7%A4%D7%A7%D7%A7-2/
61602000,סט פקקים לברז ושבלונה + 20 פקק,פקק,,,,,,,,,20,20,,,,,,,,,סט פקקים לברז ושבלונה +,61602000.jpg,1,https://www.huliot.co.il/product/%D7%A1%D7%98-%D7%A4%D7%A7%D7%A7%D7%99%D7%9D-%D7%9C%D7%91%D7%A8%D7%96-%D7%95%D7%A9%D7%91%D7%9C%D7%95%D7%A0%D7%94-20-%D7%A4%D7%A7%D7%A7/
63350060,"סיפון הורקה ""½1 קומפלקט J",סיפון,,,,,,,,,,,,,,"½1""",,,,,הורקה קומפלקט J,63350060.jpg,6,https://www.huliot.co.il/product/%D7%A1%D7%99%D7%A4%D7%95%D7%9F-%D7%94%D7%95%D7%A8%D7%A7%D7%94-%C2%BD1-%D7%A7%D7%95%D7%9E%D7%A4%D7%9C%D7%A7%D7%98-j-2/
63350060,"סיפון הורקה ""½1 קומפלקט J",סיפון,,,,,,,,,,,,,,"½1""",,,,,הורקה קומפלקט J,63350060.jpg,1,https://www.huliot.co.il/product/%D7%A1%D7%99%D7%A4%D7%95%D7%9F-%D7%94%D7%95%D7%A8%D7%A7%D7%94-%C2%BD1-%D7%A7%D7%95%D7%9E%D7%A4%D7%9C%D7%A7%D7%98-j/
63466055,סיפון לכיור רחצה ¼1  + צינור מדידה,סיפון,צינור,,כיור,,,,,,,,,,,"¼1""",,,,,רחצה + מדידה,63466055.jpg,5,https://www.huliot.co.il/product/%D7%A1%D7%99%D7%A4%D7%95%D7%9F-%D7%9C%D7%9B%D7%99%D7%95%D7%A8-%D7%A8%D7%97%D7%A6%D7%94-%C2%BC1-%D7%A6%D7%99%D7%A0%D7%95%D7%A8-%D7%9E%D7%93%D7%99%D7%93%D7%94/
41840050,סיפון 110 P,סיפון,,,,,,,,,110,110,,,,,,,,,P,41840050.jpg,4,https://www.huliot.co.il/product/%D7%A1%D7%99%D7%A4%D7%95%D7%9F-110-p/
41840051,סיפון 110 S,סיפון,,,,,,,,,110,110,,,,,,,,,S,41840051.jpg,4,https://www.huliot.co.il/product/%D7%A1%D7%99%D7%A4%D7%95%D7%9F-110-s/
43640051,סיפון P לביוב 110,סיפון,,,ביוב,,,,,,110,110,,,,,,,,,P,43640051.jpg,4,https://www.huliot.co.il/product/%D7%A1%D7%99%D7%A4%D7%95%D7%9F-p-%D7%9C%D7%91%D7%99%D7%95%D7%91-110/
43640050,סיפון S לביוב 110,סיפון,,,ביוב,,,,,,110,110,,,,,,,,,S,43640050.jpg,4,https://www.huliot.co.il/product/%D7%A1%D7%99%D7%A4%D7%95%D7%9F-s-%D7%9C%D7%91%D7%99%D7%95%D7%91-110/
99905102,סעפת למונים 2 כניסות תבריג חיצוני,סעפת,,,,,חיצוני,,,,,,,,,,,,,,למונים 2 כניסות,99905102.jpg,4,https://www.huliot.co.il/product/%D7%A1%D7%A2%D7%A4%D7%AA-%D7%9C%D7%9E%D7%95%D7%A0%D7%99%D7%9D-2-%D7%9B%D7%A0%D7%99%D7%A1%D7%95%D7%AA-%D7%AA%D7%91%D7%A8%D7%99%D7%92-%D7%97%D7%99%D7%A6%D7%95%D7%A0%D7%99/
99905103,סעפת למונים 3 כניסות תבריג חיצוני,סעפת,,,,,חיצוני,,,,,,,,,,,,,,למונים 3 כניסות,99905103.jpg,5,https://www.huliot.co.il/product/%D7%A1%D7%A2%D7%A4%D7%AA-%D7%9C%D7%9E%D7%95%D7%A0%D7%99%D7%9D-3-%D7%9B%D7%A0%D7%99%D7%A1%D7%95%D7%AA-%D7%AA%D7%91%D7%A8%D7%99%D7%92-%D7%97%D7%99%D7%A6%D7%95%D7%A0%D7%99/
99905104,סעפת למונים 4 כניסות תבריג חיצוני,סעפת,,,,,חיצוני,,,,,,,,,,,,,,למונים 4 כניסות,99905104.jpg,5,https://www.huliot.co.il/product/%D7%A1%D7%A2%D7%A4%D7%AA-%D7%9C%D7%9E%D7%95%D7%A0%D7%99%D7%9D-4-%D7%9B%D7%A0%D7%99%D7%A1%D7%95%D7%AA-%D7%AA%D7%91%D7%A8%D7%99%D7%92-%D7%97%D7%99%D7%A6%D7%95%D7%A0%D7%99/
99905105,סעפת למונים 5 כניסות תבריג חיצוני,סעפת,,,,,חיצוני,,,,,,,,,,,,,,למונים 5 כניסות,99905105.jpg,5,https://www.huliot.co.il/product/%D7%A1%D7%A2%D7%A4%D7%AA-%D7%9C%D7%9E%D7%95%D7%A0%D7%99%D7%9D-5-%D7%9B%D7%A0%D7%99%D7%A1%D7%95%D7%AA-%D7%AA%D7%91%D7%A8%D7%99%D7%92-%D7%97%D7%99%D7%A6%D7%95%D7%A0%D7%99/
99905106,סעפת למונים 6 כניסות תבריג חיצוני,סעפת,,,,,חיצוני,,,,,,,,,,,,,,למונים 6 כניסות,99905106.jpg,4,https://www.huliot.co.il/product/%D7%A1%D7%A2%D7%A4%D7%AA-%D7%9C%D7%9E%D7%95%D7%A0%D7%99%D7%9D-6-%D7%9B%D7%A0%D7%99%D7%A1%D7%95%D7%AA-%D7%AA%D7%91%D7%A8%D7%99%D7%92-%D7%97%D7%99%D7%A6%D7%95%D7%A0%D7%99/
41661052,פקק חיצוני לכבלים 160,פקק,חיצוני,,,,,,,,160,160,,,,,,,,,לכבלים,41661052.jpg,3,https://www.huliot.co.il/product/%D7%A4%D7%A7%D7%A7-%D7%97%D7%99%D7%A6%D7%95%D7%A0%D7%99-%D7%9C%D7%9B%D7%91%D7%9C%D7%99%D7%9D-160/
61436565,פקק לאביק “½1,פקק,,,,,,,,,,,,,,"½1""",,,,,לאביק,61436565.jpg,6,https://www.huliot.co.il/product/%D7%A4%D7%A7%D7%A7-%D7%9C%D7%90%D7%91%D7%99%D7%A7-%C2%BD1-2/
61436565,פקק לאביק “½1,פקק,,,,,,,,,,,,,,"½1""",,,,,לאביק,61436565.jpg,5,https://www.huliot.co.il/product/%D7%A4%D7%A7%D7%A7-%D7%9C%D7%90%D7%91%D7%99%D7%A7-%C2%BD1/
61239940,פקק לאמבט “¼1,פקק,,,,,,,,,,,,,,"¼1""",,,,,לאמבט,61239940.jpg,6,https://www.huliot.co.il/product/%D7%A4%D7%A7%D7%A7-%D7%9C%D7%90%D7%9E%D7%91%D7%98-%C2%BC1-2/
61239940,פקק לאמבט “¼1,פקק,,,,,,,,,,,,,,"¼1""",,,,,לאמבט,61239940.jpg,5,https://www.huliot.co.il/product/%D7%A4%D7%A7%D7%A7-%D7%9C%D7%90%D7%9E%D7%91%D7%98-%C2%BC1/
61451640,פקק לאמבט “2,פקק,,,,,,,,,,,,,,,,,,,לאמבט 2,61451640.jpg,5,https://www.huliot.co.il/product/%D7%A4%D7%A7%D7%A7-%D7%9C%D7%90%D7%9E%D7%91%D7%98-2-2/
61451640,פקק לאמבט “2,פקק,,,,,,,,,,,,,,,,,,,לאמבט 2,61451640.jpg,5,https://www.huliot.co.il/product/%D7%A4%D7%A7%D7%A7-%D7%9C%D7%90%D7%9E%D7%91%D7%98-2/
61600060,פקק לברז (שחור),פקק,,,,,,,,שחור,,,,,,,,,,,לברז,61600060.jpg,6,https://www.huliot.co.il/product/%D7%A4%D7%A7%D7%A7-%D7%9C%D7%91%D7%A8%D7%96-%D7%A9%D7%97%D7%95%D7%A8-2/
61600060,פקק לברז (שחור),פקק,,,,,,,,שחור,,,,,,,,,,,לברז,61600060.jpg,5,https://www.huliot.co.il/product/%D7%A4%D7%A7%D7%A7-%D7%9C%D7%91%D7%A8%D7%96-%D7%A9%D7%97%D7%95%D7%A8/
70963060,פקק למאסף 63 ™SmartLock,פקק,,SmartLock,מאסף,,,,,,63,63,,,,,,,,,,70963060.jpg,6,https://www.huliot.co.il/product/%D7%A4%D7%A7%D7%A7-%D7%9C%D7%9E%D7%90%D7%A1%D7%A3-63-smartlock/
70950060,פקק למחסום/מאסף 50 ™SmartLock,פקק,מאסף,SmartLock,מחסום,,,,,,50,50,,,,,,,,,,70950060.jpg,5,https://www.huliot.co.il/product/%D7%A4%D7%A7%D7%A7-%D7%9C%D7%9E%D7%97%D7%A1%D7%95%D7%9D-%D7%9E%D7%90%D7%A1%D7%A3-50-smartlock/
70940060,פקק למחסום 40 ™SmartLock,פקק,,SmartLock,מחסום,,,,,,40,40,,,,,,,,,,70940060.jpg,6,https://www.huliot.co.il/product/%D7%A4%D7%A7%D7%A7-%D7%9C%D7%9E%D7%97%D7%A1%D7%95%D7%9D-40-smartlock/
99515080,פקק לריתוך לתיקון חורים 7/11,פקק,,,,ריתוך,,,,,,,,,,,,,,,לתיקון חורים 7 11,99515080.jpg,4,https://www.huliot.co.il/product/%D7%A4%D7%A7%D7%A7-%D7%9C%D7%A8%D7%99%D7%AA%D7%95%D7%9A-%D7%9C%D7%AA%D7%99%D7%A7%D7%95%D7%9F-%D7%97%D7%95%D7%A8%D7%99%D7%9D-711/
60950060,פקק לתבריג 50,פקק,,,,הברגה,,,,,50,50,,,,,,,,,ל,60950060.jpg,5,https://www.huliot.co.il/product/%D7%A4%D7%A7%D7%A7-%D7%9C%D7%AA%D7%91%D7%A8%D7%99%D7%92-50/
60969060,פקק לתבריג 69,פקק,,,,הברגה,,,,,69,69,,,,,,,,,ל,60969060.jpg,5,https://www.huliot.co.il/product/%D7%A4%D7%A7%D7%A7-%D7%9C%D7%AA%D7%91%D7%A8%D7%99%D7%92-69/
7371640070,פקק סופי אולטרה ווייט בקוטר 110,פקק,סופי,Ultra White,,,,,,,110,110,,,,,,,,,,7371640070.jpg,5,https://www.huliot.co.il/product/%D7%A4%D7%A7%D7%A7-%D7%A1%D7%95%D7%A4%D7%99-%D7%90%D7%95%D7%9C%D7%98%D7%A8%D7%94-%D7%95%D7%95%D7%99%D7%99%D7%98-%D7%91%D7%A7%D7%95%D7%98%D7%A8-110/
7071640070,פקק סופי בקוטר 110,פקק,סופי,,,,,,,,110,110,,,,,,,,,,7071640070.jpg,6,https://www.huliot.co.il/product/%D7%A4%D7%A7%D7%A7-%D7%A1%D7%95%D7%A4%D7%99-%D7%91%D7%A7%D7%95%D7%98%D7%A8-110/
7071650070,פקק סופי בקוטר 125,פקק,סופי,,,,,,,,125,125,,,,,,,,,,7071650070.jpg,6,https://www.huliot.co.il/product/%D7%A4%D7%A7%D7%A7-%D7%A1%D7%95%D7%A4%D7%99-%D7%91%D7%A7%D7%95%D7%98%D7%A8-125/
7371660070,פקק סופי בקוטר 160,פקק,סופי,,,,,,,,160,160,,,,,,,,,,7371660070.jpg,6,https://www.huliot.co.il/product/%D7%A4%D7%A7%D7%A7-%D7%A1%D7%95%D7%A4%D7%99-%D7%91%D7%A7%D7%95%D7%98%D7%A8-160-2/
7071660070,פקק סופי בקוטר 160,פקק,סופי,,,,,,,,160,160,,,,,,,,,,7071660070.jpg,6,https://www.huliot.co.il/product/%D7%A4%D7%A7%D7%A7-%D7%A1%D7%95%D7%A4%D7%99-%D7%91%D7%A7%D7%95%D7%98%D7%A8-160/
7371680070,פקק סופי בקוטר 200,פקק,סופי,,,,,,,,200,200,,,,,,,,,,7371680070.jpg,6,https://www.huliot.co.il/product/%D7%A4%D7%A7%D7%A7-%D7%A1%D7%95%D7%A4%D7%99-%D7%91%D7%A7%D7%95%D7%98%D7%A8-200-2/
7071680070,פקק סופי בקוטר 200,פקק,סופי,,,,,,,,200,200,,,,,,,,,,7071680070.jpg,6,https://www.huliot.co.il/product/%D7%A4%D7%A7%D7%A7-%D7%A1%D7%95%D7%A4%D7%99-%D7%91%D7%A7%D7%95%D7%98%D7%A8-200/
7071610070,פקק סופי בקוטר 40,פקק,סופי,,,,,,,,40,40,,,,,,,,,,7071610070.jpg,6,https://www.huliot.co.il/product/%D7%A4%D7%A7%D7%A7-%D7%A1%D7%95%D7%A4%D7%99-%D7%91%D7%A7%D7%95%D7%98%D7%A8-40/
7071620070,פקק סופי בקוטר 50,פקק,סופי,,,,,,,,50,50,,,,,,,,,,7071620070.jpg,6,https://www.huliot.co.il/product/%D7%A4%D7%A7%D7%A7-%D7%A1%D7%95%D7%A4%D7%99-%D7%91%D7%A7%D7%95%D7%98%D7%A8-50/
7071630070,פקק סופי בקוטר 75,פקק,סופי,,,,,,,,75,75,,,,,,,,,,7071630070.jpg,6,https://www.huliot.co.il/product/%D7%A4%D7%A7%D7%A7-%D7%A1%D7%95%D7%A4%D7%99-%D7%91%D7%A7%D7%95%D7%98%D7%A8-75/
7071690070,פקק סופי בקוטר 90,פקק,סופי,,,,,,,,90,90,,,,,,,,,,7071690070.jpg,6,https://www.huliot.co.il/product/%D7%A4%D7%A7%D7%A7-%D7%A1%D7%95%D7%A4%D7%99-%D7%91%D7%A7%D7%95%D7%98%D7%A8-90/
83860050,פקק סופי לביוב 160,פקק,סופי,,ביוב,,,,,,160,160,,,,,,,,,,83860050.jpg,4,https://www.huliot.co.il/product/%D7%A4%D7%A7%D7%A7-%D7%A1%D7%95%D7%A4%D7%99-%D7%9C%D7%91%D7%99%D7%95%D7%91-160/
43880050,פקק סופי לביוב 200,פקק,סופי,,ביוב,,,,,,200,200,,,,,,,,,,43880050.jpg,4,https://www.huliot.co.il/product/%D7%A4%D7%A7%D7%A7-%D7%A1%D7%95%D7%A4%D7%99-%D7%9C%D7%91%D7%99%D7%95%D7%91-200/
43890050,פקק סופי לביוב 250,פקק,סופי,,ביוב,,,,,,250,250,,,,,,,,,,43890050.jpg,3,https://www.huliot.co.il/product/%D7%A4%D7%A7%D7%A7-%D7%A1%D7%95%D7%A4%D7%99-%D7%9C%D7%91%D7%99%D7%95%D7%91-250/
43831550,פקק סופי לביוב 315,פקק,סופי,,ביוב,,,,,,315,315,,,,,,,,,,43831550.jpg,4,https://www.huliot.co.il/product/%D7%A4%D7%A7%D7%A7-%D7%A1%D7%95%D7%A4%D7%99-%D7%9C%D7%91%D7%99%D7%95%D7%91-315/
43840050,פקק סופי לביוב 400,פקק,סופי,,ביוב,,,,,,400,400,,,,,,,,,,43840050.jpg,3,https://www.huliot.co.il/product/%D7%A4%D7%A7%D7%A7-%D7%A1%D7%95%D7%A4%D7%99-%D7%9C%D7%91%D7%99%D7%95%D7%91-400/
41640052,פקק סופי 110,פקק,סופי,,,,,,,,110,110,,,,,,,,,,41640052.jpg,3,https://www.huliot.co.il/product/%D7%A4%D7%A7%D7%A7-%D7%A1%D7%95%D7%A4%D7%99-110-2/
98117710,פקק סופי 110,פקק,סופי,,,,,,,,110,110,,,,,,,,,,98117710.jpg,4,https://www.huliot.co.il/product/%D7%A4%D7%A7%D7%A7-%D7%A1%D7%95%D7%A4%D7%99-110/
98117711,פקק סופי 125,פקק,סופי,,,,,,,,125,125,,,,,,,,,,98117711.jpg,5,https://www.huliot.co.il/product/%D7%A4%D7%A7%D7%A7-%D7%A1%D7%95%D7%A4%D7%99-125/
920014131,פקק סופי 160 ריתוך פנים 11 SDR,פקק,סופי,,,ריתוך פנים,,,,,160,160,,,,,,,11,,,920014131.jpg,6,https://www.huliot.co.il/product/%D7%A4%D7%A7%D7%A7-%D7%A1%D7%95%D7%A4%D7%99-160-%D7%A8%D7%99%D7%AA%D7%95%D7%9A-%D7%A4%D7%A0%D7%99%D7%9D-11-sdr/
922514130,פקק סופי 160 ריתוך פנים 17.6 SDR,פקק,סופי,,,ריתוך פנים,,,,,160,160,,,,,,,17.6,,,922514130.jpg,5,https://www.huliot.co.il/product/%D7%A4%D7%A7%D7%A7-%D7%A1%D7%95%D7%A4%D7%99-160-%D7%A8%D7%99%D7%AA%D7%95%D7%9A-%D7%A4%D7%A0%D7%99%D7%9D-17-6-sdr/
41660052,פקק סופי 160,פקק,סופי,,,,,,,,160,160,,,,,,,,,,41660052.jpg,3,https://www.huliot.co.il/product/%D7%A4%D7%A7%D7%A7-%D7%A1%D7%95%D7%A4%D7%99-160/
98117702,פקק סופי 20,פקק,סופי,,,,,,,,20,20,,,,,,,,,,98117702.jpg,4,https://www.huliot.co.il/product/%D7%A4%D7%A7%D7%A7-%D7%A1%D7%95%D7%A4%D7%99-20/
920014135,פקק סופי 200 ריתוך פנים 11 SDR,פקק,סופי,,,ריתוך פנים,,,,,200,200,,,,,,,11,,,920014135.jpg,6,https://www.huliot.co.il/product/%D7%A4%D7%A7%D7%A7-%D7%A1%D7%95%D7%A4%D7%99-200-%D7%A8%D7%99%D7%AA%D7%95%D7%9A-%D7%A4%D7%A0%D7%99%D7%9D-11-sdr/
922514134,פקק סופי 200 ריתוך פנים 17.6 SDR,פקק,סופי,,,ריתוך פנים,,,,,200,200,,,,,,,17.6,,,922514134.jpg,4,https://www.huliot.co.il/product/%D7%A4%D7%A7%D7%A7-%D7%A1%D7%95%D7%A4%D7%99-200-%D7%A8%D7%99%D7%AA%D7%95%D7%9A-%D7%A4%D7%A0%D7%99%D7%9D-17-6-sdr/
98117703,פקק סופי 25,פקק,סופי,,,,,,,,25,25,,,,,,,,,,98117703.jpg,5,https://www.huliot.co.il/product/%D7%A4%D7%A7%D7%A7-%D7%A1%D7%95%D7%A4%D7%99-25/
920014139,פקק סופי 250 ריתוך פנים 11 SDR,פקק,סופי,,,ריתוך פנים,,,,,250,250,,,,,,,11,,,920014139.jpg,5,https://www.huliot.co.il/product/%D7%A4%D7%A7%D7%A7-%D7%A1%D7%95%D7%A4%D7%99-250-%D7%A8%D7%99%D7%AA%D7%95%D7%9A-%D7%A4%D7%A0%D7%99%D7%9D-11-sdr/
922514138,פקק סופי 250 ריתוך פנים 17.6 SDR,פקק,סופי,,,ריתוך פנים,,,,,250,250,,,,,,,17.6,,,922514138.jpg,4,https://www.huliot.co.il/product/%D7%A4%D7%A7%D7%A7-%D7%A1%D7%95%D7%A4%D7%99-250-%D7%A8%D7%99%D7%AA%D7%95%D7%9A-%D7%A4%D7%A0%D7%99%D7%9D-17-6-sdr/
87390070,פקק סופי 250,פקק,סופי,,,,,,,,250,250,,,,,,,,,,87390070.jpg,6,https://www.huliot.co.il/product/%D7%A4%D7%A7%D7%A7-%D7%A1%D7%95%D7%A4%D7%99-250/
98117704,פקק סופי 32,פקק,סופי,,,,,,,,32,32,,,,,,,,,,98117704.jpg,5,https://www.huliot.co.il/product/%D7%A4%D7%A7%D7%A7-%D7%A1%D7%95%D7%A4%D7%99-32/
98117705,פקק סופי 40,פקק,סופי,,,,,,,,40,40,,,,,,,,,,98117705.jpg,5,https://www.huliot.co.il/product/%D7%A4%D7%A7%D7%A7-%D7%A1%D7%95%D7%A4%D7%99-40/
98117706,פקק סופי 50,פקק,סופי,,,,,,,,50,50,,,,,,,,,,98117706.jpg,5,https://www.huliot.co.il/product/%D7%A4%D7%A7%D7%A7-%D7%A1%D7%95%D7%A4%D7%99-50/
98117707,פקק סופי 63,פקק,סופי,,,,,,,,63,63,,,,,,,,,,98117707.jpg,4,https://www.huliot.co.il/product/%D7%A4%D7%A7%D7%A7-%D7%A1%D7%95%D7%A4%D7%99-63/
41630052,פקק סופי 75,פקק,סופי,,,,,,,,75,75,,,,,,,,,,41630052.jpg,4,https://www.huliot.co.il/product/%D7%A4%D7%A7%D7%A7-%D7%A1%D7%95%D7%A4%D7%99-75-2/
98117708,פקק סופי 75,פקק,סופי,,,,,,,,75,75,,,,,,,,,,98117708.jpg,5,https://www.huliot.co.il/product/%D7%A4%D7%A7%D7%A7-%D7%A1%D7%95%D7%A4%D7%99-75/
98117709,פקק סופי 90,פקק,סופי,,,,,,,,90,90,,,,,,,,,,98117709.jpg,5,https://www.huliot.co.il/product/%D7%A4%D7%A7%D7%A7-%D7%A1%D7%95%D7%A4%D7%99-90/
83860052,פקק פנימי לביוב 160,פקק,פנימי,,ביוב,,,,,,160,160,,,,,,,,,,83860052.jpg,4,https://www.huliot.co.il/product/%D7%A4%D7%A7%D7%A7-%D7%A4%D7%A0%D7%99%D7%9E%D7%99-%D7%9C%D7%91%D7%99%D7%95%D7%91-160-2/
43880052,פקק פנימי לביוב 200,פקק,פנימי,,ביוב,,,,,,200,200,,,,,,,,,,43880052.jpg,3,https://www.huliot.co.il/product/%D7%A4%D7%A7%D7%A7-%D7%A4%D7%A0%D7%99%D7%9E%D7%99-%D7%9C%D7%91%D7%99%D7%95%D7%91-200-2/
41640050,פקק פנימי 110,פקק,פנימי,,,,,,,,110,110,,,,,,,,,,41640050.jpg,3,https://www.huliot.co.il/product/%D7%A4%D7%A7%D7%A7-%D7%A4%D7%A0%D7%99%D7%9E%D7%99-110/
41650060,פקק פנימי 125,פקק,פנימי,,,,,,,,125,125,,,,,,,,,,41650060.jpg,4,https://www.huliot.co.il/product/%D7%A4%D7%A7%D7%A7-%D7%A4%D7%A0%D7%99%D7%9E%D7%99-125/
41660060,פקק פנימי 160,פקק,פנימי,,,,,,,,160,160,,,,,,,,,,41660060.jpg,3,https://www.huliot.co.il/product/%D7%A4%D7%A7%D7%A7-%D7%A4%D7%A0%D7%99%D7%9E%D7%99-160/
41610040,פקק פנימי 40,פקק,פנימי,,,,,,,,40,40,,,,,,,,,,41610040.jpg,3,https://www.huliot.co.il/product/%D7%A4%D7%A7%D7%A7-%D7%A4%D7%A0%D7%99%D7%9E%D7%99-40/
41620050,פקק פנימי 50,פקק,פנימי,,,,,,,,50,50,,,,,,,,,,41620050.jpg,3,https://www.huliot.co.il/product/%D7%A4%D7%A7%D7%A7-%D7%A4%D7%A0%D7%99%D7%9E%D7%99-50/
41630050,פקק פנימי 75,פקק,פנימי,,,,,,,,75,75,,,,,,,,,,41630050.jpg,3,https://www.huliot.co.il/product/%D7%A4%D7%A7%D7%A7-%D7%A4%D7%A0%D7%99%D7%9E%D7%99-75/
61110141,פקק + שרשרת (שרשרת+10),פקק,,,,,,,,,10,10,,,,,,,,,+ שרשרת שרשרת+,61110141.jpg,5,https://www.huliot.co.il/product/%D7%A4%D7%A7%D7%A7-%D7%A9%D7%A8%D7%A9%D7%A8%D7%AA-%D7%A9%D7%A8%D7%A9%D7%A8%D7%AA10-2/
61110141,פקק + שרשרת (שרשרת+10),פקק,,,,,,,,,10,10,,,,,,,,,+ שרשרת שרשרת+,61110141.jpg,1,https://www.huliot.co.il/product/%D7%A4%D7%A7%D7%A7-%D7%A9%D7%A8%D7%A9%D7%A8%D7%AA-%D7%A9%D7%A8%D7%A9%D7%A8%D7%AA10/
98417810,צווארון לריתוך לאוגן 110,צווארון,,,לאוגן,ריתוך,,,,,110,110,,,,,,,,,,98417810.jpg,5,https://www.huliot.co.il/product/%D7%A6%D7%95%D7%95%D7%90%D7%A8%D7%95%D7%9F-%D7%9C%D7%A8%D7%99%D7%AA%D7%95%D7%9A-%D7%9C%D7%90%D7%95%D7%92%D7%9F-110/
98417811,צווארון לריתוך לאוגן 125,צווארון,,,לאוגן,ריתוך,,,,,125,125,,,,,,,,,,98417811.jpg,4,https://www.huliot.co.il/product/%D7%A6%D7%95%D7%95%D7%90%D7%A8%D7%95%D7%9F-%D7%9C%D7%A8%D7%99%D7%AA%D7%95%D7%9A-%D7%9C%D7%90%D7%95%D7%92%D7%9F-125/
992415531,צווארון לריתוך לאוגן 160 SDR 11,צווארון,,,לאוגן,ריתוך,,,,,160,160,,,,,,,11,,,992415531.jpg,5,https://www.huliot.co.il/product/%D7%A6%D7%95%D7%95%D7%90%D7%A8%D7%95%D7%9F-%D7%9C%D7%A8%D7%99%D7%AA%D7%95%D7%9A-%D7%9C%D7%90%D7%95%D7%92%D7%9F-160-sdr-11/
992515530,צווארון לריתוך לאוגן 160 SDR 17.6,צווארון,,,לאוגן,ריתוך,,,,,160,160,,,,,,,17.6,,,992515530.jpg,5,https://www.huliot.co.il/product/%D7%A6%D7%95%D7%95%D7%90%D7%A8%D7%95%D7%9F-%D7%9C%D7%A8%D7%99%D7%AA%D7%95%D7%9A-%D7%9C%D7%90%D7%95%D7%92%D7%9F-160-sdr-17-6/
992415535,צווארון לריתוך לאוגן 200 SDR 11,צווארון,,,לאוגן,ריתוך,,,,,200,200,,,,,,,11,,,992415535.jpg,5,https://www.huliot.co.il/product/%D7%A6%D7%95%D7%95%D7%90%D7%A8%D7%95%D7%9F-%D7%9C%D7%A8%D7%99%D7%AA%D7%95%D7%9A-%D7%9C%D7%90%D7%95%D7%92%D7%9F-200-sdr-11/
992515534,צווארון לריתוך לאוגן 200 SDR 17.6,צווארון,,,לאוגן,ריתוך,,,,,200,200,,,,,,,17.6,,,992515534.jpg,4,https://www.huliot.co.il/product/%D7%A6%D7%95%D7%95%D7%90%D7%A8%D7%95%D7%9F-%D7%9C%D7%A8%D7%99%D7%AA%D7%95%D7%9A-%D7%9C%D7%90%D7%95%D7%92%D7%9F-200-sdr-17-6/
992415539,צווארון לריתוך לאוגן 250 SDR 11,צווארון,,,לאוגן,ריתוך,,,,,250,250,,,,,,,11,,,992415539.jpg,6,https://www.huliot.co.il/product/%D7%A6%D7%95%D7%95%D7%90%D7%A8%D7%95%D7%9F-%D7%9C%D7%A8%D7%99%D7%AA%D7%95%D7%9A-%D7%9C%D7%90%D7%95%D7%92%D7%9F-250-sdr-11/
992515538,צווארון לריתוך לאוגן 250 SDR 17.6,צווארון,,,לאוגן,ריתוך,,,,,250,250,,,,,,,17.6,,,992515538.jpg,5,https://www.huliot.co.il/product/%D7%A6%D7%95%D7%95%D7%90%D7%A8%D7%95%D7%9F-%D7%9C%D7%A8%D7%99%D7%AA%D7%95%D7%9A-%D7%9C%D7%90%D7%95%D7%92%D7%9F-250-sdr-17-6/
98417806,צווארון לריתוך לאוגן 50,צווארון,,,לאוגן,ריתוך,,,,,50,50,,,,,,,,,,98417806.jpg,4,https://www.huliot.co.il/product/%D7%A6%D7%95%D7%95%D7%90%D7%A8%D7%95%D7%9F-%D7%9C%D7%A8%D7%99%D7%AA%D7%95%D7%9A-%D7%9C%D7%90%D7%95%D7%92%D7%9F-50/
98417807,צווארון לריתוך לאוגן 63,צווארון,,,לאוגן,ריתוך,,,,,63,63,,,,,,,,,,98417807.jpg,5,https://www.huliot.co.il/product/%D7%A6%D7%95%D7%95%D7%90%D7%A8%D7%95%D7%9F-%D7%9C%D7%A8%D7%99%D7%AA%D7%95%D7%9A-%D7%9C%D7%90%D7%95%D7%92%D7%9F-63/
98417808,צווארון לריתוך לאוגן 75,צווארון,,,לאוגן,ריתוך,,,,,75,75,,,,,,,,,,98417808.jpg,5,https://www.huliot.co.il/product/%D7%A6%D7%95%D7%95%D7%90%D7%A8%D7%95%D7%9F-%D7%9C%D7%A8%D7%99%D7%AA%D7%95%D7%9A-%D7%9C%D7%90%D7%95%D7%92%D7%9F-75/
98417809,צווארון לריתוך לאוגן 90,צווארון,,,לאוגן,ריתוך,,,,,90,90,,,,,,,,,,98417809.jpg,3,https://www.huliot.co.il/product/%D7%A6%D7%95%D7%95%D7%90%D7%A8%D7%95%D7%9F-%D7%9C%D7%A8%D7%99%D7%AA%D7%95%D7%9A-%D7%9C%D7%90%D7%95%D7%92%D7%9F-90/
57110610,צינורות כבלים לחשמל SN-8 בקוטר 110 L6000,צינור,,,,,,,,,110,110,,,,,6000,,,SN8,כבלים לחשמל,57110610.jpg,4,https://www.huliot.co.il/product/%D7%A6%D7%99%D7%A0%D7%95%D7%A8%D7%95%D7%AA-%D7%9B%D7%91%D7%9C%D7%99%D7%9D-%D7%9C%D7%97%D7%A9%D7%9E%D7%9C-sn-8-%D7%91%D7%A7%D7%95%D7%98%D7%A8-110-l6000/
57160610,צינורות כבלים לחשמל SN-8 בקוטר 160 L6000,צינור,,,,,,,,,160,160,,,,,6000,,,SN8,כבלים לחשמל,57160610.jpg,4,https://www.huliot.co.il/product/%D7%A6%D7%99%D7%A0%D7%95%D7%A8%D7%95%D7%AA-%D7%9B%D7%91%D7%9C%D7%99%D7%9D-%D7%9C%D7%97%D7%A9%D7%9E%D7%9C-sn-8-%D7%91%D7%A7%D7%95%D7%98%D7%A8-160-l6000/
57225610,צינורות כבלים לחשמל SN-8 בקוטר 225 L6000,צינור,,,,,,,,,225,225,,,,,6000,,,SN8,כבלים לחשמל,57225610.jpg,4,https://www.huliot.co.il/product/%D7%A6%D7%99%D7%A0%D7%95%D7%A8%D7%95%D7%AA-%D7%9B%D7%91%D7%9C%D7%99%D7%9D-%D7%9C%D7%97%D7%A9%D7%9E%D7%9C-sn-8-%D7%91%D7%A7%D7%95%D7%98%D7%A8-225-l6000/
57110600,צינורות לכבלי טלפון SN-8 בקוטר 110 L6000,צינור,,,,,,,,,110,110,,,,,6000,,,SN8,לכבלי טלפון,57110600.jpg,4,https://www.huliot.co.il/product/%D7%A6%D7%99%D7%A0%D7%95%D7%A8%D7%95%D7%AA-%D7%9C%D7%9B%D7%91%D7%9C%D7%99-%D7%98%D7%9C%D7%A4%D7%95%D7%9F-sn-8-%D7%91%D7%A7%D7%95%D7%98%D7%A8-110-l6000/
9092071124,"צינורות פולירול PP-R למיזוג אוויר בקוטר 110 מ""מ SDR11",צינור,,Polirol PP-R,מיזוג אוויר,,,,PP-R,,110,110,,,,,,,11,,,9092071124.jpg,6,https://www.huliot.co.il/product/%D7%A6%D7%99%D7%A0%D7%95%D7%A8%D7%95%D7%AA-%D7%A4%D7%95%D7%9C%D7%99%D7%A8%D7%95%D7%9C-pp-r-%D7%9C%D7%9E%D7%99%D7%96%D7%95%D7%92-%D7%90%D7%95%D7%95%D7%99%D7%A8-%D7%91%D7%A7%D7%95%D7%98%D7%A8-110-%D7%9E/
9092071126,"צינורות פולירול PP-R למיזוג אוויר בקוטר 125 מ""מ SDR11",צינור,,Polirol PP-R,מיזוג אוויר,,,,PP-R,,125,125,,,,,,,11,,,9092071126.jpg,5,https://www.huliot.co.il/product/%D7%A6%D7%99%D7%A0%D7%95%D7%A8%D7%95%D7%AA-%D7%A4%D7%95%D7%9C%D7%99%D7%A8%D7%95%D7%9C-pp-r-%D7%9C%D7%9E%D7%99%D7%96%D7%95%D7%92-%D7%90%D7%95%D7%95%D7%99%D7%A8-%D7%91%D7%A7%D7%95%D7%98%D7%A8-125-%D7%9E/
9092071130,"צינורות פולירול PP-R למיזוג אוויר בקוטר 160 מ""מ SDR11",צינור,,Polirol PP-R,מיזוג אוויר,,,,PP-R,,160,160,,,,,,,11,,,9092071130.jpg,5,https://www.huliot.co.il/product/%D7%A6%D7%99%D7%A0%D7%95%D7%A8%D7%95%D7%AA-%D7%A4%D7%95%D7%9C%D7%99%D7%A8%D7%95%D7%9C-pp-r-%D7%9C%D7%9E%D7%99%D7%96%D7%95%D7%92-%D7%90%D7%95%D7%95%D7%99%D7%A8-%D7%91%D7%A7%D7%95%D7%98%D7%A8-160-%D7%9E/
9093570130,"צינורות פולירול PP-R למיזוג אוויר בקוטר 160 מ""מ SDR17.6",צינור,,Polirol PP-R,מיזוג אוויר,,,,PP-R,,160,160,,,,,,,17.6,,,9093570130.jpg,5,https://www.huliot.co.il/product/%D7%A6%D7%99%D7%A0%D7%95%D7%A8%D7%95%D7%AA-%D7%A4%D7%95%D7%9C%D7%99%D7%A8%D7%95%D7%9C-pp-r-%D7%9C%D7%9E%D7%99%D7%96%D7%95%D7%92-%D7%90%D7%95%D7%95%D7%99%D7%A8-%D7%91%D7%A7%D7%95%D7%98%D7%A8-160-2/
96070108,"צינורות פולירול PP-R למיזוג אוויר בקוטר 20 מ""מ SDR7.4",צינור,,Polirol PP-R,מיזוג אוויר,,,,PP-R,,20,20,,,,,,,7.4,,,96070108.jpg,5,https://www.huliot.co.il/product/%D7%A6%D7%99%D7%A0%D7%95%D7%A8%D7%95%D7%AA-%D7%A4%D7%95%D7%9C%D7%99%D7%A8%D7%95%D7%9C-pp-r-%D7%9C%D7%9E%D7%99%D7%96%D7%95%D7%92-%D7%90%D7%95%D7%95%D7%99%D7%A8-%D7%91%D7%A7%D7%95%D7%98%D7%A8-20-%D7%9E/
9092071134,"צינורות פולירול PP-R למיזוג אוויר בקוטר 200 מ""מ SDR11",צינור,,Polirol PP-R,מיזוג אוויר,,,,PP-R,,200,200,,,,,,,11,,,9092071134.jpg,5,https://www.huliot.co.il/product/%D7%A6%D7%99%D7%A0%D7%95%D7%A8%D7%95%D7%AA-%D7%A4%D7%95%D7%9C%D7%99%D7%A8%D7%95%D7%9C-pp-r-%D7%9C%D7%9E%D7%99%D7%96%D7%95%D7%92-%D7%90%D7%95%D7%95%D7%99%D7%A8-%D7%91%D7%A7%D7%95%D7%98%D7%A8-200-%D7%9E/
9093570134,"צינורות פולירול PP-R למיזוג אוויר בקוטר 200 מ""מ SDR17.6",צינור,,Polirol PP-R,מיזוג אוויר,,,,PP-R,,200,200,,,,,,,17.6,,,9093570134.jpg,6,https://www.huliot.co.il/product/%D7%A6%D7%99%D7%A0%D7%95%D7%A8%D7%95%D7%AA-%D7%A4%D7%95%D7%9C%D7%99%D7%A8%D7%95%D7%9C-pp-r-%D7%9C%D7%9E%D7%99%D7%96%D7%95%D7%92-%D7%90%D7%95%D7%95%D7%99%D7%A8-%D7%91%D7%A7%D7%95%D7%98%D7%A8-200-2/
96070109,"צינורות פולירול PP-R למיזוג אוויר בקוטר 25 מ""מ SDR7.4",צינור,,Polirol PP-R,מיזוג אוויר,,,,PP-R,,25,25,,,,,,,7.4,,,96070109.jpg,5,https://www.huliot.co.il/product/%D7%A6%D7%99%D7%A0%D7%95%D7%A8%D7%95%D7%AA-%D7%A4%D7%95%D7%9C%D7%99%D7%A8%D7%95%D7%9C-pp-r-%D7%9C%D7%9E%D7%99%D7%96%D7%95%D7%92-%D7%90%D7%95%D7%95%D7%99%D7%A8-%D7%91%D7%A7%D7%95%D7%98%D7%A8-25-%D7%9E/
9092071138,"צינורות פולירול PP-R למיזוג אוויר בקוטר 250 מ""מ SDR11",צינור,,Polirol PP-R,מיזוג אוויר,,,,PP-R,,250,250,,,,,,,11,,,9092071138.jpg,4,https://www.huliot.co.il/product/%D7%A6%D7%99%D7%A0%D7%95%D7%A8%D7%95%D7%AA-%D7%A4%D7%95%D7%9C%D7%99%D7%A8%D7%95%D7%9C-pp-r-%D7%9C%D7%9E%D7%99%D7%96%D7%95%D7%92-%D7%90%D7%95%D7%95%D7%99%D7%A8-%D7%91%D7%A7%D7%95%D7%98%D7%A8-250-%D7%9E/
9093570138,"צינורות פולירול PP-R למיזוג אוויר בקוטר 250 מ""מ SDR17.6",צינור,,Polirol PP-R,מיזוג אוויר,,,,PP-R,,250,250,,,,,,,17.6,,,9093570138.jpg,5,https://www.huliot.co.il/product/%D7%A6%D7%99%D7%A0%D7%95%D7%A8%D7%95%D7%AA-%D7%A4%D7%95%D7%9C%D7%99%D7%A8%D7%95%D7%9C-pp-r-%D7%9C%D7%9E%D7%99%D7%96%D7%95%D7%92-%D7%90%D7%95%D7%95%D7%99%D7%A8-%D7%91%D7%A7%D7%95%D7%98%D7%A8-250-2/
9092071112,"צינורות פולירול PP-R למיזוג אוויר בקוטר 32 מ""מ SDR7.4",צינור,,Polirol PP-R,מיזוג אוויר,,,,PP-R,,32,32,,,,,,,7.4,,,9092071112.jpg,4,https://www.huliot.co.il/product/%D7%A6%D7%99%D7%A0%D7%95%D7%A8%D7%95%D7%AA-%D7%A4%D7%95%D7%9C%D7%99%D7%A8%D7%95%D7%9C-pp-r-%D7%9C%D7%9E%D7%99%D7%96%D7%95%D7%92-%D7%90%D7%95%D7%95%D7%99%D7%A8-%D7%91%D7%A7%D7%95%D7%98%D7%A8-32-%D7%9E/
9092071114,"צינורות פולירול PP-R למיזוג אוויר בקוטר 40 מ""מ SDR11",צינור,,Polirol PP-R,מיזוג אוויר,,,,PP-R,,40,40,,,,,,,11,,,9092071114.jpg,5,https://www.huliot.co.il/product/%D7%A6%D7%99%D7%A0%D7%95%D7%A8%D7%95%D7%AA-%D7%A4%D7%95%D7%9C%D7%99%D7%A8%D7%95%D7%9C-pp-r-%D7%9C%D7%9E%D7%99%D7%96%D7%95%D7%92-%D7%90%D7%95%D7%95%D7%99%D7%A8-%D7%91%D7%A7%D7%95%D7%98%D7%A8-40-%D7%9E/
9092071116,"צינורות פולירול PP-R למיזוג אוויר בקוטר 50 מ""מ SDR11",צינור,,Polirol PP-R,מיזוג אוויר,,,,PP-R,,50,50,,,,,,,11,,,9092071116.jpg,5,https://www.huliot.co.il/product/%D7%A6%D7%99%D7%A0%D7%95%D7%A8%D7%95%D7%AA-%D7%A4%D7%95%D7%9C%D7%99%D7%A8%D7%95%D7%9C-pp-r-%D7%9C%D7%9E%D7%99%D7%96%D7%95%D7%92-%D7%90%D7%95%D7%95%D7%99%D7%A8-%D7%91%D7%A7%D7%95%D7%98%D7%A8-50-%D7%9E/
9092071118,"צינורות פולירול PP-R למיזוג אוויר בקוטר 63 מ""מ SDR11",צינור,,Polirol PP-R,מיזוג אוויר,,,,PP-R,,63,63,,,,,,,11,,,9092071118.jpg,4,https://www.huliot.co.il/product/%D7%A6%D7%99%D7%A0%D7%95%D7%A8%D7%95%D7%AA-%D7%A4%D7%95%D7%9C%D7%99%D7%A8%D7%95%D7%9C-pp-r-%D7%9C%D7%9E%D7%99%D7%96%D7%95%D7%92-%D7%90%D7%95%D7%95%D7%99%D7%A8-%D7%91%D7%A7%D7%95%D7%98%D7%A8-63-%D7%9E/
9092071120,"צינורות פולירול PP-R למיזוג אוויר בקוטר 75 מ""מ SDR11",צינור,,Polirol PP-R,מיזוג אוויר,,,,PP-R,,75,75,,,,,,,11,,,9092071120.jpg,5,https://www.huliot.co.il/product/%D7%A6%D7%99%D7%A0%D7%95%D7%A8%D7%95%D7%AA-%D7%A4%D7%95%D7%9C%D7%99%D7%A8%D7%95%D7%9C-pp-r-%D7%9C%D7%9E%D7%99%D7%96%D7%95%D7%92-%D7%90%D7%95%D7%95%D7%99%D7%A8-%D7%91%D7%A7%D7%95%D7%98%D7%A8-75-%D7%9E/
9092071122,"צינורות פולירול PP-R למיזוג אוויר בקוטר 90 מ""מ SDR11",צינור,,Polirol PP-R,מיזוג אוויר,,,,PP-R,,90,90,,,,,,,11,,,9092071122.jpg,4,https://www.huliot.co.il/product/%D7%A6%D7%99%D7%A0%D7%95%D7%A8%D7%95%D7%AA-%D7%A4%D7%95%D7%9C%D7%99%D7%A8%D7%95%D7%9C-pp-r-%D7%9C%D7%9E%D7%99%D7%96%D7%95%D7%92-%D7%90%D7%95%D7%95%D7%99%D7%A8-%D7%91%D7%A7%D7%95%D7%98%D7%A8-90-%D7%9E/
95016003,צינורות פולירול PP-R למים חמים וקרים בקוטר 25 עובי דופן 4.2,צינור,,Polirol PP-R,מים חמים וקרים,,,,PP-R,,25,25,,,,,,4.2,,,,95016003.jpg,5,https://www.huliot.co.il/product/%D7%A6%D7%99%D7%A0%D7%95%D7%A8%D7%95%D7%AA-%D7%A4%D7%95%D7%9C%D7%99%D7%A8%D7%95%D7%9C-pp-r-%D7%9C%D7%9E%D7%99%D7%9D-%D7%97%D7%9E%D7%99%D7%9D-%D7%95%D7%A7%D7%A8%D7%99%D7%9D-%D7%91%D7%A7%D7%95%D7%98-2/
95016004,צינורות פולירול PP-R למים חמים וקרים בקוטר 32 עובי דופן 5.4,צינור,,Polirol PP-R,מים חמים וקרים,,,,PP-R,,32,32,,,,,,5.4,,,,95016004.jpg,4,https://www.huliot.co.il/product/%D7%A6%D7%99%D7%A0%D7%95%D7%A8%D7%95%D7%AA-%D7%A4%D7%95%D7%9C%D7%99%D7%A8%D7%95%D7%9C-pp-r-%D7%9C%D7%9E%D7%99%D7%9D-%D7%97%D7%9E%D7%99%D7%9D-%D7%95%D7%A7%D7%A8%D7%99%D7%9D-%D7%91%D7%A7%D7%95%D7%98-3/
95016005,צינורות פולירול PP-R למים חמים וקרים בקוטר 40 עובי דופן 6.7,צינור,,Polirol PP-R,מים חמים וקרים,,,,PP-R,,40,40,,,,,,6.7,,,,95016005.jpg,4,https://www.huliot.co.il/product/%D7%A6%D7%99%D7%A0%D7%95%D7%A8%D7%95%D7%AA-%D7%A4%D7%95%D7%9C%D7%99%D7%A8%D7%95%D7%9C-pp-r-%D7%9C%D7%9E%D7%99%D7%9D-%D7%97%D7%9E%D7%99%D7%9D-%D7%95%D7%A7%D7%A8%D7%99%D7%9D-%D7%91%D7%A7%D7%95%D7%98-4/
95016006,צינורות פולירול PP-R למים חמים וקרים בקוטר 50 עובי דופן 8.3,צינור,,Polirol PP-R,מים חמים וקרים,,,,PP-R,,50,50,,,,,,8.3,,,,95016006.jpg,4,https://www.huliot.co.il/product/%D7%A6%D7%99%D7%A0%D7%95%D7%A8%D7%95%D7%AA-%D7%A4%D7%95%D7%9C%D7%99%D7%A8%D7%95%D7%9C-pp-r-%D7%9C%D7%9E%D7%99%D7%9D-%D7%97%D7%9E%D7%99%D7%9D-%D7%95%D7%A7%D7%A8%D7%99%D7%9D-%D7%91%D7%A7%D7%95%D7%98-5/
95016002,צינורות פולירול PP-R למים חמים וקרים בקוטר 20 עובי דופן 3.4,צינור,,Polirol PP-R,מים חמים וקרים,,,,PP-R,,20,20,,,,,,3.4,,,,95016002.jpg,5,https://www.huliot.co.il/product/%D7%A6%D7%99%D7%A0%D7%95%D7%A8%D7%95%D7%AA-%D7%A4%D7%95%D7%9C%D7%99%D7%A8%D7%95%D7%9C-pp-r-%D7%9C%D7%9E%D7%99%D7%9D-%D7%97%D7%9E%D7%99%D7%9D-%D7%95%D7%A7%D7%A8%D7%99%D7%9D-%D7%91%D7%A7%D7%95%D7%98/
95270726,צינורות פולירול PP-R פייזר למים חמים וקרים בקוטר 125 עובי דופן 17.1,צינור,פייזר,Polirol PP-R,מים חמים וקרים,,,,PP-R,,125,125,,,,,,17.1,,,,95270726.jpg,4,https://www.huliot.co.il/product/%D7%A6%D7%99%D7%A0%D7%95%D7%A8%D7%95%D7%AA-%D7%A4%D7%95%D7%9C%D7%99%D7%A8%D7%95%D7%9C-pp-r-%D7%A4%D7%99%D7%99%D7%96%D7%A8-%D7%9C%D7%9E%D7%99%D7%9D-%D7%97%D7%9E%D7%99%D7%9D-%D7%95%D7%A7%D7%A8%D7%99-10/
95270710,צינורות פולירול PP-R פייזר למים חמים וקרים בקוטר 25 עובי דופן 3.5,צינור,פייזר,Polirol PP-R,מים חמים וקרים,,,,PP-R,,25,25,,,,,,3.5,,,,95270710.jpg,4,https://www.huliot.co.il/product/%D7%A6%D7%99%D7%A0%D7%95%D7%A8%D7%95%D7%AA-%D7%A4%D7%95%D7%9C%D7%99%D7%A8%D7%95%D7%9C-pp-r-%D7%A4%D7%99%D7%99%D7%96%D7%A8-%D7%9C%D7%9E%D7%99%D7%9D-%D7%97%D7%9E%D7%99%D7%9D-%D7%95%D7%A7%D7%A8%D7%99-2/
95270712,צינורות פולירול PP-R פייזר למים חמים וקרים בקוטר 32 עובי דופן 4.4,צינור,פייזר,Polirol PP-R,מים חמים וקרים,,,,PP-R,,32,32,,,,,,4.4,,,,95270712.jpg,4,https://www.huliot.co.il/product/%D7%A6%D7%99%D7%A0%D7%95%D7%A8%D7%95%D7%AA-%D7%A4%D7%95%D7%9C%D7%99%D7%A8%D7%95%D7%9C-pp-r-%D7%A4%D7%99%D7%99%D7%96%D7%A8-%D7%9C%D7%9E%D7%99%D7%9D-%D7%97%D7%9E%D7%99%D7%9D-%D7%95%D7%A7%D7%A8%D7%99-3/
95270714,צינורות פולירול PP-R פייזר למים חמים וקרים בקוטר 40 עובי דופן 5.5,צינור,פייזר,Polirol PP-R,מים חמים וקרים,,,,PP-R,,40,40,,,,,,5.5,,,,95270714.jpg,4,https://www.huliot.co.il/product/%D7%A6%D7%99%D7%A0%D7%95%D7%A8%D7%95%D7%AA-%D7%A4%D7%95%D7%9C%D7%99%D7%A8%D7%95%D7%9C-pp-r-%D7%A4%D7%99%D7%99%D7%96%D7%A8-%D7%9C%D7%9E%D7%99%D7%9D-%D7%97%D7%9E%D7%99%D7%9D-%D7%95%D7%A7%D7%A8%D7%99-4/
95270716,צינורות פולירול PP-R פייזר למים חמים וקרים בקוטר 50 עובי דופן 6.9,צינור,פייזר,Polirol PP-R,מים חמים וקרים,,,,PP-R,,50,50,,,,,,6.9,,,,95270716.jpg,4,https://www.huliot.co.il/product/%D7%A6%D7%99%D7%A0%D7%95%D7%A8%D7%95%D7%AA-%D7%A4%D7%95%D7%9C%D7%99%D7%A8%D7%95%D7%9C-pp-r-%D7%A4%D7%99%D7%99%D7%96%D7%A8-%D7%9C%D7%9E%D7%99%D7%9D-%D7%97%D7%9E%D7%99%D7%9D-%D7%95%D7%A7%D7%A8%D7%99-5/
95270718,צינורות פולירול PP-R פייזר למים חמים וקרים בקוטר 63 עובי דופן 8.6,צינור,פייזר,Polirol PP-R,מים חמים וקרים,,,,PP-R,,63,63,,,,,,8.6,,,,95270718.jpg,4,https://www.huliot.co.il/product/%D7%A6%D7%99%D7%A0%D7%95%D7%A8%D7%95%D7%AA-%D7%A4%D7%95%D7%9C%D7%99%D7%A8%D7%95%D7%9C-pp-r-%D7%A4%D7%99%D7%99%D7%96%D7%A8-%D7%9C%D7%9E%D7%99%D7%9D-%D7%97%D7%9E%D7%99%D7%9D-%D7%95%D7%A7%D7%A8%D7%99-6/
95270720,צינורות פולירול PP-R פייזר למים חמים וקרים בקוטר 75 עובי דופן 10.3,צינור,פייזר,Polirol PP-R,מים חמים וקרים,,,,PP-R,,75,75,,,,,,10.3,,,,95270720.jpg,5,https://www.huliot.co.il/product/%D7%A6%D7%99%D7%A0%D7%95%D7%A8%D7%95%D7%AA-%D7%A4%D7%95%D7%9C%D7%99%D7%A8%D7%95%D7%9C-pp-r-%D7%A4%D7%99%D7%99%D7%96%D7%A8-%D7%9C%D7%9E%D7%99%D7%9D-%D7%97%D7%9E%D7%99%D7%9D-%D7%95%D7%A7%D7%A8%D7%99-7/
95270722,צינורות פולירול PP-R פייזר למים חמים וקרים בקוטר 90 עובי דופן 12.3,צינור,פייזר,Polirol PP-R,מים חמים וקרים,,,,PP-R,,90,90,,,,,,12.3,,,,95270722.jpg,5,https://www.huliot.co.il/product/%D7%A6%D7%99%D7%A0%D7%95%D7%A8%D7%95%D7%AA-%D7%A4%D7%95%D7%9C%D7%99%D7%A8%D7%95%D7%9C-pp-r-%D7%A4%D7%99%D7%99%D7%96%D7%A8-%D7%9C%D7%9E%D7%99%D7%9D-%D7%97%D7%9E%D7%99%D7%9D-%D7%95%D7%A7%D7%A8%D7%99-8/
95270724,צינורות פולירול PP-R פייזר למים חמים וקרים בקוטר 110 עובי דופן 15.1,צינור,פייזר,Polirol PP-R,מים חמים וקרים,,,,PP-R,,110,110,,,,,,15.1,,,,95270724.jpg,4,https://www.huliot.co.il/product/%D7%A6%D7%99%D7%A0%D7%95%D7%A8%D7%95%D7%AA-%D7%A4%D7%95%D7%9C%D7%99%D7%A8%D7%95%D7%9C-pp-r-%D7%A4%D7%99%D7%99%D7%96%D7%A8-%D7%9C%D7%9E%D7%99%D7%9D-%D7%97%D7%9E%D7%99%D7%9D-%D7%95%D7%A7%D7%A8%D7%99-9/
95270708,צינורות פולירול PP-R פייזר למים חמים וקרים בקוטר 20 עובי דופן 2.8,צינור,פייזר,Polirol PP-R,מים חמים וקרים,,,,PP-R,,20,20,,,,,,2.8,,,,95270708.jpg,4,https://www.huliot.co.il/product/%D7%A6%D7%99%D7%A0%D7%95%D7%A8%D7%95%D7%AA-%D7%A4%D7%95%D7%9C%D7%99%D7%A8%D7%95%D7%9C-pp-r-%D7%A4%D7%99%D7%99%D7%96%D7%A8-%D7%9C%D7%9E%D7%99%D7%9D-%D7%97%D7%9E%D7%99%D7%9D-%D7%95%D7%A7%D7%A8%D7%99/
5901100100,צינור אולטרה בטון  בקוטר 110 L1000,צינור,,Ultra Beton,,,,,,,110,110,,,,,1000,,,,,5901100100.jpg,6,https://www.huliot.co.il/product/%D7%A6%D7%99%D7%A0%D7%95%D7%A8-%D7%90%D7%95%D7%9C%D7%98%D7%A8%D7%94-%D7%91%D7%98%D7%95%D7%9F-%D7%91%D7%A7%D7%95%D7%98%D7%A8-110-l1000/
5901100025,צינור אולטרה בטון  בקוטר 110 L250,צינור,,Ultra Beton,,,,,,,110,110,,,,,250,,,,,5901100025.jpg,6,https://www.huliot.co.il/product/%D7%A6%D7%99%D7%A0%D7%95%D7%A8-%D7%90%D7%95%D7%9C%D7%98%D7%A8%D7%94-%D7%91%D7%98%D7%95%D7%9F-%D7%91%D7%A7%D7%95%D7%98%D7%A8-110-l250/
5901100300,צינור אולטרה בטון  בקוטר 110 L3000,צינור,,Ultra Beton,,,,,,,110,110,,,,,3000,,,,,5901100300.jpg,6,https://www.huliot.co.il/product/%D7%A6%D7%99%D7%A0%D7%95%D7%A8-%D7%90%D7%95%D7%9C%D7%98%D7%A8%D7%94-%D7%91%D7%98%D7%95%D7%9F-%D7%91%D7%A7%D7%95%D7%98%D7%A8-110-l3000/
5901100050,צינור אולטרה בטון  בקוטר 110 L500,צינור,,Ultra Beton,,,,,,,110,110,,,,,500,,,,,5901100050.jpg,6,https://www.huliot.co.il/product/%D7%A6%D7%99%D7%A0%D7%95%D7%A8-%D7%90%D7%95%D7%9C%D7%98%D7%A8%D7%94-%D7%91%D7%98%D7%95%D7%9F-%D7%91%D7%A7%D7%95%D7%98%D7%A8-110-l500/
5901200100,צינור אולטרה בטון  בקוטר 125 L1000,צינור,,Ultra Beton,,,,,,,125,125,,,,,1000,,,,,5901200100.jpg,6,https://www.huliot.co.il/product/%D7%A6%D7%99%D7%A0%D7%95%D7%A8-%D7%90%D7%95%D7%9C%D7%98%D7%A8%D7%94-%D7%91%D7%98%D7%95%D7%9F-%D7%91%D7%A7%D7%95%D7%98%D7%A8-125-l1000/
5901200300,צינור אולטרה בטון  בקוטר 125 L3000,צינור,,Ultra Beton,,,,,,,125,125,,,,,3000,,,,,5901200300.jpg,6,https://www.huliot.co.il/product/%D7%A6%D7%99%D7%A0%D7%95%D7%A8-%D7%90%D7%95%D7%9C%D7%98%D7%A8%D7%94-%D7%91%D7%98%D7%95%D7%9F-%D7%91%D7%A7%D7%95%D7%98%D7%A8-125-l3000/
5901600100,צינור אולטרה בטון  בקוטר 160 L1000,צינור,,Ultra Beton,,,,,,,160,160,,,,,1000,,,,,5901600100.jpg,6,https://www.huliot.co.il/product/%D7%A6%D7%99%D7%A0%D7%95%D7%A8-%D7%90%D7%95%D7%9C%D7%98%D7%A8%D7%94-%D7%91%D7%98%D7%95%D7%9F-%D7%91%D7%A7%D7%95%D7%98%D7%A8-160-l1000/
5901600025,צינור אולטרה בטון בקוטר 160 L250,צינור,,Ultra Beton,,,,,,,160,160,,,,,250,,,,,5901600025.jpg,6,https://www.huliot.co.il/product/%D7%A6%D7%99%D7%A0%D7%95%D7%A8-%D7%90%D7%95%D7%9C%D7%98%D7%A8%D7%94-%D7%91%D7%98%D7%95%D7%9F-%D7%91%D7%A7%D7%95%D7%98%D7%A8-160-l250/
5901600300,צינור אולטרה בטון  בקוטר 160 L3000,צינור,,Ultra Beton,,,,,,,160,160,,,,,3000,,,,,5901600300.jpg,6,https://www.huliot.co.il/product/%D7%A6%D7%99%D7%A0%D7%95%D7%A8-%D7%90%D7%95%D7%9C%D7%98%D7%A8%D7%94-%D7%91%D7%98%D7%95%D7%9F-%D7%91%D7%A7%D7%95%D7%98%D7%A8-160-l3000/
5901600050,צינור אולטרה בטון  בקוטר 160 L500,צינור,,Ultra Beton,,,,,,,160,160,,,,,500,,,,,5901600050.jpg,5,https://www.huliot.co.il/product/%D7%A6%D7%99%D7%A0%D7%95%D7%A8-%D7%90%D7%95%D7%9C%D7%98%D7%A8%D7%94-%D7%91%D7%98%D7%95%D7%9F-%D7%91%D7%A7%D7%95%D7%98%D7%A8-160-l500/
5902000100,צינור אולטרה בטון  בקוטר 200 L1000,צינור,,Ultra Beton,,,,,,,200,200,,,,,1000,,,,,5902000100.jpg,6,https://www.huliot.co.il/product/%D7%A6%D7%99%D7%A0%D7%95%D7%A8-%D7%90%D7%95%D7%9C%D7%98%D7%A8%D7%94-%D7%91%D7%98%D7%95%D7%9F-%D7%91%D7%A7%D7%95%D7%98%D7%A8-200-l1000/
5902000300,צינור אולטרה בטון  בקוטר 200 L3000,צינור,,Ultra Beton,,,,,,,200,200,,,,,3000,,,,,5902000300.jpg,6,https://www.huliot.co.il/product/%D7%A6%D7%99%D7%A0%D7%95%D7%A8-%D7%90%D7%95%D7%9C%D7%98%D7%A8%D7%94-%D7%91%D7%98%D7%95%D7%9F-%D7%91%D7%A7%D7%95%D7%98%D7%A8-200-l3000/
5907500300,צינור אולטרה בטון  בקוטר 75 L3000,צינור,,Ultra Beton,,,,,,,75,75,,,,,3000,,,,,5907500300.jpg,6,https://www.huliot.co.il/product/%D7%A6%D7%99%D7%A0%D7%95%D7%A8-%D7%90%D7%95%D7%9C%D7%98%D7%A8%D7%94-%D7%91%D7%98%D7%95%D7%9F-%D7%91%D7%A7%D7%95%D7%98%D7%A8-75-l3000/
5901111400,צינור אולטרה בטון דו ראשי  בקוטר 110 L4000,צינור,דו ראשי,Ultra Beton,,,,,,,110,110,,,,,4000,,,,,5901111400.jpg,5,https://www.huliot.co.il/product/%D7%A6%D7%99%D7%A0%D7%95%D7%A8-%D7%90%D7%95%D7%9C%D7%98%D7%A8%D7%94-%D7%91%D7%98%D7%95%D7%9F-%D7%93%D7%95-%D7%A8%D7%90%D7%A9%D7%99-%D7%91%D7%A7%D7%95%D7%98%D7%A8-110-l4000/
5901616400,צינור אולטרה בטון דו ראשי  בקוטר 160 L4000,צינור,דו ראשי,Ultra Beton,,,,,,,160,160,,,,,4000,,,,,5901616400.jpg,5,https://www.huliot.co.il/product/%D7%A6%D7%99%D7%A0%D7%95%D7%A8-%D7%90%D7%95%D7%9C%D7%98%D7%A8%D7%94-%D7%91%D7%98%D7%95%D7%9F-%D7%93%D7%95-%D7%A8%D7%90%D7%A9%D7%99-%D7%91%D7%A7%D7%95%D7%98%D7%A8-160-l4000/
5907575300,צינור אולטרה בטון דו ראשי  בקוטר 75  L3000,צינור,דו ראשי,Ultra Beton,,,,,,,75,75,,,,,3000,,,,,5907575300.jpg,6,https://www.huliot.co.il/product/%D7%A6%D7%99%D7%A0%D7%95%D7%A8-%D7%90%D7%95%D7%9C%D7%98%D7%A8%D7%94-%D7%91%D7%98%D7%95%D7%9F-%D7%93%D7%95-%D7%A8%D7%90%D7%A9%D7%99-%D7%91%D7%A7%D7%95%D7%98%D7%A8-75-l3000/
5302000100,צינור אולטרה ווייט בקוטר Ø200 L-1000,צינור,,Ultra White,,,,,,,200,200,,,,,1000,,,,,5302000100.jpg,4,https://www.huliot.co.il/product/%D7%A6%D7%99%D7%A0%D7%95%D7%A8-%D7%90%D7%95%D7%9C%D7%98%D7%A8%D7%94-%D7%95%D7%95%D7%99%D7%99%D7%98-%D7%91%D7%A7%D7%95%D7%98%D7%A8-o200-l-1000-2/
5302000300,צינור אולטרה ווייט בקוטר Ø200 L-3000,צינור,,Ultra White,,,,,,,200,200,,,,,3000,,,,,5302000300.jpg,6,https://www.huliot.co.il/product/%D7%A6%D7%99%D7%A0%D7%95%D7%A8-%D7%90%D7%95%D7%9C%D7%98%D7%A8%D7%94-%D7%95%D7%95%D7%99%D7%99%D7%98-%D7%91%D7%A7%D7%95%D7%98%D7%A8-o200-l-3000-2/
5301100100,צינור אולטרה ווייט  Ø110 L-1000,צינור,,Ultra White,,,,,,,110,110,,,,,1000,,,,,5301100100.jpg,6,https://www.huliot.co.il/product/%D7%A6%D7%99%D7%A0%D7%95%D7%A8-%D7%90%D7%95%D7%9C%D7%98%D7%A8%D7%94-%D7%95%D7%95%D7%99%D7%99%D7%98-o110-l-1000-2/
5301100025,צינור אולטרה ווייט  Ø110 L-250,צינור,,Ultra White,,,,,,,110,110,,,,,250,,,,,5301100025.jpg,5,https://www.huliot.co.il/product/%D7%A6%D7%99%D7%A0%D7%95%D7%A8-%D7%90%D7%95%D7%9C%D7%98%D7%A8%D7%94-%D7%95%D7%95%D7%99%D7%99%D7%98-o110-l-250-2/
5301100300,צינור אולטרה ווייט  Ø110 L-3000,צינור,,Ultra White,,,,,,,110,110,,,,,3000,,,,,5301100300.jpg,6,https://www.huliot.co.il/product/%D7%A6%D7%99%D7%A0%D7%95%D7%A8-%D7%90%D7%95%D7%9C%D7%98%D7%A8%D7%94-%D7%95%D7%95%D7%99%D7%99%D7%98-o110-l-3000-2/
5301100050,צינור אולטרה ווייט  Ø110 L-500,צינור,,Ultra White,,,,,,,110,110,,,,,500,,,,,5301100050.jpg,5,https://www.huliot.co.il/product/%D7%A6%D7%99%D7%A0%D7%95%D7%A8-%D7%90%D7%95%D7%9C%D7%98%D7%A8%D7%94-%D7%95%D7%95%D7%99%D7%99%D7%98-o110-l-500-2/
5301600100,צינור אולטרה ווייט  Ø160 L-1000,צינור,,Ultra White,,,,,,,160,160,,,,,1000,,,,,5301600100.jpg,4,https://www.huliot.co.il/product/%D7%A6%D7%99%D7%A0%D7%95%D7%A8-%D7%90%D7%95%D7%9C%D7%98%D7%A8%D7%94-%D7%95%D7%95%D7%99%D7%99%D7%98-o160-l-1000-2/
5301600300,צינור אולטרה ווייט  Ø160 L-3000,צינור,,Ultra White,,,,,,,160,160,,,,,3000,,,,,5301600300.jpg,5,https://www.huliot.co.il/product/%D7%A6%D7%99%D7%A0%D7%95%D7%A8-%D7%90%D7%95%D7%9C%D7%98%D7%A8%D7%94-%D7%95%D7%95%D7%99%D7%99%D7%98-o160-l-3000-2/
5301600050,צינור אולטרה ווייט  Ø160 L-500,צינור,,Ultra White,,,,,,,160,160,,,,,500,,,,,5301600050.jpg,5,https://www.huliot.co.il/product/%D7%A6%D7%99%D7%A0%D7%95%D7%A8-%D7%90%D7%95%D7%9C%D7%98%D7%A8%D7%94-%D7%95%D7%95%D7%99%D7%99%D7%98-o160-l-500-2/
514110100,צינור אולטרה לביוב SN-4 בקוטר 110 L1000,צינור,,,ביוב,,,,,,110,110,,,,,1000,,,SN4,אולטרה,514110100.jpg,4,https://www.huliot.co.il/product/%D7%A6%D7%99%D7%A0%D7%95%D7%A8-%D7%90%D7%95%D7%9C%D7%98%D7%A8%D7%94-%D7%9C%D7%91%D7%99%D7%95%D7%91-sn-4-%D7%91%D7%A7%D7%95%D7%98%D7%A8-110-l1000/
514110300,צינור אולטרה לביוב SN-4 בקוטר 110 L3000,צינור,,,ביוב,,,,,,110,110,,,,,3000,,,SN4,אולטרה,514110300.jpg,4,https://www.huliot.co.il/product/%D7%A6%D7%99%D7%A0%D7%95%D7%A8-%D7%90%D7%95%D7%9C%D7%98%D7%A8%D7%94-%D7%9C%D7%91%D7%99%D7%95%D7%91-sn-4-%D7%91%D7%A7%D7%95%D7%98%D7%A8-110-l3000/
514110400,צינור אולטרה לביוב SN-4 בקוטר 110 L4000,צינור,,,ביוב,,,,,,110,110,,,,,4000,,,SN4,אולטרה,514110400.jpg,4,https://www.huliot.co.il/product/%D7%A6%D7%99%D7%A0%D7%95%D7%A8-%D7%90%D7%95%D7%9C%D7%98%D7%A8%D7%94-%D7%9C%D7%91%D7%99%D7%95%D7%91-sn-4-%D7%91%D7%A7%D7%95%D7%98%D7%A8-110-l4000/
514160100,צינור אולטרה לביוב SN-4 בקוטר 160 L1000,צינור,,,ביוב,,,,,,160,160,,,,,1000,,,SN4,אולטרה,514160100.jpg,4,https://www.huliot.co.il/product/%D7%A6%D7%99%D7%A0%D7%95%D7%A8-%D7%90%D7%95%D7%9C%D7%98%D7%A8%D7%94-%D7%9C%D7%91%D7%99%D7%95%D7%91-sn-4-%D7%91%D7%A7%D7%95%D7%98%D7%A8-160-l1000/
514160300,צינור אולטרה לביוב SN-4 בקוטר 160 L3000,צינור,,,ביוב,,,,,,160,160,,,,,3000,,,SN4,אולטרה,514160300.jpg,4,https://www.huliot.co.il/product/%D7%A6%D7%99%D7%A0%D7%95%D7%A8-%D7%90%D7%95%D7%9C%D7%98%D7%A8%D7%94-%D7%9C%D7%91%D7%99%D7%95%D7%91-sn-4-%D7%91%D7%A7%D7%95%D7%98%D7%A8-160-l3000/
514160400,צינור אולטרה לביוב SN-4 בקוטר 160 L4000,צינור,,,ביוב,,,,,,160,160,,,,,4000,,,SN4,אולטרה,514160400.jpg,4,https://www.huliot.co.il/product/%D7%A6%D7%99%D7%A0%D7%95%D7%A8-%D7%90%D7%95%D7%9C%D7%98%D7%A8%D7%94-%D7%9C%D7%91%D7%99%D7%95%D7%91-sn-4-%D7%91%D7%A7%D7%95%D7%98%D7%A8-160-l4000/
568110300,צינור אולטרה לביוב SN-8 בקוטר 110 L3000,צינור,,,ביוב,,,,,,110,110,,,,,3000,,,SN8,אולטרה,568110300.jpg,4,https://www.huliot.co.il/product/%D7%A6%D7%99%D7%A0%D7%95%D7%A8-%D7%90%D7%95%D7%9C%D7%98%D7%A8%D7%94-%D7%9C%D7%91%D7%99%D7%95%D7%91-sn-8-%D7%91%D7%A7%D7%95%D7%98%D7%A8-110-l3000/
568160300,צינור אולטרה לביוב SN-8 בקוטר 160 L3000,צינור,,,ביוב,,,,,,160,160,,,,,3000,,,SN8,אולטרה,568160300.jpg,4,https://www.huliot.co.il/product/%D7%A6%D7%99%D7%A0%D7%95%D7%A8-%D7%90%D7%95%D7%9C%D7%98%D7%A8%D7%94-%D7%9C%D7%91%D7%99%D7%95%D7%91-sn-8-%D7%91%D7%A7%D7%95%D7%98%D7%A8-160-l3000/
5741111300,צינור אולטרה סיילנט דו ראשי Ø110 L-3000,צינור,דו ראשי,Ultra Silent,,,,,,,110,110,,,,,3000,,,,,5741111300.jpg,6,https://www.huliot.co.il/product/%D7%A6%D7%99%D7%A0%D7%95%D7%A8-%D7%90%D7%95%D7%9C%D7%98%D7%A8%D7%94-%D7%A1%D7%99%D7%99%D7%9C%D7%A0%D7%98-%D7%93%D7%95-%D7%A8%D7%90%D7%A9%D7%99-o110-l-3000/
5741111400,צינור אולטרה סיילנט דו ראשי Ø110 L-4000,צינור,דו ראשי,Ultra Silent,,,,,,,110,110,,,,,4000,,,,,5741111400.jpg,6,https://www.huliot.co.il/product/%D7%A6%D7%99%D7%A0%D7%95%D7%A8-%D7%90%D7%95%D7%9C%D7%98%D7%A8%D7%94-%D7%A1%D7%99%D7%99%D7%9C%D7%A0%D7%98-%D7%93%D7%95-%D7%A8%D7%90%D7%A9%D7%99-o110-l-4000/
5741212300,צינור אולטרה סיילנט דו ראשי Ø125 L-3000,צינור,דו ראשי,Ultra Silent,,,,,,,125,125,,,,,3000,,,,,5741212300.jpg,6,https://www.huliot.co.il/product/%D7%A6%D7%99%D7%A0%D7%95%D7%A8-%D7%90%D7%95%D7%9C%D7%98%D7%A8%D7%94-%D7%A1%D7%99%D7%99%D7%9C%D7%A0%D7%98-%D7%93%D7%95-%D7%A8%D7%90%D7%A9%D7%99-o125-l-3000/
5741616300,צינור אולטרה סיילנט דו ראשי Ø160 L-3000,צינור,דו ראשי,Ultra Silent,,,,,,,160,160,,,,,3000,,,,,5741616300.jpg,6,https://www.huliot.co.il/product/%D7%A6%D7%99%D7%A0%D7%95%D7%A8-%D7%90%D7%95%D7%9C%D7%98%D7%A8%D7%94-%D7%A1%D7%99%D7%99%D7%9C%D7%A0%D7%98-%D7%93%D7%95-%D7%A8%D7%90%D7%A9%D7%99-o160-l-3000/
5741616400,צינור אולטרה סיילנט דו ראשי Ø160 L-4000,צינור,דו ראשי,Ultra Silent,,,,,,,160,160,,,,,4000,,,,,5741616400.jpg,6,https://www.huliot.co.il/product/%D7%A6%D7%99%D7%A0%D7%95%D7%A8-%D7%90%D7%95%D7%9C%D7%98%D7%A8%D7%94-%D7%A1%D7%99%D7%99%D7%9C%D7%A0%D7%98-%D7%93%D7%95-%D7%A8%D7%90%D7%A9%D7%99-o160-l-4000/
5841100100,צינור אולטרה סיילנט פלוס  בקוטר 110 L1000,צינור,,Ultra Silent Plus,,,,,,,110,110,,,,,1000,,,,,5841100100.jpg,4,https://www.huliot.co.il/product/%D7%A6%D7%99%D7%A0%D7%95%D7%A8-%D7%90%D7%95%D7%9C%D7%98%D7%A8%D7%94-%D7%A1%D7%99%D7%99%D7%9C%D7%A0%D7%98-%D7%A4%D7%9C%D7%95%D7%A1-%D7%91%D7%A7%D7%95%D7%98%D7%A8-110-l1000/
5841100300,צינור אולטרה סיילנט פלוס  בקוטר 110 L3000,צינור,,Ultra Silent Plus,,,,,,,110,110,,,,,3000,,,,,5841100300.jpg,5,https://www.huliot.co.il/product/%D7%A6%D7%99%D7%A0%D7%95%D7%A8-%D7%90%D7%95%D7%9C%D7%98%D7%A8%D7%94-%D7%A1%D7%99%D7%99%D7%9C%D7%A0%D7%98-%D7%A4%D7%9C%D7%95%D7%A1-%D7%91%D7%A7%D7%95%D7%98%D7%A8-110-l3000/
5841100050,צינור אולטרה סיילנט פלוס  בקוטר 110 L500,צינור,,Ultra Silent Plus,,,,,,,110,110,,,,,500,,,,,5841100050.jpg,4,https://www.huliot.co.il/product/%D7%A6%D7%99%D7%A0%D7%95%D7%A8-%D7%90%D7%95%D7%9C%D7%98%D7%A8%D7%94-%D7%A1%D7%99%D7%99%D7%9C%D7%A0%D7%98-%D7%A4%D7%9C%D7%95%D7%A1-%D7%91%D7%A7%D7%95%D7%98%D7%A8-110-l500/
5841200100,צינור אולטרה סיילנט פלוס  בקוטר 125 L1000,צינור,,Ultra Silent Plus,,,,,,,125,125,,,,,1000,,,,,5841200100.jpg,3,https://www.huliot.co.il/product/%D7%A6%D7%99%D7%A0%D7%95%D7%A8-%D7%90%D7%95%D7%9C%D7%98%D7%A8%D7%94-%D7%A1%D7%99%D7%99%D7%9C%D7%A0%D7%98-%D7%A4%D7%9C%D7%95%D7%A1-%D7%91%D7%A7%D7%95%D7%98%D7%A8-125-l1000/
5841200300,צינור אולטרה סיילנט פלוס  בקוטר 125 L3000,צינור,,Ultra Silent Plus,,,,,,,125,125,,,,,3000,,,,,5841200300.jpg,4,https://www.huliot.co.il/product/%D7%A6%D7%99%D7%A0%D7%95%D7%A8-%D7%90%D7%95%D7%9C%D7%98%D7%A8%D7%94-%D7%A1%D7%99%D7%99%D7%9C%D7%A0%D7%98-%D7%A4%D7%9C%D7%95%D7%A1-%D7%91%D7%A7%D7%95%D7%98%D7%A8-125-l3000/
5841200050,צינור אולטרה סיילנט פלוס  בקוטר 125 L500,צינור,,Ultra Silent Plus,,,,,,,125,125,,,,,500,,,,,5841200050.jpg,5,https://www.huliot.co.il/product/%D7%A6%D7%99%D7%A0%D7%95%D7%A8-%D7%90%D7%95%D7%9C%D7%98%D7%A8%D7%94-%D7%A1%D7%99%D7%99%D7%9C%D7%A0%D7%98-%D7%A4%D7%9C%D7%95%D7%A1-%D7%91%D7%A7%D7%95%D7%98%D7%A8-125-l500/
5841600100,צינור אולטרה סיילנט פלוס  בקוטר 160 L1000,צינור,,Ultra Silent Plus,,,,,,,160,160,,,,,1000,,,,,5841600100.jpg,4,https://www.huliot.co.il/product/%D7%A6%D7%99%D7%A0%D7%95%D7%A8-%D7%90%D7%95%D7%9C%D7%98%D7%A8%D7%94-%D7%A1%D7%99%D7%99%D7%9C%D7%A0%D7%98-%D7%A4%D7%9C%D7%95%D7%A1-%D7%91%D7%A7%D7%95%D7%98%D7%A8-160-l1000/
5841600300,צינור אולטרה סיילנט פלוס  בקוטר 160 L3000,צינור,,Ultra Silent Plus,,,,,,,160,160,,,,,3000,,,,,5841600300.jpg,5,https://www.huliot.co.il/product/%D7%A6%D7%99%D7%A0%D7%95%D7%A8-%D7%90%D7%95%D7%9C%D7%98%D7%A8%D7%94-%D7%A1%D7%99%D7%99%D7%9C%D7%A0%D7%98-%D7%A4%D7%9C%D7%95%D7%A1-%D7%91%D7%A7%D7%95%D7%98%D7%A8-160-l3000/
5841600050,צינור אולטרה סיילנט פלוס  בקוטר 160 L500,צינור,,Ultra Silent Plus,,,,,,,160,160,,,,,500,,,,,5841600050.jpg,5,https://www.huliot.co.il/product/%D7%A6%D7%99%D7%A0%D7%95%D7%A8-%D7%90%D7%95%D7%9C%D7%98%D7%A8%D7%94-%D7%A1%D7%99%D7%99%D7%9C%D7%A0%D7%98-%D7%A4%D7%9C%D7%95%D7%A1-%D7%91%D7%A7%D7%95%D7%98%D7%A8-160-l500/
5741100100,צינור אולטרה סיילנט  Ø110 L-1000,צינור,,Ultra Silent,,,,,,,110,110,,,,,1000,,,,,5741100100.jpg,6,https://www.huliot.co.il/product/%D7%A6%D7%99%D7%A0%D7%95%D7%A8-%D7%90%D7%95%D7%9C%D7%98%D7%A8%D7%94-%D7%A1%D7%99%D7%99%D7%9C%D7%A0%D7%98-o110-l-1000/
5741100025,צינור אולטרה סיילנט  Ø110 L-250,צינור,,Ultra Silent,,,,,,,110,110,,,,,250,,,,,5741100025.jpg,6,https://www.huliot.co.il/product/%D7%A6%D7%99%D7%A0%D7%95%D7%A8-%D7%90%D7%95%D7%9C%D7%98%D7%A8%D7%94-%D7%A1%D7%99%D7%99%D7%9C%D7%A0%D7%98-o110-l-250/
5741100300,צינור אולטרה סיילנט  Ø110 L-3000,צינור,,Ultra Silent,,,,,,,110,110,,,,,3000,,,,,5741100300.jpg,6,https://www.huliot.co.il/product/%D7%A6%D7%99%D7%A0%D7%95%D7%A8-%D7%90%D7%95%D7%9C%D7%98%D7%A8%D7%94-%D7%A1%D7%99%D7%99%D7%9C%D7%A0%D7%98-o110-l-3000/
5741100050,צינור אולטרה סיילנט  Ø110 L-500,צינור,,Ultra Silent,,,,,,,110,110,,,,,500,,,,,5741100050.jpg,6,https://www.huliot.co.il/product/%D7%A6%D7%99%D7%A0%D7%95%D7%A8-%D7%90%D7%95%D7%9C%D7%98%D7%A8%D7%94-%D7%A1%D7%99%D7%99%D7%9C%D7%A0%D7%98-o110-l-500/
5741200100,צינור אולטרה סיילנט  Ø125 L-1000,צינור,,Ultra Silent,,,,,,,125,125,,,,,1000,,,,,5741200100.jpg,6,https://www.huliot.co.il/product/%D7%A6%D7%99%D7%A0%D7%95%D7%A8-%D7%90%D7%95%D7%9C%D7%98%D7%A8%D7%94-%D7%A1%D7%99%D7%99%D7%9C%D7%A0%D7%98-o125-l-1000/
5741200300,צינור אולטרה סיילנט  Ø125 L-3000,צינור,,Ultra Silent,,,,,,,125,125,,,,,3000,,,,,5741200300.jpg,6,https://www.huliot.co.il/product/%D7%A6%D7%99%D7%A0%D7%95%D7%A8-%D7%90%D7%95%D7%9C%D7%98%D7%A8%D7%94-%D7%A1%D7%99%D7%99%D7%9C%D7%A0%D7%98-o125-l-3000/
5741200050,צינור אולטרה סיילנט  Ø125 L-500,צינור,,Ultra Silent,,,,,,,125,125,,,,,500,,,,,5741200050.jpg,6,https://www.huliot.co.il/product/%D7%A6%D7%99%D7%A0%D7%95%D7%A8-%D7%90%D7%95%D7%9C%D7%98%D7%A8%D7%94-%D7%A1%D7%99%D7%99%D7%9C%D7%A0%D7%98-o125-l-500/
5741600100,צינור אולטרה סיילנט  Ø160 L-1000,צינור,,Ultra Silent,,,,,,,160,160,,,,,1000,,,,,5741600100.jpg,6,https://www.huliot.co.il/product/%D7%A6%D7%99%D7%A0%D7%95%D7%A8-%D7%90%D7%95%D7%9C%D7%98%D7%A8%D7%94-%D7%A1%D7%99%D7%99%D7%9C%D7%A0%D7%98-o160-l-1000/
5741600300,צינור אולטרה סיילנט  Ø160 L-3000,צינור,,Ultra Silent,,,,,,,160,160,,,,,3000,,,,,5741600300.jpg,6,https://www.huliot.co.il/product/%D7%A6%D7%99%D7%A0%D7%95%D7%A8-%D7%90%D7%95%D7%9C%D7%98%D7%A8%D7%94-%D7%A1%D7%99%D7%99%D7%9C%D7%A0%D7%98-o160-l-3000/
5741600050,צינור אולטרה סיילנט  Ø160 L-500,צינור,,Ultra Silent,,,,,,,160,160,,,,,500,,,,,5741600050.jpg,6,https://www.huliot.co.il/product/%D7%A6%D7%99%D7%A0%D7%95%D7%A8-%D7%90%D7%95%D7%9C%D7%98%D7%A8%D7%94-%D7%A1%D7%99%D7%99%D7%9C%D7%A0%D7%98-o160-l-500/
5745000100,צינור אולטרה סיילנט  Ø50 L-1000,צינור,,Ultra Silent,,,,,,,50,50,,,,,1000,,,,,5745000100.jpg,6,https://www.huliot.co.il/product/%D7%A6%D7%99%D7%A0%D7%95%D7%A8-%D7%90%D7%95%D7%9C%D7%98%D7%A8%D7%94-%D7%A1%D7%99%D7%99%D7%9C%D7%A0%D7%98-o50-l-1000/
5745000300,צינור אולטרה סיילנט  Ø50 L-3000,צינור,,Ultra Silent,,,,,,,50,50,,,,,3000,,,,,5745000300.jpg,6,https://www.huliot.co.il/product/%D7%A6%D7%99%D7%A0%D7%95%D7%A8-%D7%90%D7%95%D7%9C%D7%98%D7%A8%D7%94-%D7%A1%D7%99%D7%99%D7%9C%D7%A0%D7%98-o50-l-3000/
5745000050,צינור אולטרה סיילנט  Ø50 L-500,צינור,,Ultra Silent,,,,,,,50,50,,,,,500,,,,,5745000050.jpg,6,https://www.huliot.co.il/product/%D7%A6%D7%99%D7%A0%D7%95%D7%A8-%D7%90%D7%95%D7%9C%D7%98%D7%A8%D7%94-%D7%A1%D7%99%D7%99%D7%9C%D7%A0%D7%98-o50-l-500/
5747500100,צינור אולטרה סיילנט  Ø75 L-1000,צינור,,Ultra Silent,,,,,,,75,75,,,,,1000,,,,,5747500100.jpg,6,https://www.huliot.co.il/product/%D7%A6%D7%99%D7%A0%D7%95%D7%A8-%D7%90%D7%95%D7%9C%D7%98%D7%A8%D7%94-%D7%A1%D7%99%D7%99%D7%9C%D7%A0%D7%98-o75-l-1000/
5747500300,צינור אולטרה סיילנט  Ø75 L-3000,צינור,,Ultra Silent,,,,,,,75,75,,,,,3000,,,,,5747500300.jpg,6,https://www.huliot.co.il/product/%D7%A6%D7%99%D7%A0%D7%95%D7%A8-%D7%90%D7%95%D7%9C%D7%98%D7%A8%D7%94-%D7%A1%D7%99%D7%99%D7%9C%D7%A0%D7%98-o75-l-3000/
5747500050,צינור אולטרה סיילנט  Ø75 L-500,צינור,,Ultra Silent,,,,,,,75,75,,,,,500,,,,,5747500050.jpg,6,https://www.huliot.co.il/product/%D7%A6%D7%99%D7%A0%D7%95%D7%A8-%D7%90%D7%95%D7%9C%D7%98%D7%A8%D7%94-%D7%A1%D7%99%D7%99%D7%9C%D7%A0%D7%98-o75-l-500/
5749000100,צינור אולטרה סיילנט  Ø90 L-1000,צינור,,Ultra Silent,,,,,,,90,90,,,,,1000,,,,,5749000100.jpg,5,https://www.huliot.co.il/product/%D7%A6%D7%99%D7%A0%D7%95%D7%A8-%D7%90%D7%95%D7%9C%D7%98%D7%A8%D7%94-%D7%A1%D7%99%D7%99%D7%9C%D7%A0%D7%98-o90-l-1000/
5749000300,צינור אולטרה סיילנט  Ø90 L-3000,צינור,,Ultra Silent,,,,,,,90,90,,,,,3000,,,,,5749000300.jpg,6,https://www.huliot.co.il/product/%D7%A6%D7%99%D7%A0%D7%95%D7%A8-%D7%90%D7%95%D7%9C%D7%98%D7%A8%D7%94-%D7%A1%D7%99%D7%99%D7%9C%D7%A0%D7%98-o90-l-3000/
7379140070,צינור ביקורת אולטרה ווייט בקוטר 110,צינור,ביקורת,Ultra White,,,,,,,110,110,,,,,,,,,,7379140070.jpg,5,https://www.huliot.co.il/product/%D7%A6%D7%99%D7%A0%D7%95%D7%A8-%D7%91%D7%99%D7%A7%D7%95%D7%A8%D7%AA-%D7%90%D7%95%D7%9C%D7%98%D7%A8%D7%94-%D7%95%D7%95%D7%99%D7%99%D7%98-%D7%91%D7%A7%D7%95%D7%98%D7%A8-110/
7379160070,צינור ביקורת אולטרה ווייט בקוטר 160,צינור,ביקורת,Ultra White,,,,,,,160,160,,,,,,,,,,7379160070.jpg,4,https://www.huliot.co.il/product/%D7%A6%D7%99%D7%A0%D7%95%D7%A8-%D7%91%D7%99%D7%A7%D7%95%D7%A8%D7%AA-%D7%90%D7%95%D7%9C%D7%98%D7%A8%D7%94-%D7%95%D7%95%D7%99%D7%99%D7%98-%D7%91%D7%A7%D7%95%D7%98%D7%A8-160/
7379180070,צינור ביקורת אולטרה ווייט בקוטר 200,צינור,ביקורת,Ultra White,,,,,,,200,200,,,,,,,,,,7379180070.jpg,4,https://www.huliot.co.il/product/%D7%A6%D7%99%D7%A0%D7%95%D7%A8-%D7%91%D7%99%D7%A7%D7%95%D7%A8%D7%AA-%D7%90%D7%95%D7%9C%D7%98%D7%A8%D7%94-%D7%95%D7%95%D7%99%D7%99%D7%98-%D7%91%D7%A7%D7%95%D7%98%D7%A8-200/
7079140070,צינור ביקורת אולטרה סיילנט בקוטר 110,צינור,ביקורת,Ultra Silent,,,,,,,110,110,,,,,,,,,,7079140070.jpg,6,https://www.huliot.co.il/product/%D7%A6%D7%99%D7%A0%D7%95%D7%A8-%D7%91%D7%99%D7%A7%D7%95%D7%A8%D7%AA-%D7%90%D7%95%D7%9C%D7%98%D7%A8%D7%94-%D7%A1%D7%99%D7%99%D7%9C%D7%A0%D7%98-%D7%91%D7%A7%D7%95%D7%98%D7%A8-110/
7079150070,צינור ביקורת אולטרה סיילנט בקוטר 125,צינור,ביקורת,Ultra Silent,,,,,,,125,125,,,,,,,,,,7079150070.jpg,6,https://www.huliot.co.il/product/%D7%A6%D7%99%D7%A0%D7%95%D7%A8-%D7%91%D7%99%D7%A7%D7%95%D7%A8%D7%AA-%D7%90%D7%95%D7%9C%D7%98%D7%A8%D7%94-%D7%A1%D7%99%D7%99%D7%9C%D7%A0%D7%98-%D7%91%D7%A7%D7%95%D7%98%D7%A8-125/
7079160070,צינור ביקורת אולטרה סיילנט בקוטר 160,צינור,ביקורת,Ultra Silent,,,,,,,160,160,,,,,,,,,,7079160070.jpg,6,https://www.huliot.co.il/product/%D7%A6%D7%99%D7%A0%D7%95%D7%A8-%D7%91%D7%99%D7%A7%D7%95%D7%A8%D7%AA-%D7%90%D7%95%D7%9C%D7%98%D7%A8%D7%94-%D7%A1%D7%99%D7%99%D7%9C%D7%A0%D7%98-%D7%91%D7%A7%D7%95%D7%98%D7%A8-160/
7079180070,צינור ביקורת אולטרה סיילנט בקוטר 200,צינור,ביקורת,Ultra Silent,,,,,,,200,200,,,,,,,,,,7079180070.jpg,6,https://www.huliot.co.il/product/%D7%A6%D7%99%D7%A0%D7%95%D7%A8-%D7%91%D7%99%D7%A7%D7%95%D7%A8%D7%AA-%D7%90%D7%95%D7%9C%D7%98%D7%A8%D7%94-%D7%A1%D7%99%D7%99%D7%9C%D7%A0%D7%98-%D7%91%D7%A7%D7%95%D7%98%D7%A8-200/
7079130070,צינור ביקורת אולטרה סיילנט בקוטר 75,צינור,ביקורת,Ultra Silent,,,,,,,75,75,,,,,,,,,,7079130070.jpg,6,https://www.huliot.co.il/product/%D7%A6%D7%99%D7%A0%D7%95%D7%A8-%D7%91%D7%99%D7%A7%D7%95%D7%A8%D7%AA-%D7%90%D7%95%D7%9C%D7%98%D7%A8%D7%94-%D7%A1%D7%99%D7%99%D7%9C%D7%A0%D7%98-%D7%91%D7%A7%D7%95%D7%98%D7%A8-75/
7079190070,צינור ביקורת אולטרה סיילנט בקוטר 90,צינור,ביקורת,Ultra Silent,,,,,,,90,90,,,,,,,,,,7079190070.jpg,6,https://www.huliot.co.il/product/%D7%A6%D7%99%D7%A0%D7%95%D7%A8-%D7%91%D7%99%D7%A7%D7%95%D7%A8%D7%AA-%D7%90%D7%95%D7%9C%D7%98%D7%A8%D7%94-%D7%A1%D7%99%D7%99%D7%9C%D7%A0%D7%98-%D7%91%D7%A7%D7%95%D7%98%D7%A8-90/
7879140070,צינור ביקורת אולטרה סיילנט פלוס  בקוטר 110,צינור,ביקורת,Ultra Silent Plus,,,,,,,110,110,,,,,,,,,,7879140070.jpg,6,https://www.huliot.co.il/product/%D7%A6%D7%99%D7%A0%D7%95%D7%A8-%D7%91%D7%99%D7%A7%D7%95%D7%A8%D7%AA-%D7%90%D7%95%D7%9C%D7%98%D7%A8%D7%94-%D7%A1%D7%99%D7%99%D7%9C%D7%A0%D7%98-%D7%A4%D7%9C%D7%95%D7%A1-%D7%91%D7%A7%D7%95%D7%98%D7%A8-1/
7879150070,צינור ביקורת אולטרה סיילנט פלוס  בקוטר 125,צינור,ביקורת,Ultra Silent Plus,,,,,,,125,125,,,,,,,,,,7879150070.jpg,4,https://www.huliot.co.il/product/%D7%A6%D7%99%D7%A0%D7%95%D7%A8-%D7%91%D7%99%D7%A7%D7%95%D7%A8%D7%AA-%D7%90%D7%95%D7%9C%D7%98%D7%A8%D7%94-%D7%A1%D7%99%D7%99%D7%9C%D7%A0%D7%98-%D7%A4%D7%9C%D7%95%D7%A1-%D7%91%D7%A7%D7%95%D7%98%D7%A8-2/
7879160070,צינור ביקורת אולטרה סיילנט פלוס  בקוטר 160,צינור,ביקורת,Ultra Silent Plus,,,,,,,160,160,,,,,,,,,,7879160070.jpg,4,https://www.huliot.co.il/product/%D7%A6%D7%99%D7%A0%D7%95%D7%A8-%D7%91%D7%99%D7%A7%D7%95%D7%A8%D7%AA-%D7%90%D7%95%D7%9C%D7%98%D7%A8%D7%94-%D7%A1%D7%99%D7%99%D7%9C%D7%A0%D7%98-%D7%A4%D7%9C%D7%95%D7%A1-%D7%91%D7%A7%D7%95%D7%98%D7%A8-3/
49140060,צינור ביקורת לשפכים חמים בקוטר 110,צינור,ביקורת,,שפכים חמים,,,,,,110,110,,,,,,,,,,49140060.jpg,3,https://www.huliot.co.il/product/%D7%A6%D7%99%D7%A0%D7%95%D7%A8-%D7%91%D7%99%D7%A7%D7%95%D7%A8%D7%AA-%D7%9C%D7%A9%D7%A4%D7%9B%D7%99%D7%9D-%D7%97%D7%9E%D7%99%D7%9D-%D7%91%D7%A7%D7%95%D7%98%D7%A8-110/
49150060,צינור ביקורת לשפכים חמים בקוטר 125,צינור,ביקורת,,שפכים חמים,,,,,,125,125,,,,,,,,,,49150060.jpg,3,https://www.huliot.co.il/product/%D7%A6%D7%99%D7%A0%D7%95%D7%A8-%D7%91%D7%99%D7%A7%D7%95%D7%A8%D7%AA-%D7%9C%D7%A9%D7%A4%D7%9B%D7%99%D7%9D-%D7%97%D7%9E%D7%99%D7%9D-%D7%91%D7%A7%D7%95%D7%98%D7%A8-125/
87900070,צינור ביקורת 250,צינור,ביקורת,,,,,,,,250,250,,,,,,,,,,87900070.jpg,5,https://www.huliot.co.il/product/%D7%A6%D7%99%D7%A0%D7%95%D7%A8-%D7%91%D7%99%D7%A7%D7%95%D7%A8%D7%AA-250/
61233060,"צינור זחיח לסיפון ""¼1",צינור,זחיח,,,,,,,,,,,,,"¼1""",,,,,לסיפון,61233060.jpg,6,https://www.huliot.co.il/product/%D7%A6%D7%99%D7%A0%D7%95%D7%A8-%D7%96%D7%97%D7%99%D7%97-%D7%9C%D7%A1%D7%99%D7%A4%D7%95%D7%9F-%C2%BC1-2/
61233060,"צינור זחיח לסיפון ""¼1",צינור,זחיח,,,,,,,,,,,,,"¼1""",,,,,לסיפון,61233060.jpg,5,https://www.huliot.co.il/product/%D7%A6%D7%99%D7%A0%D7%95%D7%A8-%D7%96%D7%97%D7%99%D7%97-%D7%9C%D7%A1%D7%99%D7%A4%D7%95%D7%9F-%C2%BC1/
61450361,"צינור זחיח לסיפון ""2",צינור,זחיח,,,,,,,,,,,,,"2""",,,,,לסיפון,61450361.jpg,6,https://www.huliot.co.il/product/%D7%A6%D7%99%D7%A0%D7%95%D7%A8-%D7%96%D7%97%D7%99%D7%97-%D7%9C%D7%A1%D7%99%D7%A4%D7%95%D7%9F-2-2/
61450361,"צינור זחיח לסיפון ""2",צינור,זחיח,,,,,,,,,,,,,"2""",,,,,לסיפון,61450361.jpg,5,https://www.huliot.co.il/product/%D7%A6%D7%99%D7%A0%D7%95%D7%A8-%D7%96%D7%97%D7%99%D7%97-%D7%9C%D7%A1%D7%99%D7%A4%D7%95%D7%9F-2/
64032400,צינור חלק בקוטר 32 L- 4000,צינור,חלק,,,,,,,,32,32,,,,,4000,,,,,64032400.jpg,6,https://www.huliot.co.il/product/%D7%A6%D7%99%D7%A0%D7%95%D7%A8-%D7%97%D7%9C%D7%A7-%D7%91%D7%A7%D7%95%D7%98%D7%A8-32-l-4000/
64041300,צינור חלק בקוטר 40 L- 3000,צינור,חלק,,,,,,,,40,40,,,,,3000,,,,,64041300.jpg,5,https://www.huliot.co.il/product/%D7%A6%D7%99%D7%A0%D7%95%D7%A8-%D7%97%D7%9C%D7%A7-%D7%91%D7%A7%D7%95%D7%98%D7%A8-40-l-3000/
64041400,צינור חלק בקוטר 40 L- 4000,צינור,חלק,,,,,,,,40,40,,,,,4000,,,,,64041400.jpg,5,https://www.huliot.co.il/product/%D7%A6%D7%99%D7%A0%D7%95%D7%A8-%D7%97%D7%9C%D7%A7-%D7%91%D7%A7%D7%95%D7%98%D7%A8-40-l-4000/
64051300,צינור חלק בקוטר 50 L- 3000,צינור,חלק,,,,,,,,50,50,,,,,3000,,,,,64051300.jpg,6,https://www.huliot.co.il/product/%D7%A6%D7%99%D7%A0%D7%95%D7%A8-%D7%97%D7%9C%D7%A7-%D7%91%D7%A7%D7%95%D7%98%D7%A8-50-l-3000/
64051400,צינור חלק בקוטר 50 L- 4000,צינור,חלק,,,,,,,,50,50,,,,,4000,,,,,64051400.jpg,5,https://www.huliot.co.il/product/%D7%A6%D7%99%D7%A0%D7%95%D7%A8-%D7%97%D7%9C%D7%A7-%D7%91%D7%A7%D7%95%D7%98%D7%A8-50-l-4000/
64063400,צינור חלק בקוטר 63 L- 4000,צינור,חלק,,,,,,,,63,63,,,,,4000,,,,,64063400.jpg,6,https://www.huliot.co.il/product/%D7%A6%D7%99%D7%A0%D7%95%D7%A8-%D7%97%D7%9C%D7%A7-%D7%91%D7%A7%D7%95%D7%98%D7%A8-63-l-4000/
500110300,צינור לביוב מובנה SN-4 בקוטר 110 L3000,צינור,מובנה,,ביוב,,,,,,110,110,,,,,3000,,,SN4,,500110300.jpg,3,https://www.huliot.co.il/product/%D7%A6%D7%99%D7%A0%D7%95%D7%A8-%D7%9C%D7%91%D7%99%D7%95%D7%91-%D7%9E%D7%95%D7%91%D7%A0%D7%94-sn-4-%D7%91%D7%A7%D7%95%D7%98%D7%A8-110-l3000/
500110400,צינור לביוב מובנה SN-4 בקוטר 110 L4000,צינור,מובנה,,ביוב,,,,,,110,110,,,,,4000,,,SN4,,500110400.jpg,3,https://www.huliot.co.il/product/%D7%A6%D7%99%D7%A0%D7%95%D7%A8-%D7%9C%D7%91%D7%99%D7%95%D7%91-%D7%9E%D7%95%D7%91%D7%A0%D7%94-sn-4-%D7%91%D7%A7%D7%95%D7%98%D7%A8-110-l4000/
500160300,צינור לביוב מובנה SN-4 בקוטר 160 L3000,צינור,מובנה,,ביוב,,,,,,160,160,,,,,3000,,,SN4,,500160300.jpg,3,https://www.huliot.co.il/product/%D7%A6%D7%99%D7%A0%D7%95%D7%A8-%D7%9C%D7%91%D7%99%D7%95%D7%91-%D7%9E%D7%95%D7%91%D7%A0%D7%94-sn-4-%D7%91%D7%A7%D7%95%D7%98%D7%A8-160-l3000/
500160400,צינור לביוב מובנה SN-4 בקוטר 160 L4000,צינור,מובנה,,ביוב,,,,,,160,160,,,,,4000,,,SN4,,500160400.jpg,3,https://www.huliot.co.il/product/%D7%A6%D7%99%D7%A0%D7%95%D7%A8-%D7%9C%D7%91%D7%99%D7%95%D7%91-%D7%9E%D7%95%D7%91%D7%A0%D7%94-sn-4-%D7%91%D7%A7%D7%95%D7%98%D7%A8-160-l4000/
501110300,צינור לביוב מובנה SN-8 בקוטר 110 L3000,צינור,מובנה,,ביוב,,,,,,110,110,,,,,3000,,,SN8,,501110300.jpg,3,https://www.huliot.co.il/product/%D7%A6%D7%99%D7%A0%D7%95%D7%A8-%D7%9C%D7%91%D7%99%D7%95%D7%91-%D7%9E%D7%95%D7%91%D7%A0%D7%94-sn-8-%D7%91%D7%A7%D7%95%D7%98%D7%A8-110-l3000/
501160300,צינור לביוב מובנה SN-8 בקוטר 160 L3000,צינור,מובנה,,ביוב,,,,,,160,160,,,,,3000,,,SN8,,501160300.jpg,3,https://www.huliot.co.il/product/%D7%A6%D7%99%D7%A0%D7%95%D7%A8-%D7%9C%D7%91%D7%99%D7%95%D7%91-%D7%9E%D7%95%D7%91%D7%A0%D7%94-sn-8-%D7%91%D7%A7%D7%95%D7%98%D7%A8-160-l3000/
501200300,צינור לביוב מובנה SN-8 בקוטר 200 L3000,צינור,מובנה,,ביוב,,,,,,200,200,,,,,3000,,,SN8,,501200300.jpg,3,https://www.huliot.co.il/product/%D7%A6%D7%99%D7%A0%D7%95%D7%A8-%D7%9C%D7%91%D7%99%D7%95%D7%91-%D7%9E%D7%95%D7%91%D7%A0%D7%94-sn-8-%D7%91%D7%A7%D7%95%D7%98%D7%A8-200-l3000/
501250300,צינור לביוב מובנה SN-8 בקוטר 250 L3000,צינור,מובנה,,ביוב,,,,,,250,250,,,,,3000,,,SN8,,501250300.jpg,3,https://www.huliot.co.il/product/%D7%A6%D7%99%D7%A0%D7%95%D7%A8-%D7%9C%D7%91%D7%99%D7%95%D7%91-%D7%9E%D7%95%D7%91%D7%A0%D7%94-sn-8-%D7%91%D7%A7%D7%95%D7%98%D7%A8-250-l3000/
501315300,צינור לביוב מובנה SN-8 בקוטר 315 L3000,צינור,מובנה,,ביוב,,,,,,315,315,,,,,3000,,,SN8,,501315300.jpg,3,https://www.huliot.co.il/product/%D7%A6%D7%99%D7%A0%D7%95%D7%A8-%D7%9C%D7%91%D7%99%D7%95%D7%91-%D7%9E%D7%95%D7%91%D7%A0%D7%94-sn-8-%D7%91%D7%A7%D7%95%D7%98%D7%A8-315-l3000/
501400300,צינור לביוב מובנה SN-8 בקוטר 400 L3000,צינור,מובנה,,ביוב,,,,,,400,400,,,,,3000,,,SN8,,501400300.jpg,3,https://www.huliot.co.il/product/%D7%A6%D7%99%D7%A0%D7%95%D7%A8-%D7%9C%D7%91%D7%99%D7%95%D7%91-%D7%9E%D7%95%D7%91%D7%A0%D7%94-sn-8-%D7%91%D7%A7%D7%95%D7%98%D7%A8-400-l3000/
51110100,צינור לביוב SN-4 בקוטר 110 L1000,צינור,,,ביוב,,,,,,110,110,,,,,1000,,,SN4,,51110100.jpg,3,https://www.huliot.co.il/product/%D7%A6%D7%99%D7%A0%D7%95%D7%A8-%D7%9C%D7%91%D7%99%D7%95%D7%91-sn-4-%D7%91%D7%A7%D7%95%D7%98%D7%A8-110-l1000/
51110200,צינור לביוב SN-4 בקוטר 110 L2000,צינור,,,ביוב,,,,,,110,110,,,,,2000,,,SN4,,51110200.jpg,3,https://www.huliot.co.il/product/%D7%A6%D7%99%D7%A0%D7%95%D7%A8-%D7%9C%D7%91%D7%99%D7%95%D7%91-sn-4-%D7%91%D7%A7%D7%95%D7%98%D7%A8-110-l2000/
51110300,צינור לביוב SN-4 בקוטר 110 L3000,צינור,,,ביוב,,,,,,110,110,,,,,3000,,,SN4,,51110300.jpg,3,https://www.huliot.co.il/product/%D7%A6%D7%99%D7%A0%D7%95%D7%A8-%D7%9C%D7%91%D7%99%D7%95%D7%91-sn-4-%D7%91%D7%A7%D7%95%D7%98%D7%A8-110-l3000/
51110400,צינור לביוב SN-4 בקוטר 110 L4000,צינור,,,ביוב,,,,,,110,110,,,,,4000,,,SN4,,51110400.jpg,3,https://www.huliot.co.il/product/%D7%A6%D7%99%D7%A0%D7%95%D7%A8-%D7%9C%D7%91%D7%99%D7%95%D7%91-sn-4-%D7%91%D7%A7%D7%95%D7%98%D7%A8-110-l4000/
51110050,צינור לביוב SN-4 בקוטר 110 L500,צינור,,,ביוב,,,,,,110,110,,,,,500,,,SN4,,51110050.jpg,3,https://www.huliot.co.il/product/%D7%A6%D7%99%D7%A0%D7%95%D7%A8-%D7%9C%D7%91%D7%99%D7%95%D7%91-sn-4-%D7%91%D7%A7%D7%95%D7%98%D7%A8-110-l500/
51160100,צינור לביוב SN-4 בקוטר 160 L1000,צינור,,,ביוב,,,,,,160,160,,,,,1000,,,SN4,,51160100.jpg,3,https://www.huliot.co.il/product/%D7%A6%D7%99%D7%A0%D7%95%D7%A8-%D7%9C%D7%91%D7%99%D7%95%D7%91-sn-4-%D7%91%D7%A7%D7%95%D7%98%D7%A8-160-l1000/
51160200,צינור לביוב SN-4 בקוטר 160 L2000,צינור,,,ביוב,,,,,,160,160,,,,,2000,,,SN4,,51160200.jpg,2,https://www.huliot.co.il/product/%D7%A6%D7%99%D7%A0%D7%95%D7%A8-%D7%9C%D7%91%D7%99%D7%95%D7%91-sn-4-%D7%91%D7%A7%D7%95%D7%98%D7%A8-160-l2000/
51160025,צינור לביוב SN-4 בקוטר 160 L250,צינור,,,ביוב,,,,,,160,160,,,,,250,,,SN4,,51160025.jpg,3,https://www.huliot.co.il/product/%D7%A6%D7%99%D7%A0%D7%95%D7%A8-%D7%9C%D7%91%D7%99%D7%95%D7%91-sn-4-%D7%91%D7%A7%D7%95%D7%98%D7%A8-160-l250/
51160300,צינור לביוב SN-4 בקוטר 160 L3000,צינור,,,ביוב,,,,,,160,160,,,,,3000,,,SN4,,51160300.jpg,3,https://www.huliot.co.il/product/%D7%A6%D7%99%D7%A0%D7%95%D7%A8-%D7%9C%D7%91%D7%99%D7%95%D7%91-sn-4-%D7%91%D7%A7%D7%95%D7%98%D7%A8-160-l3000/
51160400,צינור לביוב SN-4 בקוטר 160 L4000,צינור,,,ביוב,,,,,,160,160,,,,,4000,,,SN4,,51160400.jpg,2,https://www.huliot.co.il/product/%D7%A6%D7%99%D7%A0%D7%95%D7%A8-%D7%9C%D7%91%D7%99%D7%95%D7%91-sn-4-%D7%91%D7%A7%D7%95%D7%98%D7%A8-160-l4000/
51160050,צינור לביוב SN-4 בקוטר 160 L500,צינור,,,ביוב,,,,,,160,160,,,,,500,,,SN4,,51160050.jpg,3,https://www.huliot.co.il/product/%D7%A6%D7%99%D7%A0%D7%95%D7%A8-%D7%9C%D7%91%D7%99%D7%95%D7%91-sn-4-%D7%91%D7%A7%D7%95%D7%98%D7%A8-160-l500/
51200100,צינור לביוב SN-4 בקוטר 200 L1000,צינור,,,ביוב,,,,,,200,200,,,,,1000,,,SN4,,51200100.jpg,3,https://www.huliot.co.il/product/%D7%A6%D7%99%D7%A0%D7%95%D7%A8-%D7%9C%D7%91%D7%99%D7%95%D7%91-sn-4-%D7%91%D7%A7%D7%95%D7%98%D7%A8-200-l1000/
51200300,צינור לביוב SN-4 בקוטר 200 L3000,צינור,,,ביוב,,,,,,200,200,,,,,3000,,,SN4,,51200300.jpg,3,https://www.huliot.co.il/product/%D7%A6%D7%99%D7%A0%D7%95%D7%A8-%D7%9C%D7%91%D7%99%D7%95%D7%91-sn-4-%D7%91%D7%A7%D7%95%D7%98%D7%A8-200-l3000/
51200050,צינור לביוב SN-4 בקוטר 200 L500,צינור,,,ביוב,,,,,,200,200,,,,,500,,,SN4,,51200050.jpg,3,https://www.huliot.co.il/product/%D7%A6%D7%99%D7%A0%D7%95%D7%A8-%D7%9C%D7%91%D7%99%D7%95%D7%91-sn-4-%D7%91%D7%A7%D7%95%D7%98%D7%A8-200-l500/
56110300,צינור לביוב SN-8 בקוטר 110 L3000,צינור,,,ביוב,,,,,,110,110,,,,,3000,,,SN8,,56110300.jpg,3,https://www.huliot.co.il/product/%D7%A6%D7%99%D7%A0%D7%95%D7%A8-%D7%9C%D7%91%D7%99%D7%95%D7%91-sn-8-%D7%91%D7%A7%D7%95%D7%98%D7%A8-110-l3000/
56160300,צינור לביוב SN-8 בקוטר 160 L3000,צינור,,,ביוב,,,,,,160,160,,,,,3000,,,SN8,,56160300.jpg,3,https://www.huliot.co.il/product/%D7%A6%D7%99%D7%A0%D7%95%D7%A8-%D7%9C%D7%91%D7%99%D7%95%D7%91-sn-8-%D7%91%D7%A7%D7%95%D7%98%D7%A8-160-l3000/
56200300,צינור לביוב SN-8 בקוטר 200 L3000,צינור,,,ביוב,,,,,,200,200,,,,,3000,,,SN8,,56200300.jpg,3,https://www.huliot.co.il/product/%D7%A6%D7%99%D7%A0%D7%95%D7%A8-%D7%9C%D7%91%D7%99%D7%95%D7%91-sn-8-%D7%91%D7%A7%D7%95%D7%98%D7%A8-200-l3000/
56250300,צינור לביוב SN-8 בקוטר 250 L3000,צינור,,,ביוב,,,,,,250,250,,,,,3000,,,SN8,,56250300.jpg,3,https://www.huliot.co.il/product/%D7%A6%D7%99%D7%A0%D7%95%D7%A8-%D7%9C%D7%91%D7%99%D7%95%D7%91-sn-8-%D7%91%D7%A7%D7%95%D7%98%D7%A8-250-l3000/
54110100,צינור פוליפרופילן לשפכים חמים בקוטר 110 L1000,צינור,,,שפכים חמים,,,,PP,,110,110,,,,,1000,,,,,54110100.jpg,2,https://www.huliot.co.il/product/%D7%A6%D7%99%D7%A0%D7%95%D7%A8-%D7%A4%D7%95%D7%9C%D7%99%D7%A4%D7%A8%D7%95%D7%A4%D7%99%D7%9C%D7%9F-%D7%9C%D7%A9%D7%A4%D7%9B%D7%99%D7%9D-%D7%97%D7%9E%D7%99%D7%9D-%D7%91%D7%A7%D7%95%D7%98%D7%A8-110-l1000/
54110015,צינור פוליפרופילן לשפכים חמים בקוטר 110 L150,צינור,,,שפכים חמים,,,,PP,,110,110,,,,,150,,,,,54110015.jpg,3,https://www.huliot.co.il/product/%D7%A6%D7%99%D7%A0%D7%95%D7%A8-%D7%A4%D7%95%D7%9C%D7%99%D7%A4%D7%A8%D7%95%D7%A4%D7%99%D7%9C%D7%9F-%D7%9C%D7%A9%D7%A4%D7%9B%D7%99%D7%9D-%D7%97%D7%9E%D7%99%D7%9D-%D7%91%D7%A7%D7%95%D7%98%D7%A8-110-l150/
54110150,צינור פוליפרופילן לשפכים חמים בקוטר 110 L1500,צינור,,,שפכים חמים,,,,PP,,110,110,,,,,1500,,,,,54110150.jpg,2,https://www.huliot.co.il/product/%D7%A6%D7%99%D7%A0%D7%95%D7%A8-%D7%A4%D7%95%D7%9C%D7%99%D7%A4%D7%A8%D7%95%D7%A4%D7%99%D7%9C%D7%9F-%D7%9C%D7%A9%D7%A4%D7%9B%D7%99%D7%9D-%D7%97%D7%9E%D7%99%D7%9D-%D7%91%D7%A7%D7%95%D7%98%D7%A8-110-l1500/
54110200,צינור פוליפרופילן לשפכים חמים בקוטר 110 L2000,צינור,,,שפכים חמים,,,,PP,,110,110,,,,,2000,,,,,54110200.jpg,2,https://www.huliot.co.il/product/%D7%A6%D7%99%D7%A0%D7%95%D7%A8-%D7%A4%D7%95%D7%9C%D7%99%D7%A4%D7%A8%D7%95%D7%A4%D7%99%D7%9C%D7%9F-%D7%9C%D7%A9%D7%A4%D7%9B%D7%99%D7%9D-%D7%97%D7%9E%D7%99%D7%9D-%D7%91%D7%A7%D7%95%D7%98%D7%A8-110-l2000/
54110025,צינור פוליפרופילן לשפכים חמים בקוטר 110 L250,צינור,,,שפכים חמים,,,,PP,,110,110,,,,,250,,,,,54110025.jpg,2,https://www.huliot.co.il/product/%D7%A6%D7%99%D7%A0%D7%95%D7%A8-%D7%A4%D7%95%D7%9C%D7%99%D7%A4%D7%A8%D7%95%D7%A4%D7%99%D7%9C%D7%9F-%D7%9C%D7%A9%D7%A4%D7%9B%D7%99%D7%9D-%D7%97%D7%9E%D7%99%D7%9D-%D7%91%D7%A7%D7%95%D7%98%D7%A8-110-l250/
54110300,צינור פוליפרופילן לשפכים חמים בקוטר 110 L3000,צינור,,,שפכים חמים,,,,PP,,110,110,,,,,3000,,,,,54110300.jpg,3,https://www.huliot.co.il/product/%D7%A6%D7%99%D7%A0%D7%95%D7%A8-%D7%A4%D7%95%D7%9C%D7%99%D7%A4%D7%A8%D7%95%D7%A4%D7%99%D7%9C%D7%9F-%D7%9C%D7%A9%D7%A4%D7%9B%D7%99%D7%9D-%D7%97%D7%9E%D7%99%D7%9D-%D7%91%D7%A7%D7%95%D7%98%D7%A8-110-l3000/
54110050,צינור פוליפרופילן לשפכים חמים בקוטר 110 L500,צינור,,,שפכים חמים,,,,PP,,110,110,,,,,500,,,,,54110050.jpg,3,https://www.huliot.co.il/product/%D7%A6%D7%99%D7%A0%D7%95%D7%A8-%D7%A4%D7%95%D7%9C%D7%99%D7%A4%D7%A8%D7%95%D7%A4%D7%99%D7%9C%D7%9F-%D7%9C%D7%A9%D7%A4%D7%9B%D7%99%D7%9D-%D7%97%D7%9E%D7%99%D7%9D-%D7%91%D7%A7%D7%95%D7%98%D7%A8-110-l500/
54110075,צינור פוליפרופילן לשפכים חמים בקוטר 110 L750,צינור,,,שפכים חמים,,,,PP,,110,110,,,,,750,,,,,54110075.jpg,2,https://www.huliot.co.il/product/%D7%A6%D7%99%D7%A0%D7%95%D7%A8-%D7%A4%D7%95%D7%9C%D7%99%D7%A4%D7%A8%D7%95%D7%A4%D7%99%D7%9C%D7%9F-%D7%9C%D7%A9%D7%A4%D7%9B%D7%99%D7%9D-%D7%97%D7%9E%D7%99%D7%9D-%D7%91%D7%A7%D7%95%D7%98%D7%A8-110-l750/
54160400,צינור פוליפרופילן לשפכים חמים בקוטר 160 L4000,צינור,,,שפכים חמים,,,,PP,,160,160,,,,,4000,,,,,54160400.jpg,2,https://www.huliot.co.il/product/%D7%A6%D7%99%D7%A0%D7%95%D7%A8-%D7%A4%D7%95%D7%9C%D7%99%D7%A4%D7%A8%D7%95%D7%A4%D7%99%D7%9C%D7%9F-%D7%9C%D7%A9%D7%A4%D7%9B%D7%99%D7%9D-%D7%97%D7%9E%D7%99%D7%9D-%D7%91%D7%A7%D7%95%D7%98%D7%A8-160-l4000/
54040100,צינור פוליפרופילן לשפכים חמים בקוטר 40 L1000,צינור,,,שפכים חמים,,,,PP,,40,40,,,,,1000,,,,,54040100.jpg,2,https://www.huliot.co.il/product/%D7%A6%D7%99%D7%A0%D7%95%D7%A8-%D7%A4%D7%95%D7%9C%D7%99%D7%A4%D7%A8%D7%95%D7%A4%D7%99%D7%9C%D7%9F-%D7%9C%D7%A9%D7%A4%D7%9B%D7%99%D7%9D-%D7%97%D7%9E%D7%99%D7%9D-%D7%91%D7%A7%D7%95%D7%98%D7%A8-40-l1000/
54040300,צינור פוליפרופילן לשפכים חמים בקוטר 40 L3000,צינור,,,שפכים חמים,,,,PP,,40,40,,,,,3000,,,,,54040300.jpg,2,https://www.huliot.co.il/product/%D7%A6%D7%99%D7%A0%D7%95%D7%A8-%D7%A4%D7%95%D7%9C%D7%99%D7%A4%D7%A8%D7%95%D7%A4%D7%99%D7%9C%D7%9F-%D7%9C%D7%A9%D7%A4%D7%9B%D7%99%D7%9D-%D7%97%D7%9E%D7%99%D7%9D-%D7%91%D7%A7%D7%95%D7%98%D7%A8-40-l3000/
54040050,צינור פוליפרופילן לשפכים חמים בקוטר 40 L500,צינור,,,שפכים חמים,,,,PP,,40,40,,,,,500,,,,,54040050.jpg,2,https://www.huliot.co.il/product/%D7%A6%D7%99%D7%A0%D7%95%D7%A8-%D7%A4%D7%95%D7%9C%D7%99%D7%A4%D7%A8%D7%95%D7%A4%D7%99%D7%9C%D7%9F-%D7%9C%D7%A9%D7%A4%D7%9B%D7%99%D7%9D-%D7%97%D7%9E%D7%99%D7%9D-%D7%91%D7%A7%D7%95%D7%98%D7%A8-40-l500/
54050100,צינור פוליפרופילן לשפכים חמים בקוטר 50 L1000,צינור,,,שפכים חמים,,,,PP,,50,50,,,,,1000,,,,,54050100.jpg,2,https://www.huliot.co.il/product/%D7%A6%D7%99%D7%A0%D7%95%D7%A8-%D7%A4%D7%95%D7%9C%D7%99%D7%A4%D7%A8%D7%95%D7%A4%D7%99%D7%9C%D7%9F-%D7%9C%D7%A9%D7%A4%D7%9B%D7%99%D7%9D-%D7%97%D7%9E%D7%99%D7%9D-%D7%91%D7%A7%D7%95%D7%98%D7%A8-50-l1000/
54050025,צינור פוליפרופילן לשפכים חמים בקוטר 50 L250,צינור,,,שפכים חמים,,,,PP,,50,50,,,,,250,,,,,54050025.jpg,3,https://www.huliot.co.il/product/%D7%A6%D7%99%D7%A0%D7%95%D7%A8-%D7%A4%D7%95%D7%9C%D7%99%D7%A4%D7%A8%D7%95%D7%A4%D7%99%D7%9C%D7%9F-%D7%9C%D7%A9%D7%A4%D7%9B%D7%99%D7%9D-%D7%97%D7%9E%D7%99%D7%9D-%D7%91%D7%A7%D7%95%D7%98%D7%A8-50-l250/
54050300,צינור פוליפרופילן לשפכים חמים בקוטר 50 L3000,צינור,,,שפכים חמים,,,,PP,,50,50,,,,,3000,,,,,54050300.jpg,2,https://www.huliot.co.il/product/%D7%A6%D7%99%D7%A0%D7%95%D7%A8-%D7%A4%D7%95%D7%9C%D7%99%D7%A4%D7%A8%D7%95%D7%A4%D7%99%D7%9C%D7%9F-%D7%9C%D7%A9%D7%A4%D7%9B%D7%99%D7%9D-%D7%97%D7%9E%D7%99%D7%9D-%D7%91%D7%A7%D7%95%D7%98%D7%A8-50-l3000/
54050400,צינור פוליפרופילן לשפכים חמים בקוטר 50 L4000,צינור,,,שפכים חמים,,,,PP,,50,50,,,,,4000,,,,,54050400.jpg,2,https://www.huliot.co.il/product/%D7%A6%D7%99%D7%A0%D7%95%D7%A8-%D7%A4%D7%95%D7%9C%D7%99%D7%A4%D7%A8%D7%95%D7%A4%D7%99%D7%9C%D7%9F-%D7%9C%D7%A9%D7%A4%D7%9B%D7%99%D7%9D-%D7%97%D7%9E%D7%99%D7%9D-%D7%91%D7%A7%D7%95%D7%98%D7%A8-50-l4000/
54050050,צינור פוליפרופילן לשפכים חמים בקוטר 50 L500,צינור,,,שפכים חמים,,,,PP,,50,50,,,,,500,,,,,54050050.jpg,4,https://www.huliot.co.il/product/%D7%A6%D7%99%D7%A0%D7%95%D7%A8-%D7%A4%D7%95%D7%9C%D7%99%D7%A4%D7%A8%D7%95%D7%A4%D7%99%D7%9C%D7%9F-%D7%9C%D7%A9%D7%A4%D7%9B%D7%99%D7%9D-%D7%97%D7%9E%D7%99%D7%9D-%D7%91%D7%A7%D7%95%D7%98%D7%A8-50-l500/
54075100,צינור פוליפרופילן לשפכים חמים בקוטר 75 L1000,צינור,,,שפכים חמים,,,,PP,,75,75,,,,,1000,,,,,54075100.jpg,3,https://www.huliot.co.il/product/%D7%A6%D7%99%D7%A0%D7%95%D7%A8-%D7%A4%D7%95%D7%9C%D7%99%D7%A4%D7%A8%D7%95%D7%A4%D7%99%D7%9C%D7%9F-%D7%9C%D7%A9%D7%A4%D7%9B%D7%99%D7%9D-%D7%97%D7%9E%D7%99%D7%9D-%D7%91%D7%A7%D7%95%D7%98%D7%A8-75-l1000/
54075025,צינור פוליפרופילן לשפכים חמים בקוטר 75 L250,צינור,,,שפכים חמים,,,,PP,,75,75,,,,,250,,,,,54075025.jpg,2,https://www.huliot.co.il/product/%D7%A6%D7%99%D7%A0%D7%95%D7%A8-%D7%A4%D7%95%D7%9C%D7%99%D7%A4%D7%A8%D7%95%D7%A4%D7%99%D7%9C%D7%9F-%D7%9C%D7%A9%D7%A4%D7%9B%D7%99%D7%9D-%D7%97%D7%9E%D7%99%D7%9D-%D7%91%D7%A7%D7%95%D7%98%D7%A8-75-l250/
54075300,צינור פוליפרופילן לשפכים חמים בקוטר 75 L3000,צינור,,,שפכים חמים,,,,PP,,75,75,,,,,3000,,,,,54075300.jpg,3,https://www.huliot.co.il/product/%D7%A6%D7%99%D7%A0%D7%95%D7%A8-%D7%A4%D7%95%D7%9C%D7%99%D7%A4%D7%A8%D7%95%D7%A4%D7%99%D7%9C%D7%9F-%D7%9C%D7%A9%D7%A4%D7%9B%D7%99%D7%9D-%D7%97%D7%9E%D7%99%D7%9D-%D7%91%D7%A7%D7%95%D7%98%D7%A8-75-l3000/
54075400,צינור פוליפרופילן לשפכים חמים בקוטר 75 L4000,צינור,,,שפכים חמים,,,,PP,,75,75,,,,,4000,,,,,54075400.jpg,2,https://www.huliot.co.il/product/%D7%A6%D7%99%D7%A0%D7%95%D7%A8-%D7%A4%D7%95%D7%9C%D7%99%D7%A4%D7%A8%D7%95%D7%A4%D7%99%D7%9C%D7%9F-%D7%9C%D7%A9%D7%A4%D7%9B%D7%99%D7%9D-%D7%97%D7%9E%D7%99%D7%9D-%D7%91%D7%A7%D7%95%D7%98%D7%A8-75-l4000/
54075050,צינור פוליפרופילן לשפכים חמים בקוטר 75 L500,צינור,,,שפכים חמים,,,,PP,,75,75,,,,,500,,,,,54075050.jpg,2,https://www.huliot.co.il/product/%D7%A6%D7%99%D7%A0%D7%95%D7%A8-%D7%A4%D7%95%D7%9C%D7%99%D7%A4%D7%A8%D7%95%D7%A4%D7%99%D7%9C%D7%9F-%D7%9C%D7%A9%D7%A4%D7%9B%D7%99%D7%9D-%D7%97%D7%9E%D7%99%D7%9D-%D7%91%D7%A7%D7%95%D7%98%D7%A8-75-l500/
502250300,צינור 250 PVC,צינור,,,,,,,,,250,250,,,,,,,,,PVC,502250300.jpg,6,https://www.huliot.co.il/product/%D7%A6%D7%99%D7%A0%D7%95%D7%A8-250-pvc/
8160000101,קופסה בודדת לעיגון,,,,,,,,,,,,,,,,,,,,קופסה בודדת לעיגון,8160000101.jpg,6,https://www.huliot.co.il/product/%D7%A7%D7%95%D7%A4%D7%A1%D7%94-%D7%91%D7%95%D7%93%D7%93%D7%AA-%D7%9C%D7%A2%D7%99%D7%92%D7%95%D7%9F/
8160000201,קופסה כפולה לעיגון,,,,,,,,,,,,,,,,,,,,קופסה כפולה לעיגון,8160000201.jpg,6,https://www.huliot.co.il/product/%D7%A7%D7%95%D7%A4%D7%A1%D7%94-%D7%9B%D7%A4%D7%95%D7%9C%D7%94-%D7%9C%D7%A2%D7%99%D7%92%D7%95%D7%9F/
95116502,קטע מעבר (אומגה) 20,מעבר,אומגה,,,,,,,,20,20,,,,,,,,,קטע,95116502.jpg,4,https://www.huliot.co.il/product/%D7%A7%D7%98%D7%A2-%D7%9E%D7%A2%D7%91%D7%A8-%D7%90%D7%95%D7%9E%D7%92%D7%94-20/
95116503,קטע מעבר (אומגה) 25,מעבר,אומגה,,,,,,,,25,25,,,,,,,,,קטע,95116503.jpg,4,https://www.huliot.co.il/product/%D7%A7%D7%98%D7%A2-%D7%9E%D7%A2%D7%91%D7%A8-%D7%90%D7%95%D7%9E%D7%92%D7%94-25/
95116504,קטע מעבר (אומגה) 32,מעבר,אומגה,,,,,,,,32,32,,,,,,,,,קטע,95116504.jpg,5,https://www.huliot.co.il/product/%D7%A7%D7%98%D7%A2-%D7%9E%D7%A2%D7%91%D7%A8-%D7%90%D7%95%D7%9E%D7%92%D7%94-32/
44041002,קלפה אל חוזר לביוב 110 נירוסטה,אל חוזר,,,ביוב,,,,נירוסטה,,110,110,,,,,,,,,קלפה,44041002.jpg,4,https://www.huliot.co.il/product/%D7%A7%D7%9C%D7%A4%D7%94-%D7%90%D7%9C-%D7%97%D7%95%D7%96%D7%A8-%D7%9C%D7%91%D7%99%D7%95%D7%91-110-%D7%A0%D7%99%D7%A8%D7%95%D7%A1%D7%98%D7%94/
44041000,קלפה אל חוזר לביוב 110 פלסטיק,אל חוזר,,,ביוב,,,,פלסטיק,,110,110,,,,,,,,,קלפה,44041000.jpg,4,https://www.huliot.co.il/product/%D7%A7%D7%9C%D7%A4%D7%94-%D7%90%D7%9C-%D7%97%D7%95%D7%96%D7%A8-%D7%9C%D7%91%D7%99%D7%95%D7%91-110-%D7%A4%D7%9C%D7%A1%D7%98%D7%99%D7%A7/
44061002,קלפה אל חוזר לביוב 160 נירוסטה,אל חוזר,,,ביוב,,,,נירוסטה,,160,160,,,,,,,,,קלפה,44061002.jpg,4,https://www.huliot.co.il/product/%D7%A7%D7%9C%D7%A4%D7%94-%D7%90%D7%9C-%D7%97%D7%95%D7%96%D7%A8-%D7%9C%D7%91%D7%99%D7%95%D7%91-160-%D7%A0%D7%99%D7%A8%D7%95%D7%A1%D7%98%D7%94/
44061000,קלפה אל חוזר לביוב 160 פלסטיק,אל חוזר,,,ביוב,,,,פלסטיק,,160,160,,,,,,,,,קלפה,44061000.jpg,4,https://www.huliot.co.il/product/%D7%A7%D7%9C%D7%A4%D7%94-%D7%90%D7%9C-%D7%97%D7%95%D7%96%D7%A8-%D7%9C%D7%91%D7%99%D7%95%D7%91-160-%D7%A4%D7%9C%D7%A1%D7%98%D7%99%D7%A7/
61235061,רוזטה “¼1,,,,,,,,,,,,,,,"¼1""",,,,,רוזטה,61235061.jpg,5,https://www.huliot.co.il/product/%D7%A8%D7%95%D7%96%D7%98%D7%94-%C2%BC1-2/
61235060,רוזטה “¼1,,,,,,,,,,,,,,,"¼1""",,,,,רוזטה,61235060.jpg,5,https://www.huliot.co.il/product/%D7%A8%D7%95%D7%96%D7%98%D7%94-%C2%BC1/
41540615,רוזטה לברך אסלה,,,,,,,,,,,,,,,,,,,,רוזטה לברך אסלה,41540615.jpg,4,https://www.huliot.co.il/product/%D7%A8%D7%95%D7%96%D7%98%D7%94-%D7%9C%D7%91%D7%A8%D7%96-%D7%90%D7%A1%D7%9C%D7%94/
61451161,רוזטה “2,,,,,,,,,,,,,,,,,,,,רוזטה 2,61451161.jpg,6,https://www.huliot.co.il/product/%D7%A8%D7%95%D7%96%D7%98%D7%94-2-2/
61451161,רוזטה “2,,,,,,,,,,,,,,,,,,,,רוזטה 2,61451161.jpg,5,https://www.huliot.co.il/product/%D7%A8%D7%95%D7%96%D7%98%D7%94-2/
98318360,"רוכב לריתוך / הברגה פולירול תבריג פנימי  (משושה) ""¾/75/25",רוכב,משושה,Polirol PP-R,,ריתוך,פנימי,,,,75/25,75,25,,,"¾""",,,,,,98318360.jpg,4,https://www.huliot.co.il/product/%D7%A8%D7%95%D7%9B%D7%91-%D7%9C%D7%A8%D7%99%D7%AA%D7%95%D7%9A-%D7%94%D7%91%D7%A8%D7%92%D7%94-%D7%A4%D7%95%D7%9C%D7%99%D7%A8%D7%95%D7%9C-%D7%AA%D7%91%D7%A8%D7%99%D7%92-%D7%A4%D7%A0%D7%99%D7%9E%D7%99-10/
98318365,"רוכב לריתוך / הברגה פולירול תבריג פנימי  (משושה) ""¾/90/25",רוכב,משושה,Polirol PP-R,,ריתוך,פנימי,,,,90/25,90,25,,,"¾""",,,,,,98318365.jpg,5,https://www.huliot.co.il/product/%D7%A8%D7%95%D7%9B%D7%91-%D7%9C%D7%A8%D7%99%D7%AA%D7%95%D7%9A-%D7%94%D7%91%D7%A8%D7%92%D7%94-%D7%A4%D7%95%D7%9C%D7%99%D7%A8%D7%95%D7%9C-%D7%AA%D7%91%D7%A8%D7%99%D7%92-%D7%A4%D7%A0%D7%99%D7%9E%D7%99-11/
98318366,"רוכב לריתוך / הברגה פולירול תבריג פנימי  (משושה) ""¾/110/25",רוכב,משושה,Polirol PP-R,,ריתוך,פנימי,,,,110/25,110,25,,,"¾""",,,,,,98318366.jpg,4,https://www.huliot.co.il/product/%D7%A8%D7%95%D7%9B%D7%91-%D7%9C%D7%A8%D7%99%D7%AA%D7%95%D7%9A-%D7%94%D7%91%D7%A8%D7%92%D7%94-%D7%A4%D7%95%D7%9C%D7%99%D7%A8%D7%95%D7%9C-%D7%AA%D7%91%D7%A8%D7%99%D7%92-%D7%A4%D7%A0%D7%99%D7%9E%D7%99-12/
9091028216,"רוכב לריתוך / הברגה פולירול תבריג פנימי  (משושה) ""½/50/25 נטול עופרת",רוכב,משושה|נטול עופרת,Polirol PP-R,,ריתוך,פנימי,,,,50/25,50,25,,,"½""",,,,,,9091028216.jpg,5,https://www.huliot.co.il/product/%D7%A8%D7%95%D7%9B%D7%91-%D7%9C%D7%A8%D7%99%D7%AA%D7%95%D7%9A-%D7%94%D7%91%D7%A8%D7%92%D7%94-%D7%A4%D7%95%D7%9C%D7%99%D7%A8%D7%95%D7%9C-%D7%AA%D7%91%D7%A8%D7%99%D7%92-%D7%A4%D7%A0%D7%99%D7%9E%D7%99-2/
98318356,"רוכב לריתוך / הברגה פולירול תבריג פנימי  (משושה) ""½/63/25",רוכב,משושה,Polirol PP-R,,ריתוך,פנימי,,,,63/25,63,25,,,"½""",,,,,,98318356.jpg,4,https://www.huliot.co.il/product/%D7%A8%D7%95%D7%9B%D7%91-%D7%9C%D7%A8%D7%99%D7%AA%D7%95%D7%9A-%D7%94%D7%91%D7%A8%D7%92%D7%94-%D7%A4%D7%95%D7%9C%D7%99%D7%A8%D7%95%D7%9C-%D7%AA%D7%91%D7%A8%D7%99%D7%92-%D7%A4%D7%A0%D7%99%D7%9E%D7%99-3/
98318357,"רוכב לריתוך / הברגה פולירול תבריג פנימי  (משושה) ""½/75/25",רוכב,משושה,Polirol PP-R,,ריתוך,פנימי,,,,75/25,75,25,,,"½""",,,,,,98318357.jpg,5,https://www.huliot.co.il/product/%D7%A8%D7%95%D7%9B%D7%91-%D7%9C%D7%A8%D7%99%D7%AA%D7%95%D7%9A-%D7%94%D7%91%D7%A8%D7%92%D7%94-%D7%A4%D7%95%D7%9C%D7%99%D7%A8%D7%95%D7%9C-%D7%AA%D7%91%D7%A8%D7%99%D7%92-%D7%A4%D7%A0%D7%99%D7%9E%D7%99-4/
98318358,"רוכב לריתוך / הברגה פולירול תבריג פנימי  (משושה) ""½/90/25",רוכב,משושה,Polirol PP-R,,ריתוך,פנימי,,,,90/25,90,25,,,"½""",,,,,,98318358.jpg,5,https://www.huliot.co.il/product/%D7%A8%D7%95%D7%9B%D7%91-%D7%9C%D7%A8%D7%99%D7%AA%D7%95%D7%9A-%D7%94%D7%91%D7%A8%D7%92%D7%94-%D7%A4%D7%95%D7%9C%D7%99%D7%A8%D7%95%D7%9C-%D7%AA%D7%91%D7%A8%D7%99%D7%92-%D7%A4%D7%A0%D7%99%D7%9E%D7%99-5/
98318359,"רוכב לריתוך / הברגה פולירול תבריג פנימי  (משושה) ""½/110/25",רוכב,משושה,Polirol PP-R,,ריתוך,פנימי,,,,110/25,110,25,,,"½""",,,,,,98318359.jpg,4,https://www.huliot.co.il/product/%D7%A8%D7%95%D7%9B%D7%91-%D7%9C%D7%A8%D7%99%D7%AA%D7%95%D7%9A-%D7%94%D7%91%D7%A8%D7%92%D7%94-%D7%A4%D7%95%D7%9C%D7%99%D7%A8%D7%95%D7%9C-%D7%AA%D7%91%D7%A8%D7%99%D7%92-%D7%A4%D7%A0%D7%99%D7%9E%D7%99-6/
9091028234,"רוכב לריתוך / הברגה פולירול תבריג פנימי  (משושה) ""¾/40/25 נטול עופרת",רוכב,משושה|נטול עופרת,Polirol PP-R,,ריתוך,פנימי,,,,40/25,40,25,,,"¾""",,,,,,9091028234.jpg,5,https://www.huliot.co.il/product/%D7%A8%D7%95%D7%9B%D7%91-%D7%9C%D7%A8%D7%99%D7%AA%D7%95%D7%9A-%D7%94%D7%91%D7%A8%D7%92%D7%94-%D7%A4%D7%95%D7%9C%D7%99%D7%A8%D7%95%D7%9C-%D7%AA%D7%91%D7%A8%D7%99%D7%92-%D7%A4%D7%A0%D7%99%D7%9E%D7%99-7/
98318363,"רוכב לריתוך / הברגה פולירול תבריג פנימי  (משושה) ""¾/50/25",רוכב,משושה,Polirol PP-R,,ריתוך,פנימי,,,,50/25,50,25,,,"¾""",,,,,,98318363.jpg,4,https://www.huliot.co.il/product/%D7%A8%D7%95%D7%9B%D7%91-%D7%9C%D7%A8%D7%99%D7%AA%D7%95%D7%9A-%D7%94%D7%91%D7%A8%D7%92%D7%94-%D7%A4%D7%95%D7%9C%D7%99%D7%A8%D7%95%D7%9C-%D7%AA%D7%91%D7%A8%D7%99%D7%92-%D7%A4%D7%A0%D7%99%D7%9E%D7%99-8/
98318364,"רוכב לריתוך / הברגה פולירול תבריג פנימי  (משושה) ""¾/63/25",רוכב,משושה,Polirol PP-R,,ריתוך,פנימי,,,,63/25,63,25,,,"¾""",,,,,,98318364.jpg,5,https://www.huliot.co.il/product/%D7%A8%D7%95%D7%9B%D7%91-%D7%9C%D7%A8%D7%99%D7%AA%D7%95%D7%9A-%D7%94%D7%91%D7%A8%D7%92%D7%94-%D7%A4%D7%95%D7%9C%D7%99%D7%A8%D7%95%D7%9C-%D7%AA%D7%91%D7%A8%D7%99%D7%92-%D7%A4%D7%A0%D7%99%D7%9E%D7%99-9/
98318352,"רוכב לריתוך / הברגה פולירול תבריג פנימי  (משושה) ""½/40/25",רוכב,משושה,Polirol PP-R,,ריתוך,פנימי,,,,40/25,40,25,,,"½""",,,,,,98318352.jpg,4,https://www.huliot.co.il/product/%D7%A8%D7%95%D7%9B%D7%91-%D7%9C%D7%A8%D7%99%D7%AA%D7%95%D7%9A-%D7%94%D7%91%D7%A8%D7%92%D7%94-%D7%A4%D7%95%D7%9C%D7%99%D7%A8%D7%95%D7%9C-%D7%AA%D7%91%D7%A8%D7%99%D7%92-%D7%A4%D7%A0%D7%99%D7%9E%D7%99/
98318381,"רוכב לריתוך תבריג פנימי ""½/160/25",רוכב,,,,ריתוך,פנימי,,,,160/25,160,25,,,"½""",,,,,,98318381.jpg,5,https://www.huliot.co.il/product/%D7%A8%D7%95%D7%9B%D7%91-%D7%9C%D7%A8%D7%99%D7%AA%D7%95%D7%9A-%D7%AA%D7%91%D7%A8%D7%99%D7%92-%D7%A4%D7%A0%D7%99%D7%9E%D7%99-%C2%BD16025/
98318382,"רוכב לריתוך תבריג פנימי ""½/200/25",רוכב,,,,ריתוך,פנימי,,,,200/25,200,25,,,"½""",,,,,,98318382.jpg,4,https://www.huliot.co.il/product/%D7%A8%D7%95%D7%9B%D7%91-%D7%9C%D7%A8%D7%99%D7%AA%D7%95%D7%9A-%D7%AA%D7%91%D7%A8%D7%99%D7%92-%D7%A4%D7%A0%D7%99%D7%9E%D7%99-%C2%BD20025/
98318368,"רוכב לריתוך תבריג פנימי ""¾/160/25",רוכב,,,,ריתוך,פנימי,,,,160/25,160,25,,,"¾""",,,,,,98318368.jpg,5,https://www.huliot.co.il/product/%D7%A8%D7%95%D7%9B%D7%91-%D7%9C%D7%A8%D7%99%D7%AA%D7%95%D7%9A-%D7%AA%D7%91%D7%A8%D7%99%D7%92-%D7%A4%D7%A0%D7%99%D7%9E%D7%99-%C2%BE16025/
98318371,"רוכב לריתוך תבריג פנימי ""¾/200/25",רוכב,,,,ריתוך,פנימי,,,,200/25,200,25,,,"¾""",,,,,,98318371.jpg,5,https://www.huliot.co.il/product/%D7%A8%D7%95%D7%9B%D7%91-%D7%9C%D7%A8%D7%99%D7%AA%D7%95%D7%9A-%D7%AA%D7%91%D7%A8%D7%99%D7%92-%D7%A4%D7%A0%D7%99%D7%9E%D7%99-%C2%BE20025/
98318373,"רוכב לריתוך תבריג פנימי ""160/32×1",רוכב,,,,ריתוך,פנימי,,,,60/32,60,32,,,"1""",,,,,×1,98318373.jpg,5,https://www.huliot.co.il/product/%D7%A8%D7%95%D7%9B%D7%91-%D7%9C%D7%A8%D7%99%D7%AA%D7%95%D7%9A-%D7%AA%D7%91%D7%A8%D7%99%D7%92-%D7%A4%D7%A0%D7%99%D7%9E%D7%99-16032x1/
98318369,"רוכב לריתוך תבריג פנימי ""200/32×1",רוכב,,,,ריתוך,פנימי,,,,00/32,00,32,,,"2""",,,,,×1,98318369.jpg,5,https://www.huliot.co.il/product/%D7%A8%D7%95%D7%9B%D7%91-%D7%9C%D7%A8%D7%99%D7%AA%D7%95%D7%9A-%D7%AA%D7%91%D7%A8%D7%99%D7%92-%D7%A4%D7%A0%D7%99%D7%9E%D7%99-20032x1/
98217770,רוכב לריתוך 110/20,רוכב,,,,ריתוך,,,,,110/20,110,20,,,,,,,,,98217770.jpg,5,https://www.huliot.co.il/product/%D7%A8%D7%95%D7%9B%D7%91-%D7%9C%D7%A8%D7%99%D7%AA%D7%95%D7%9A-11020/
98217771,רוכב לריתוך 110/25,רוכב,,,,ריתוך,,,,,110/25,110,25,,,,,,,,,98217771.jpg,5,https://www.huliot.co.il/product/%D7%A8%D7%95%D7%9B%D7%91-%D7%9C%D7%A8%D7%99%D7%AA%D7%95%D7%9A-11025/
98217772,רוכב לריתוך 110/32,רוכב,,,,ריתוך,,,,,110/32,110,32,,,,,,,,,98217772.jpg,4,https://www.huliot.co.il/product/%D7%A8%D7%95%D7%9B%D7%91-%D7%9C%D7%A8%D7%99%D7%AA%D7%95%D7%9A-11032/
98217773,רוכב לריתוך 110/40,רוכב,,,,ריתוך,,,,,110/40,110,40,,,,,,,,,98217773.jpg,4,https://www.huliot.co.il/product/%D7%A8%D7%95%D7%9B%D7%91-%D7%9C%D7%A8%D7%99%D7%AA%D7%95%D7%9A-11040/
98217774,רוכב לריתוך 110/50,רוכב,,,,ריתוך,,,,,110/50,110,50,,,,,,,,,98217774.jpg,3,https://www.huliot.co.il/product/%D7%A8%D7%95%D7%9B%D7%91-%D7%9C%D7%A8%D7%99%D7%AA%D7%95%D7%9A-11050/
98217781,רוכב לריתוך 125/25,רוכב,,,,ריתוך,,,,,125/25,125,25,,,,,,,,,98217781.jpg,4,https://www.huliot.co.il/product/%D7%A8%D7%95%D7%9B%D7%91-%D7%9C%D7%A8%D7%99%D7%AA%D7%95%D7%9A-12525/
98217782,רוכב לריתוך 125/32,רוכב,,,,ריתוך,,,,,125/32,125,32,,,,,,,,,98217782.jpg,4,https://www.huliot.co.il/product/%D7%A8%D7%95%D7%9B%D7%91-%D7%9C%D7%A8%D7%99%D7%AA%D7%95%D7%9A-12532/
98217783,רוכב לריתוך 125/40,רוכב,,,,ריתוך,,,,,125/40,125,40,,,,,,,,,98217783.jpg,4,https://www.huliot.co.il/product/%D7%A8%D7%95%D7%9B%D7%91-%D7%9C%D7%A8%D7%99%D7%AA%D7%95%D7%9A-12540/
98217784,רוכב לריתוך 125/50,רוכב,,,,ריתוך,,,,,125/50,125,50,,,,,,,,,98217784.jpg,4,https://www.huliot.co.il/product/%D7%A8%D7%95%D7%9B%D7%91-%D7%9C%D7%A8%D7%99%D7%AA%D7%95%D7%9A-12550/
98217799,רוכב לריתוך 160/50,רוכב,,,,ריתוך,,,,,160/50,160,50,,,,,,,,,98217799.jpg,5,https://www.huliot.co.il/product/%D7%A8%D7%95%D7%9B%D7%91-%D7%9C%D7%A8%D7%99%D7%AA%D7%95%D7%9A-16050/
98217800,רוכב לריתוך 160/63,רוכב,,,,ריתוך,,,,,160/63,160,63,,,,,,,,,98217800.jpg,5,https://www.huliot.co.il/product/%D7%A8%D7%95%D7%9B%D7%91-%D7%9C%D7%A8%D7%99%D7%AA%D7%95%D7%9A-16063/
98217805,רוכב לריתוך 160/75,רוכב,,,,ריתוך,,,,,160/75,160,75,,,,,,,,,98217805.jpg,4,https://www.huliot.co.il/product/%D7%A8%D7%95%D7%9B%D7%91-%D7%9C%D7%A8%D7%99%D7%AA%D7%95%D7%9A-16075/
98217806,רוכב לריתוך 160/90,רוכב,,,,ריתוך,,,,,160/90,160,,,90,,,,,,,98217806.jpg,5,https://www.huliot.co.il/product/%D7%A8%D7%95%D7%9B%D7%91-%D7%9C%D7%A8%D7%99%D7%AA%D7%95%D7%9A-16090/
98217815,רוכב לריתוך 200/110,רוכב,,,,ריתוך,,,,,200/110,200,110,,,,,,,,,98217815.jpg,5,https://www.huliot.co.il/product/%D7%A8%D7%95%D7%9B%D7%91-%D7%9C%D7%A8%D7%99%D7%AA%D7%95%D7%9A-200110/
98217816,רוכב לריתוך 200/125,רוכב,,,,ריתוך,,,,,200/125,200,125,,,,,,,,,98217816.jpg,4,https://www.huliot.co.il/product/%D7%A8%D7%95%D7%9B%D7%91-%D7%9C%D7%A8%D7%99%D7%AA%D7%95%D7%9A-200125/
98217811,רוכב לריתוך 200/50,רוכב,,,,ריתוך,,,,,200/50,200,50,,,,,,,,,98217811.jpg,5,https://www.huliot.co.il/product/%D7%A8%D7%95%D7%9B%D7%91-%D7%9C%D7%A8%D7%99%D7%AA%D7%95%D7%9A-20050/
98217812,רוכב לריתוך 200/63,רוכב,,,,ריתוך,,,,,200/63,200,63,,,,,,,,,98217812.jpg,6,https://www.huliot.co.il/product/%D7%A8%D7%95%D7%9B%D7%91-%D7%9C%D7%A8%D7%99%D7%AA%D7%95%D7%9A-20063/
98217813,רוכב לריתוך 200/75,רוכב,,,,ריתוך,,,,,200/75,200,75,,,,,,,,,98217813.jpg,4,https://www.huliot.co.il/product/%D7%A8%D7%95%D7%9B%D7%91-%D7%9C%D7%A8%D7%99%D7%AA%D7%95%D7%9A-20075/
98217814,רוכב לריתוך 200/90,רוכב,,,,ריתוך,,,,,200/90,200,,,90,,,,,,,98217814.jpg,5,https://www.huliot.co.il/product/%D7%A8%D7%95%D7%9B%D7%91-%D7%9C%D7%A8%D7%99%D7%AA%D7%95%D7%9A-20090/
98217822,רוכב לריתוך 250/110,רוכב,,,,ריתוך,,,,,250/110,250,110,,,,,,,,,98217822.jpg,5,https://www.huliot.co.il/product/%D7%A8%D7%95%D7%9B%D7%91-%D7%9C%D7%A8%D7%99%D7%AA%D7%95%D7%9A-250110/
98217823,רוכב לריתוך 250/125,רוכב,,,,ריתוך,,,,,250/125,250,125,,,,,,,,,98217823.jpg,5,https://www.huliot.co.il/product/%D7%A8%D7%95%D7%9B%D7%91-%D7%9C%D7%A8%D7%99%D7%AA%D7%95%D7%9A-250125/
98217817,רוכב לריתוך 250/40,רוכב,,,,ריתוך,,,,,250/40,250,40,,,,,,,,,98217817.jpg,4,https://www.huliot.co.il/product/%D7%A8%D7%95%D7%9B%D7%91-%D7%9C%D7%A8%D7%99%D7%AA%D7%95%D7%9A-25040/
98217818,רוכב לריתוך 250/50,רוכב,,,,ריתוך,,,,,250/50,250,50,,,,,,,,,98217818.jpg,5,https://www.huliot.co.il/product/%D7%A8%D7%95%D7%9B%D7%91-%D7%9C%D7%A8%D7%99%D7%AA%D7%95%D7%9A-25050/
98217819,רוכב לריתוך 250/63,רוכב,,,,ריתוך,,,,,250/63,250,63,,,,,,,,,98217819.jpg,6,https://www.huliot.co.il/product/%D7%A8%D7%95%D7%9B%D7%91-%D7%9C%D7%A8%D7%99%D7%AA%D7%95%D7%9A-25063/
98217820,רוכב לריתוך 250/75,רוכב,,,,ריתוך,,,,,250/75,250,75,,,,,,,,,98217820.jpg,4,https://www.huliot.co.il/product/%D7%A8%D7%95%D7%9B%D7%91-%D7%9C%D7%A8%D7%99%D7%AA%D7%95%D7%9A-25075/
98217821,רוכב לריתוך 250/90,רוכב,,,,ריתוך,,,,,250/90,250,,,90,,,,,,,98217821.jpg,6,https://www.huliot.co.il/product/%D7%A8%D7%95%D7%9B%D7%91-%D7%9C%D7%A8%D7%99%D7%AA%D7%95%D7%9A-25090/
98217741,רוכב לריתוך 40/20,רוכב,,,,ריתוך,,,,,40/20,40,20,,,,,,,,,98217741.jpg,5,https://www.huliot.co.il/product/%D7%A8%D7%95%D7%9B%D7%91-%D7%9C%D7%A8%D7%99%D7%AA%D7%95%D7%9A-4020/
98217742,רוכב לריתוך 40/25,רוכב,,,,ריתוך,,,,,40/25,40,25,,,,,,,,,98217742.jpg,4,https://www.huliot.co.il/product/%D7%A8%D7%95%D7%9B%D7%91-%D7%9C%D7%A8%D7%99%D7%AA%D7%95%D7%9A-4025/
98217744,רוכב לריתוך 50/20,רוכב,,,,ריתוך,,,,,50/20,50,20,,,,,,,,,98217744.jpg,5,https://www.huliot.co.il/product/%D7%A8%D7%95%D7%9B%D7%91-%D7%9C%D7%A8%D7%99%D7%AA%D7%95%D7%9A-5020/
98217745,רוכב לריתוך 50/25,רוכב,,,,ריתוך,,,,,50/25,50,25,,,,,,,,,98217745.jpg,4,https://www.huliot.co.il/product/%D7%A8%D7%95%D7%9B%D7%91-%D7%9C%D7%A8%D7%99%D7%AA%D7%95%D7%9A-5025/
98217747,רוכב לריתוך 63/20,רוכב,,,,ריתוך,,,,,63/20,63,20,,,,,,,,,98217747.jpg,5,https://www.huliot.co.il/product/%D7%A8%D7%95%D7%9B%D7%91-%D7%9C%D7%A8%D7%99%D7%AA%D7%95%D7%9A-6320/
98217748,רוכב לריתוך 63/25,רוכב,,,,ריתוך,,,,,63/25,63,25,,,,,,,,,98217748.jpg,5,https://www.huliot.co.il/product/%D7%A8%D7%95%D7%9B%D7%91-%D7%9C%D7%A8%D7%99%D7%AA%D7%95%D7%9A-6325/
98217749,רוכב לריתוך 63/32,רוכב,,,,ריתוך,,,,,63/32,63,32,,,,,,,,,98217749.jpg,3,https://www.huliot.co.il/product/%D7%A8%D7%95%D7%9B%D7%91-%D7%9C%D7%A8%D7%99%D7%AA%D7%95%D7%9A-6332/
98217750,רוכב לריתוך 75/20,רוכב,,,,ריתוך,,,,,75/20,75,20,,,,,,,,,98217750.jpg,5,https://www.huliot.co.il/product/%D7%A8%D7%95%D7%9B%D7%91-%D7%9C%D7%A8%D7%99%D7%AA%D7%95%D7%9A-7520/
98217751,רוכב לריתוך 75/25,רוכב,,,,ריתוך,,,,,75/25,75,25,,,,,,,,,98217751.jpg,4,https://www.huliot.co.il/product/%D7%A8%D7%95%D7%9B%D7%91-%D7%9C%D7%A8%D7%99%D7%AA%D7%95%D7%9A-7525/
98217752,רוכב לריתוך 75/32,רוכב,,,,ריתוך,,,,,75/32,75,32,,,,,,,,,98217752.jpg,5,https://www.huliot.co.il/product/%D7%A8%D7%95%D7%9B%D7%91-%D7%9C%D7%A8%D7%99%D7%AA%D7%95%D7%9A-7532/
98217753,רוכב לריתוך 75/40,רוכב,,,,ריתוך,,,,,75/40,75,40,,,,,,,,,98217753.jpg,4,https://www.huliot.co.il/product/%D7%A8%D7%95%D7%9B%D7%91-%D7%9C%D7%A8%D7%99%D7%AA%D7%95%D7%9A-7540/
98217760,רוכב לריתוך 90/20,רוכב,,,,ריתוך,,,,,90/20,90,20,,,,,,,,,98217760.jpg,4,https://www.huliot.co.il/product/%D7%A8%D7%95%D7%9B%D7%91-%D7%9C%D7%A8%D7%99%D7%AA%D7%95%D7%9A-9020/
98217761,רוכב לריתוך 90/25,רוכב,,,,ריתוך,,,,,90/25,90,25,,,,,,,,,98217761.jpg,4,https://www.huliot.co.il/product/%D7%A8%D7%95%D7%9B%D7%91-%D7%9C%D7%A8%D7%99%D7%AA%D7%95%D7%9A-9025/
98217762,רוכב לריתוך 90/32,רוכב,,,,ריתוך,,,,,90/32,90,32,,,,,,,,,98217762.jpg,4,https://www.huliot.co.il/product/%D7%A8%D7%95%D7%9B%D7%91-%D7%9C%D7%A8%D7%99%D7%AA%D7%95%D7%9A-9032/
98217763,רוכב לריתוך 90/40,רוכב,,,,ריתוך,,,,,90/40,90,40,,,,,,,,,98217763.jpg,4,https://www.huliot.co.il/product/%D7%A8%D7%95%D7%9B%D7%91-%D7%9C%D7%A8%D7%99%D7%AA%D7%95%D7%9A-9040/
60400251,רשת מוגבהת עגולה אפור,,,,,,,,,אפור,,,,,,,,,,,רשת מוגבהת עגולה,60400251.jpg,6,https://www.huliot.co.il/product/%D7%A8%D7%A9%D7%AA-%D7%9E%D7%95%D7%92%D7%91%D7%94%D7%AA-%D7%A2%D7%92%D7%95%D7%9C%D7%94-%D7%90%D7%A4%D7%95%D7%A8/
60400260,רשת מוגבהת עגולה בז',,,,,,,,,בז',,,,,,,,,,,רשת מוגבהת עגולה,60400260.jpg,5,https://www.huliot.co.il/product/%D7%A8%D7%A9%D7%AA-%D7%9E%D7%95%D7%92%D7%91%D7%94%D7%AA-%D7%A2%D7%92%D7%95%D7%9C%D7%94-%D7%91%D7%96-2/
60400260,רשת מוגבהת עגולה בז',,,,,,,,,בז',,,,,,,,,,,רשת מוגבהת עגולה,60400260.jpg,5,https://www.huliot.co.il/product/%D7%A8%D7%A9%D7%AA-%D7%9E%D7%95%D7%92%D7%91%D7%94%D7%AA-%D7%A2%D7%92%D7%95%D7%9C%D7%94-%D7%91%D7%96/
60400263,רשת מוגבהת עגולה לבן,,,,,,,,,לבן,,,,,,,,,,,רשת מוגבהת עגולה,60400263.jpg,5,https://www.huliot.co.il/product/%D7%A8%D7%A9%D7%AA-%D7%9E%D7%95%D7%92%D7%91%D7%94%D7%AA-%D7%A2%D7%92%D7%95%D7%9C%D7%94-%D7%9C%D7%91%D7%9F/
60400140,רשת מצופה ניקל,,,,,,,,,,,,,,,,,,,,רשת מצופה ניקל,60400140.jpg,5,https://www.huliot.co.il/product/%D7%A8%D7%A9%D7%AA-%D7%9E%D7%A6%D7%95%D7%A4%D7%94-%D7%A0%D7%99%D7%A7%D7%9C-2/
60400140,רשת מצופה ניקל,,,,,,,,,,,,,,,,,,,,רשת מצופה ניקל,60400140.jpg,5,https://www.huliot.co.il/product/%D7%A8%D7%A9%D7%AA-%D7%9E%D7%A6%D7%95%D7%A4%D7%94-%D7%A0%D7%99%D7%A7%D7%9C/
60400151,רשת עגולה חיצונית אפור,,,,,,,,,אפור,,,,,,,,,,,רשת עגולה חיצונית,60400151.jpg,5,https://www.huliot.co.il/product/%D7%A8%D7%A9%D7%AA-%D7%A2%D7%92%D7%95%D7%9C%D7%94-%D7%97%D7%99%D7%A6%D7%95%D7%A0%D7%99%D7%AA-%D7%90%D7%A4%D7%95%D7%A8/
60400163,רשת עגולה חיצונית בז',,,,,,,,,בז',,,,,,,,,,,רשת עגולה חיצונית,60400163.jpg,5,https://www.huliot.co.il/product/%D7%A8%D7%A9%D7%AA-%D7%A2%D7%92%D7%95%D7%9C%D7%94-%D7%97%D7%99%D7%A6%D7%95%D7%A0%D7%99%D7%AA-%D7%91%D7%96-2/
60400163,רשת עגולה חיצונית בז',,,,,,,,,בז',,,,,,,,,,,רשת עגולה חיצונית,60400163.jpg,5,https://www.huliot.co.il/product/%D7%A8%D7%A9%D7%AA-%D7%A2%D7%92%D7%95%D7%9C%D7%94-%D7%97%D7%99%D7%A6%D7%95%D7%A0%D7%99%D7%AA-%D7%91%D7%96/
60400160,רשת עגולה חיצונית לבן,,,,,,,,,לבן,,,,,,,,,,,רשת עגולה חיצונית,60400160.jpg,5,https://www.huliot.co.il/product/%D7%A8%D7%A9%D7%AA-%D7%A2%D7%92%D7%95%D7%9C%D7%94-%D7%97%D7%99%D7%A6%D7%95%D7%A0%D7%99%D7%AA-%D7%9C%D7%91%D7%9F/
60400351,רשת רבועה אפור,,,,,,,,,אפור,,,,,,,,,,,רשת רבועה,60400351.jpg,5,https://www.huliot.co.il/product/%D7%A8%D7%A9%D7%AA-%D7%A8%D7%91%D7%95%D7%A2%D7%94-%D7%90%D7%A4%D7%95%D7%A8/
60400360,רשת רבועה בז',,,,,,,,,בז',,,,,,,,,,,רשת רבועה,60400360.jpg,5,https://www.huliot.co.il/product/%D7%A8%D7%A9%D7%AA-%D7%A8%D7%91%D7%95%D7%A2%D7%94-%D7%91%D7%96-2/
60400360,רשת רבועה בז',,,,,,,,,בז',,,,,,,,,,,רשת רבועה,60400360.jpg,5,https://www.huliot.co.il/product/%D7%A8%D7%A9%D7%AA-%D7%A8%D7%91%D7%95%D7%A2%D7%94-%D7%91%D7%96/
60400363,רשת רבועה לבן,,,,,,,,,לבן,,,,,,,,,,,רשת רבועה,60400363.jpg,5,https://www.huliot.co.il/product/%D7%A8%D7%A9%D7%AA-%D7%A8%D7%91%D7%95%D7%A2%D7%94-%D7%9C%D7%91%D7%9F/
7071740070,שרוול אולטרה סיילנט בקוטר 110,שרוול,,Ultra Silent,,,,,,,110,110,,,,,,,,,,7071740070.jpg,6,https://www.huliot.co.il/product/%D7%A9%D7%A8%D7%95%D7%95%D7%9C-%D7%90%D7%95%D7%9C%D7%98%D7%A8%D7%94-%D7%A1%D7%99%D7%99%D7%9C%D7%A0%D7%98-%D7%91%D7%A7%D7%95%D7%98%D7%A8-110/
7071750070,שרוול אולטרה סיילנט בקוטר 125,שרוול,,Ultra Silent,,,,,,,125,125,,,,,,,,,,7071750070.jpg,6,https://www.huliot.co.il/product/%D7%A9%D7%A8%D7%95%D7%95%D7%9C-%D7%90%D7%95%D7%9C%D7%98%D7%A8%D7%94-%D7%A1%D7%99%D7%99%D7%9C%D7%A0%D7%98-%D7%91%D7%A7%D7%95%D7%98%D7%A8-125/
7071760070,שרוול אולטרה סיילנט בקוטר 160,שרוול,,Ultra Silent,,,,,,,160,160,,,,,,,,,,7071760070.jpg,6,https://www.huliot.co.il/product/%D7%A9%D7%A8%D7%95%D7%95%D7%9C-%D7%90%D7%95%D7%9C%D7%98%D7%A8%D7%94-%D7%A1%D7%99%D7%99%D7%9C%D7%A0%D7%98-%D7%91%D7%A7%D7%95%D7%98%D7%A8-160/
7071780070,שרוול אולטרה סיילנט בקוטר 200,שרוול,,Ultra Silent,,,,,,,200,200,,,,,,,,,,7071780070.jpg,6,https://www.huliot.co.il/product/%D7%A9%D7%A8%D7%95%D7%95%D7%9C-%D7%90%D7%95%D7%9C%D7%98%D7%A8%D7%94-%D7%A1%D7%99%D7%99%D7%9C%D7%A0%D7%98-%D7%91%D7%A7%D7%95%D7%98%D7%A8-200/
7071710070,שרוול אולטרה סיילנט בקוטר 40,שרוול,,Ultra Silent,,,,,,,40,40,,,,,,,,,,7071710070.jpg,6,https://www.huliot.co.il/product/%D7%A9%D7%A8%D7%95%D7%95%D7%9C-%D7%90%D7%95%D7%9C%D7%98%D7%A8%D7%94-%D7%A1%D7%99%D7%99%D7%9C%D7%A0%D7%98-%D7%91%D7%A7%D7%95%D7%98%D7%A8-40/
7071720070,שרוול אולטרה סיילנט בקוטר 50,שרוול,,Ultra Silent,,,,,,,50,50,,,,,,,,,,7071720070.jpg,6,https://www.huliot.co.il/product/%D7%A9%D7%A8%D7%95%D7%95%D7%9C-%D7%90%D7%95%D7%9C%D7%98%D7%A8%D7%94-%D7%A1%D7%99%D7%99%D7%9C%D7%A0%D7%98-%D7%91%D7%A7%D7%95%D7%98%D7%A8-50/
7071730070,שרוול אולטרה סיילנט בקוטר 75,שרוול,,Ultra Silent,,,,,,,75,75,,,,,,,,,,7071730070.jpg,6,https://www.huliot.co.il/product/%D7%A9%D7%A8%D7%95%D7%95%D7%9C-%D7%90%D7%95%D7%9C%D7%98%D7%A8%D7%94-%D7%A1%D7%99%D7%99%D7%9C%D7%A0%D7%98-%D7%91%D7%A7%D7%95%D7%98%D7%A8-75/
7071790070,שרוול אולטרה סיילנט בקוטר 90,שרוול,,Ultra Silent,,,,,,,90,90,,,,,,,,,,7071790070.jpg,6,https://www.huliot.co.il/product/%D7%A9%D7%A8%D7%95%D7%95%D7%9C-%D7%90%D7%95%D7%9C%D7%98%D7%A8%D7%94-%D7%A1%D7%99%D7%99%D7%9C%D7%A0%D7%98-%D7%91%D7%A7%D7%95%D7%98%D7%A8-90/
91814813,שרוול לריתוך חשמלי 160,שרוול,,,,ריתוך חשמלי,,,,,160,160,,,,,,,,,ל,91814813.jpg,5,https://www.huliot.co.il/product/%D7%A9%D7%A8%D7%95%D7%95%D7%9C-%D7%9C%D7%A8%D7%99%D7%AA%D7%95%D7%9A-%D7%97%D7%A9%D7%9E%D7%9C%D7%99-160/
91814814,שרוול לריתוך חשמלי 200,שרוול,,,,ריתוך חשמלי,,,,,200,200,,,,,,,,,ל,91814814.jpg,5,https://www.huliot.co.il/product/%D7%A9%D7%A8%D7%95%D7%95%D7%9C-%D7%9C%D7%A8%D7%99%D7%AA%D7%95%D7%9A-%D7%97%D7%A9%D7%9E%D7%9C%D7%99-200/
91814815,שרוול לריתוך חשמלי 250,שרוול,,,,ריתוך חשמלי,,,,,250,250,,,,,,,,,ל,91814815.jpg,5,https://www.huliot.co.il/product/%D7%A9%D7%A8%D7%95%D7%95%D7%9C-%D7%9C%D7%A8%D7%99%D7%AA%D7%95%D7%9A-%D7%97%D7%A9%D7%9E%D7%9C%D7%99-250/
91814810,שרוול ריתוך חשמלי 110,שרוול,,,,ריתוך חשמלי,,,,,110,110,,,,,,,,,,91814810.jpg,5,https://www.huliot.co.il/product/%D7%A9%D7%A8%D7%95%D7%95%D7%9C-%D7%A8%D7%99%D7%AA%D7%95%D7%9A-%D7%97%D7%A9%D7%9E%D7%9C%D7%99-110/
91814811,שרוול ריתוך חשמלי 125,שרוול,,,,ריתוך חשמלי,,,,,125,125,,,,,,,,,,91814811.jpg,4,https://www.huliot.co.il/product/%D7%A9%D7%A8%D7%95%D7%95%D7%9C-%D7%A8%D7%99%D7%AA%D7%95%D7%9A-%D7%97%D7%A9%D7%9E%D7%9C%D7%99-125/
91814802,שרוול ריתוך חשמלי 20,שרוול,,,,ריתוך חשמלי,,,,,20,20,,,,,,,,,,91814802.jpg,5,https://www.huliot.co.il/product/%D7%A9%D7%A8%D7%95%D7%95%D7%9C-%D7%A8%D7%99%D7%AA%D7%95%D7%9A-%D7%97%D7%A9%D7%9E%D7%9C%D7%99-20/
91814803,שרוול ריתוך חשמלי 25,שרוול,,,,ריתוך חשמלי,,,,,25,25,,,,,,,,,,91814803.jpg,4,https://www.huliot.co.il/product/%D7%A9%D7%A8%D7%95%D7%95%D7%9C-%D7%A8%D7%99%D7%AA%D7%95%D7%9A-%D7%97%D7%A9%D7%9E%D7%9C%D7%99-25/
91814804,שרוול ריתוך חשמלי 32,שרוול,,,,ריתוך חשמלי,,,,,32,32,,,,,,,,,,91814804.jpg,4,https://www.huliot.co.il/product/%D7%A9%D7%A8%D7%95%D7%95%D7%9C-%D7%A8%D7%99%D7%AA%D7%95%D7%9A-%D7%97%D7%A9%D7%9E%D7%9C%D7%99-32/
91814805,שרוול ריתוך חשמלי 40,שרוול,,,,ריתוך חשמלי,,,,,40,40,,,,,,,,,,91814805.jpg,4,https://www.huliot.co.il/product/%D7%A9%D7%A8%D7%95%D7%95%D7%9C-%D7%A8%D7%99%D7%AA%D7%95%D7%9A-%D7%97%D7%A9%D7%9E%D7%9C%D7%99-40/
91814806,שרוול ריתוך חשמלי 50,שרוול,,,,ריתוך חשמלי,,,,,50,50,,,,,,,,,,91814806.jpg,4,https://www.huliot.co.il/product/%D7%A9%D7%A8%D7%95%D7%95%D7%9C-%D7%A8%D7%99%D7%AA%D7%95%D7%9A-%D7%97%D7%A9%D7%9E%D7%9C%D7%99-50/
91814807,שרוול ריתוך חשמלי 63,שרוול,,,,ריתוך חשמלי,,,,,63,63,,,,,,,,,,91814807.jpg,5,https://www.huliot.co.il/product/%D7%A9%D7%A8%D7%95%D7%95%D7%9C-%D7%A8%D7%99%D7%AA%D7%95%D7%9A-%D7%97%D7%A9%D7%9E%D7%9C%D7%99-63/
91814808,שרוול ריתוך חשמלי 75,שרוול,,,,ריתוך חשמלי,,,,,75,75,,,,,,,,,,91814808.jpg,4,https://www.huliot.co.il/product/%D7%A9%D7%A8%D7%95%D7%95%D7%9C-%D7%A8%D7%99%D7%AA%D7%95%D7%9A-%D7%97%D7%A9%D7%9E%D7%9C%D7%99-75/
91814809,שרוול ריתוך חשמלי 90,שרוול,,,,ריתוך חשמלי,,,,,90,90,,,,,,,,,,91814809.jpg,4,https://www.huliot.co.il/product/%D7%A9%D7%A8%D7%95%D7%95%D7%9C-%D7%A8%D7%99%D7%AA%D7%95%D7%9A-%D7%97%D7%A9%D7%9E%D7%9C%D7%99-90/
49040043,תומך לצינורות כבלים 110,,,,לצינורות,,,,,,110,110,,,,,,,,,תומך כבלים,49040043.jpg,4,https://www.huliot.co.il/product/%D7%AA%D7%95%D7%9E%D7%9A-%D7%9C%D7%A6%D7%99%D7%A0%D7%95%D7%A8%D7%95%D7%AA-%D7%9B%D7%91%D7%9C%D7%99%D7%9D-110/
99515086,תותב לריתוך רוכב 110/20+25,תותב,רוכב,,,ריתוך,,,,,110/20,110,20,,,,,,,,+25,99515086.jpg,5,https://www.huliot.co.il/product/%D7%AA%D7%95%D7%AA%D7%91-%D7%9C%D7%A8%D7%99%D7%AA%D7%95%D7%9A-%D7%A8%D7%95%D7%9B%D7%91-1102025/
99515087,תותב לריתוך רוכב 110/32,תותב,רוכב,,,ריתוך,,,,,110/32,110,32,,,,,,,,,99515087.jpg,4,https://www.huliot.co.il/product/%D7%AA%D7%95%D7%AA%D7%91-%D7%9C%D7%A8%D7%99%D7%AA%D7%95%D7%9A-%D7%A8%D7%95%D7%9B%D7%91-11032/
99515088,תותב לריתוך רוכב 110/40,תותב,רוכב,,,ריתוך,,,,,110/40,110,40,,,,,,,,,99515088.jpg,4,https://www.huliot.co.il/product/%D7%AA%D7%95%D7%AA%D7%91-%D7%9C%D7%A8%D7%99%D7%AA%D7%95%D7%9A-%D7%A8%D7%95%D7%9B%D7%91-11040/
99515644,תותב לריתוך רוכב 125/63,תותב,רוכב,,,ריתוך,,,,,125/63,125,63,,,,,,,,,99515644.jpg,5,https://www.huliot.co.il/product/%D7%AA%D7%95%D7%AA%D7%91-%D7%9C%D7%A8%D7%99%D7%AA%D7%95%D7%9A-%D7%A8%D7%95%D7%9B%D7%91-12563/
99515065,תותב לריתוך רוכב 40/20+25,תותב,רוכב,,,ריתוך,,,,,40/20,40,20,,,,,,,,+25,99515065.jpg,4,https://www.huliot.co.il/product/%D7%AA%D7%95%D7%AA%D7%91-%D7%9C%D7%A8%D7%99%D7%AA%D7%95%D7%9A-%D7%A8%D7%95%D7%9B%D7%91-402025/
99515066,תותב לריתוך רוכב 50/20+25,תותב,רוכב,,,ריתוך,,,,,50/20,50,20,,,,,,,,+25,99515066.jpg,4,https://www.huliot.co.il/product/%D7%AA%D7%95%D7%AA%D7%91-%D7%9C%D7%A8%D7%99%D7%AA%D7%95%D7%9A-%D7%A8%D7%95%D7%9B%D7%91-502025/
99515067,תותב לריתוך רוכב 63/20+25,תותב,רוכב,,,ריתוך,,,,,63/20,63,20,,,,,,,,+25,99515067.jpg,5,https://www.huliot.co.il/product/%D7%AA%D7%95%D7%AA%D7%91-%D7%9C%D7%A8%D7%99%D7%AA%D7%95%D7%9A-%D7%A8%D7%95%D7%9B%D7%91-632025/
99515081,תותב לריתוך רוכב 63/32,תותב,רוכב,,,ריתוך,,,,,63/32,63,32,,,,,,,,,99515081.jpg,4,https://www.huliot.co.il/product/%D7%AA%D7%95%D7%AA%D7%91-%D7%9C%D7%A8%D7%99%D7%AA%D7%95%D7%9A-%D7%A8%D7%95%D7%9B%D7%91-6332/
99515068,תותב לריתוך רוכב 75/20+25,תותב,רוכב,,,ריתוך,,,,,75/20,75,20,,,,,,,,+25,99515068.jpg,4,https://www.huliot.co.il/product/%D7%AA%D7%95%D7%AA%D7%91-%D7%9C%D7%A8%D7%99%D7%AA%D7%95%D7%9A-%D7%A8%D7%95%D7%9B%D7%91-752025/
99515082,תותב לריתוך רוכב 75/32,תותב,רוכב,,,ריתוך,,,,,75/32,75,32,,,,,,,,,99515082.jpg,5,https://www.huliot.co.il/product/%D7%AA%D7%95%D7%AA%D7%91-%D7%9C%D7%A8%D7%99%D7%AA%D7%95%D7%9A-%D7%A8%D7%95%D7%9B%D7%91-7532/
99515083,תותב לריתוך רוכב 90/20+25,תותב,רוכב,,,ריתוך,,,,,90/20,90,20,,,,,,,,+25,99515083.jpg,5,https://www.huliot.co.il/product/%D7%AA%D7%95%D7%AA%D7%91-%D7%9C%D7%A8%D7%99%D7%AA%D7%95%D7%9A-%D7%A8%D7%95%D7%9B%D7%91-902025/
99515084,תותב לריתוך רוכב 90/32,תותב,רוכב,,,ריתוך,,,,,90/32,90,32,,,,,,,,,99515084.jpg,4,https://www.huliot.co.il/product/%D7%AA%D7%95%D7%AA%D7%91-%D7%9C%D7%A8%D7%99%D7%AA%D7%95%D7%9A-%D7%A8%D7%95%D7%9B%D7%91-9032/
99515085,תותב לריתוך רוכב 90/40,תותב,רוכב,,,ריתוך,,,,,90/40,90,40,,,,,,,,,99515085.jpg,5,https://www.huliot.co.il/product/%D7%AA%D7%95%D7%AA%D7%91-%D7%9C%D7%A8%D7%99%D7%AA%D7%95%D7%9A-%D7%A8%D7%95%D7%9B%D7%91-9040/
99515050,תותב ריתוך לצינורות 110,תותב,,,לצינורות,ריתוך,,,,,110,110,,,,,,,,,,99515050.jpg,4,https://www.huliot.co.il/product/%D7%AA%D7%95%D7%AA%D7%91-%D7%A8%D7%99%D7%AA%D7%95%D7%9A-%D7%9C%D7%A6%D7%99%D7%A0%D7%95%D7%A8%D7%95%D7%AA-110/
99515051,תותב ריתוך לצינורות 125,תותב,,,לצינורות,ריתוך,,,,,125,125,,,,,,,,,,99515051.jpg,5,https://www.huliot.co.il/product/%D7%AA%D7%95%D7%AA%D7%91-%D7%A8%D7%99%D7%AA%D7%95%D7%9A-%D7%9C%D7%A6%D7%99%D7%A0%D7%95%D7%A8%D7%95%D7%AA-125/
99515042,תותב ריתוך לצינורות 20,תותב,,,לצינורות,ריתוך,,,,,20,20,,,,,,,,,,99515042.jpg,5,https://www.huliot.co.il/product/%D7%AA%D7%95%D7%AA%D7%91-%D7%A8%D7%99%D7%AA%D7%95%D7%9A-%D7%9C%D7%A6%D7%99%D7%A0%D7%95%D7%A8%D7%95%D7%AA-20/
99515043,תותב ריתוך לצינורות 25,תותב,,,לצינורות,ריתוך,,,,,25,25,,,,,,,,,,99515043.jpg,4,https://www.huliot.co.il/product/%D7%AA%D7%95%D7%AA%D7%91-%D7%A8%D7%99%D7%AA%D7%95%D7%9A-%D7%9C%D7%A6%D7%99%D7%A0%D7%95%D7%A8%D7%95%D7%AA-25/
99515044,תותב ריתוך לצינורות 32,תותב,,,לצינורות,ריתוך,,,,,32,32,,,,,,,,,,99515044.jpg,4,https://www.huliot.co.il/product/%D7%AA%D7%95%D7%AA%D7%91-%D7%A8%D7%99%D7%AA%D7%95%D7%9A-%D7%9C%D7%A6%D7%99%D7%A0%D7%95%D7%A8%D7%95%D7%AA-32/
99515045,תותב ריתוך לצינורות 40,תותב,,,לצינורות,ריתוך,,,,,40,40,,,,,,,,,,99515045.jpg,3,https://www.huliot.co.il/product/%D7%AA%D7%95%D7%AA%D7%91-%D7%A8%D7%99%D7%AA%D7%95%D7%9A-%D7%9C%D7%A6%D7%99%D7%A0%D7%95%D7%A8%D7%95%D7%AA-40/
99515046,תותב ריתוך לצינורות 50,תותב,,,לצינורות,ריתוך,,,,,50,50,,,,,,,,,,99515046.jpg,4,https://www.huliot.co.il/product/%D7%AA%D7%95%D7%AA%D7%91-%D7%A8%D7%99%D7%AA%D7%95%D7%9A-%D7%9C%D7%A6%D7%99%D7%A0%D7%95%D7%A8%D7%95%D7%AA-50/
99515047,תותב ריתוך לצינורות 63,תותב,,,לצינורות,ריתוך,,,,,63,63,,,,,,,,,,99515047.jpg,4,https://www.huliot.co.il/product/%D7%AA%D7%95%D7%AA%D7%91-%D7%A8%D7%99%D7%AA%D7%95%D7%9A-%D7%9C%D7%A6%D7%99%D7%A0%D7%95%D7%A8%D7%95%D7%AA-63/
99515048,תותב ריתוך לצינורות 75,תותב,,,לצינורות,ריתוך,,,,,75,75,,,,,,,,,,99515048.jpg,4,https://www.huliot.co.il/product/%D7%AA%D7%95%D7%AA%D7%91-%D7%A8%D7%99%D7%AA%D7%95%D7%9A-%D7%9C%D7%A6%D7%99%D7%A0%D7%95%D7%A8%D7%95%D7%AA-75/
99515049,תותב ריתוך לצינורות 90,תותב,,,לצינורות,ריתוך,,,,,90,90,,,,,,,,,,99515049.jpg,5,https://www.huliot.co.il/product/%D7%AA%D7%95%D7%AA%D7%91-%D7%A8%D7%99%D7%AA%D7%95%D7%9A-%D7%9C%D7%A6%D7%99%D7%A0%D7%95%D7%A8%D7%95%D7%AA-90/
99550311,תותב ריתוך לתיקון חורים 10,תותב,,,,ריתוך,,,,,10,10,,,,,,,,,לתיקון חורים,99550311.jpg,5,https://www.huliot.co.il/product/%D7%AA%D7%95%D7%AA%D7%91-%D7%A8%D7%99%D7%AA%D7%95%D7%9A-%D7%9C%D7%AA%D7%99%D7%A7%D7%95%D7%9F-%D7%97%D7%95%D7%A8%D7%99%D7%9D-10/
99550307,תותב ריתוך לתיקון חורים 7,תותב,,,,ריתוך,,,,,,,,,,,,,,,לתיקון חורים 7,99550307.jpg,4,https://www.huliot.co.il/product/%D7%AA%D7%95%D7%AA%D7%91-%D7%A8%D7%99%D7%AA%D7%95%D7%9A-%D7%9C%D7%AA%D7%99%D7%A7%D7%95%D7%9F-%D7%97%D7%95%D7%A8%D7%99%D7%9D-7/
,,,,,,,,,,,,,,,,,,,,,,embed.jpg,2,https://www.huliot.co.il/product/%d7%90%d7%98%d7%9d-%d7%9c%d7%90%d7%91%d7%99%d7%96%d7%a8%d7%99-%d7%aa%d7%99%d7%a7%d7%95%d7%9f-100/embed/
,,,,,,,,,,,,,,,,,,,,,,embed.jpg,2,https://www.huliot.co.il/product/%d7%91%d7%a8%d7%96-%d7%9b%d7%93%d7%95%d7%a8%d7%99-%d7%a4%d7%95%d7%9c%d7%99%d7%a4%d7%a8%d7%95%d7%a4%d7%99%d7%9c%d7%9f-75/embed/
,,,,,,,,,,,,,,,,,,,,,,embed.jpg,2,https://www.huliot.co.il/product/%d7%91%d7%a8%d7%9a-%d7%90%d7%95%d7%9c%d7%98%d7%a8%d7%94-%d7%a1%d7%99%d7%99%d7%9c%d7%a0%d7%98-%d7%a4%d7%9c%d7%95%d7%a1-15-%d7%91%d7%a7%d7%95%d7%98%d7%a8-110/embed/
,,,,,,,,,,,,,,,,,,,,,,embed_1.jpg,2,https://www.huliot.co.il/product/%d7%91%d7%a8%d7%9a-%d7%90%d7%95%d7%9c%d7%98%d7%a8%d7%94-%d7%a1%d7%99%d7%99%d7%9c%d7%a0%d7%98-%d7%a4%d7%9c%d7%95%d7%a1-30-%d7%91%d7%a7%d7%95%d7%98%d7%a8-110/embed/
,,,,,,,,,,,,,,,,,,,,,,embed_1.jpg,2,https://www.huliot.co.il/product/%d7%91%d7%a8%d7%9a-%d7%90%d7%95%d7%9c%d7%98%d7%a8%d7%94-%d7%a1%d7%99%d7%99%d7%9c%d7%a0%d7%98-%d7%a4%d7%9c%d7%95%d7%a1-45-%d7%91%d7%a7%d7%95%d7%98%d7%a8-110/embed/
,,,,,,,,,,,,,,,,,,,,,,embed.jpg,2,https://www.huliot.co.il/product/%d7%91%d7%a8%d7%9a-%d7%90%d7%95%d7%9c%d7%98%d7%a8%d7%94-%d7%a1%d7%99%d7%99%d7%9c%d7%a0%d7%98-%d7%a4%d7%9c%d7%95%d7%a1-45-%d7%91%d7%a7%d7%95%d7%98%d7%a8-125/embed/
,,,,,,,,,,,,,,,,,,,,,,embed_1.jpg,2,https://www.huliot.co.il/product/%d7%91%d7%a8%d7%9a-%d7%90%d7%95%d7%9c%d7%98%d7%a8%d7%94-%d7%a1%d7%99%d7%99%d7%9c%d7%a0%d7%98-%d7%a4%d7%9c%d7%95%d7%a1-45-%d7%91%d7%a7%d7%95%d7%98%d7%a8-160/embed/
,,,,,,,,,,,,,,,,,,,,,,embed.jpg,2,https://www.huliot.co.il/product/%d7%91%d7%a8%d7%9a-%d7%90%d7%95%d7%9c%d7%98%d7%a8%d7%94-%d7%a1%d7%99%d7%99%d7%9c%d7%a0%d7%98-%d7%a4%d7%9c%d7%95%d7%a1-87-5-%d7%91%d7%a7%d7%95%d7%98%d7%a8-110/embed/
,,,,,,,,,,,,,,,,,,,,,,embed.jpg,2,https://www.huliot.co.il/product/%d7%91%d7%a8%d7%9a-%d7%98%d7%9c%d7%a1%d7%a7%d7%95%d7%a4%d7%99%d7%aa-%d7%a6%d7%93-%d7%90%d7%97%d7%93-%d7%a9%d7%a7%d7%a2-%d7%aa%d7%a7%d7%a2-smartlock/embed/
,,,,,,,,,,,,,,,,,,,,,,embed.jpg,2,https://www.huliot.co.il/product/%d7%91%d7%a8%d7%9a-%d7%9c%d7%90%d7%a1%d7%9c%d7%94-%d7%a2%d7%9d-%d7%91%d7%99%d7%a7%d7%95%d7%a8%d7%aa-%d7%92%d7%91/embed/
,,,,,,,,,,,,,,,,,,,,,,embed.jpg,2,https://www.huliot.co.il/product/%d7%91%d7%a8%d7%9a-%d7%9c%d7%91%d7%99%d7%95%d7%91-16015/embed/
,,,,,,,,,,,,,,,,,,,,,,embed.jpg,2,https://www.huliot.co.il/product/%d7%91%d7%a8%d7%9a-%d7%9c%d7%91%d7%99%d7%95%d7%91-16030/embed/
,,,,,,,,,,,,,,,,,,,,,,embed.jpg,2,https://www.huliot.co.il/product/%d7%91%d7%a8%d7%9a-%d7%9c%d7%9e%d7%99-%d7%92%d7%a9%d7%9d-11067/embed/
,,,,,,,,,,,,,,,,,,,,,,embed_1.jpg,2,https://www.huliot.co.il/product/%d7%91%d7%a8%d7%9a-%d7%9c%d7%a8%d7%99%d7%aa%d7%95%d7%9a-11045/embed/
,,,,,,,,,,,,,,,,,,,,,,embed_1.jpg,2,https://www.huliot.co.il/product/%d7%91%d7%a8%d7%9a-%d7%9c%d7%a8%d7%99%d7%aa%d7%95%d7%9a-11090/embed/
,,,,,,,,,,,,,,,,,,,,,,embed.jpg,2,https://www.huliot.co.il/product/%d7%91%d7%a8%d7%9a-%d7%9c%d7%a8%d7%99%d7%aa%d7%95%d7%9a-12545/embed/
,,,,,,,,,,,,,,,,,,,,,,embed.jpg,2,https://www.huliot.co.il/product/%d7%91%d7%a8%d7%9a-%d7%9c%d7%a8%d7%99%d7%aa%d7%95%d7%9a-12590/embed/
,,,,,,,,,,,,,,,,,,,,,,embed_1.jpg,2,https://www.huliot.co.il/product/%d7%91%d7%a8%d7%9a-%d7%9c%d7%a8%d7%99%d7%aa%d7%95%d7%9a-2045-2/embed/
,,,,,,,,,,,,,,,,,,,,,,embed_1.jpg,2,https://www.huliot.co.il/product/%d7%91%d7%a8%d7%9a-%d7%9c%d7%a8%d7%99%d7%aa%d7%95%d7%9a-2045/embed/
,,,,,,,,,,,,,,,,,,,,,,embed.jpg,2,https://www.huliot.co.il/product/%d7%91%d7%a8%d7%9a-%d7%9c%d7%a8%d7%99%d7%aa%d7%95%d7%9a-2090-2/embed/
,,,,,,,,,,,,,,,,,,,,,,embed_1.jpg,2,https://www.huliot.co.il/product/%d7%91%d7%a8%d7%9a-%d7%9c%d7%a8%d7%99%d7%aa%d7%95%d7%9a-2090/embed/
,,,,,,,,,,,,,,,,,,,,,,embed_1.jpg,2,https://www.huliot.co.il/product/%d7%91%d7%a8%d7%9a-%d7%9c%d7%a8%d7%99%d7%aa%d7%95%d7%9a-2545-2/embed/
,,,,,,,,,,,,,,,,,,,,,,embed_1.jpg,2,https://www.huliot.co.il/product/%d7%91%d7%a8%d7%9a-%d7%9c%d7%a8%d7%99%d7%aa%d7%95%d7%9a-2545/embed/
,,,,,,,,,,,,,,,,,,,,,,embed_1.jpg,2,https://www.huliot.co.il/product/%d7%91%d7%a8%d7%9a-%d7%9c%d7%a8%d7%99%d7%aa%d7%95%d7%9a-2590/embed/
,,,,,,,,,,,,,,,,,,,,,,embed_1.jpg,2,https://www.huliot.co.il/product/%d7%91%d7%a8%d7%9a-%d7%9c%d7%a8%d7%99%d7%aa%d7%95%d7%9a-3245-2/embed/
,,,,,,,,,,,,,,,,,,,,,,embed_1.jpg,2,https://www.huliot.co.il/product/%d7%91%d7%a8%d7%9a-%d7%9c%d7%a8%d7%99%d7%aa%d7%95%d7%9a-3245/embed/
,,,,,,,,,,,,,,,,,,,,,,embed.jpg,2,https://www.huliot.co.il/product/%d7%91%d7%a8%d7%9a-%d7%9c%d7%a8%d7%99%d7%aa%d7%95%d7%9a-3290/embed/
,,,,,,,,,,,,,,,,,,,,,,embed_1.jpg,2,https://www.huliot.co.il/product/%d7%91%d7%a8%d7%9a-%d7%9c%d7%a8%d7%99%d7%aa%d7%95%d7%9a-4045-2/embed/
,,,,,,,,,,,,,,,,,,,,,,embed_1.jpg,2,https://www.huliot.co.il/product/%d7%91%d7%a8%d7%9a-%d7%9c%d7%a8%d7%99%d7%aa%d7%95%d7%9a-4045/embed/
,,,,,,,,,,,,,,,,,,,,,,embed_1.jpg,2,https://www.huliot.co.il/product/%d7%91%d7%a8%d7%9a-%d7%9c%d7%a8%d7%99%d7%aa%d7%95%d7%9a-4090/embed/
,,,,,,,,,,,,,,,,,,,,,,embed_1.jpg,2,https://www.huliot.co.il/product/%d7%91%d7%a8%d7%9a-%d7%9c%d7%a8%d7%99%d7%aa%d7%95%d7%9a-5045/embed/
,,,,,,,,,,,,,,,,,,,,,,embed.jpg,2,https://www.huliot.co.il/product/%d7%91%d7%a8%d7%9a-%d7%9c%d7%a8%d7%99%d7%aa%d7%95%d7%9a-5090/embed/
,,,,,,,,,,,,,,,,,,,,,,embed_1.jpg,2,https://www.huliot.co.il/product/%d7%91%d7%a8%d7%9a-%d7%9c%d7%a8%d7%99%d7%aa%d7%95%d7%9a-6345/embed/
,,,,,,,,,,,,,,,,,,,,,,embed.jpg,2,https://www.huliot.co.il/product/%d7%91%d7%a8%d7%9a-%d7%9c%d7%a8%d7%99%d7%aa%d7%95%d7%9a-6390/embed/
,,,,,,,,,,,,,,,,,,,,,,embed_1.jpg,2,https://www.huliot.co.il/product/%d7%91%d7%a8%d7%9a-%d7%9c%d7%a8%d7%99%d7%aa%d7%95%d7%9a-7545/embed/
,,,,,,,,,,,,,,,,,,,,,,embed_1.jpg,2,https://www.huliot.co.il/product/%d7%91%d7%a8%d7%9a-%d7%9c%d7%a8%d7%99%d7%aa%d7%95%d7%9a-7590/embed/
,,,,,,,,,,,,,,,,,,,,,,embed.jpg,2,https://www.huliot.co.il/product/%d7%91%d7%a8%d7%9a-%d7%9c%d7%a8%d7%99%d7%aa%d7%95%d7%9a-9045/embed/
,,,,,,,,,,,,,,,,,,,,,,embed_1.jpg,2,https://www.huliot.co.il/product/%d7%91%d7%a8%d7%9a-%d7%9c%d7%a8%d7%99%d7%aa%d7%95%d7%9a-9090/embed/
,,,,,,,,,,,,,,,,,,,,,,embed_1.jpg,2,https://www.huliot.co.il/product/%d7%91%d7%a8%d7%9a-%d7%9c%d7%a9%d7%a4%d7%9b%d7%99%d7%9d-%d7%97%d7%9e%d7%99%d7%9d-15o-%d7%91%d7%a7%d7%95%d7%98%d7%a8-110/embed/
,,,,,,,,,,,,,,,,,,,,,,embed.jpg,2,https://www.huliot.co.il/product/%d7%91%d7%a8%d7%9a-%d7%9c%d7%a9%d7%a4%d7%9b%d7%99%d7%9d-%d7%97%d7%9e%d7%99%d7%9d-15o-%d7%91%d7%a7%d7%95%d7%98%d7%a8-160/embed/
,,,,,,,,,,,,,,,,,,,,,,embed.jpg,2,https://www.huliot.co.il/product/%d7%91%d7%a8%d7%9a-%d7%9c%d7%a9%d7%a4%d7%9b%d7%99%d7%9d-%d7%97%d7%9e%d7%99%d7%9d-30o-%d7%91%d7%a7%d7%95%d7%98%d7%a8-110/embed/
,,,,,,,,,,,,,,,,,,,,,,embed.jpg,2,https://www.huliot.co.il/product/%d7%91%d7%a8%d7%9a-%d7%9e%d7%a6%d7%a8%d7%94-%d7%98%d7%9c%d7%a1%d7%a7%d7%95%d7%a4%d7%99%d7%aa-%d7%a6%d7%93-%d7%90%d7%97%d7%93-%d7%a9%d7%a7%d7%a2-%d7%aa%d7%a7%d7%a2-smartlock/embed/
,,,,,,,,,,,,,,,,,,,,,,embed.jpg,2,https://www.huliot.co.il/product/%d7%91%d7%a8%d7%9a-%d7%9e%d7%a6%d7%a8%d7%94-%d7%9c%d7%a1%d7%99%d7%a4%d7%95%d7%9f-32-40-90-%d7%a6%d7%93-%d7%90%d7%97%d7%93-%d7%a9%d7%a7%d7%a2-%d7%aa%d7%a7%d7%a2-smartlock/embed/
,,,,,,,,,,,,,,,,,,,,,,embed.jpg,2,https://www.huliot.co.il/product/%d7%91%d7%a8%d7%9a-%d7%9e%d7%a6%d7%a8%d7%94-32-50-90-%d7%a6%d7%93-%d7%90%d7%97%d7%93-%d7%a9%d7%a7%d7%a2-%d7%aa%d7%a7%d7%a2-smartlock/embed/
,,,,,,,,,,,,,,,,,,,,,,embed.jpg,2,https://www.huliot.co.il/product/%d7%91%d7%a8%d7%9a-32-45-smartlock/embed/
,,,,,,,,,,,,,,,,,,,,,,embed_1.jpg,2,https://www.huliot.co.il/product/%d7%91%d7%a8%d7%9a-32-90-smartlock/embed/
,,,,,,,,,,,,,,,,,,,,,,embed_1.jpg,2,https://www.huliot.co.il/product/%d7%91%d7%a8%d7%9a-40-45-%d7%a6%d7%93-%d7%90%d7%97%d7%93-%d7%97%d7%9c%d7%a7-smartlock/embed/
,,,,,,,,,,,,,,,,,,,,,,embed.jpg,2,https://www.huliot.co.il/product/%d7%91%d7%a8%d7%9a-40-45-smartlock/embed/
,,,,,,,,,,,,,,,,,,,,,,embed_1.jpg,2,https://www.huliot.co.il/product/%d7%91%d7%a8%d7%9a-40-90-%d7%a6%d7%93-%d7%90%d7%97%d7%93-%d7%97%d7%9c%d7%a7-smartlock/embed/
,,,,,,,,,,,,,,,,,,,,,,embed.jpg,2,https://www.huliot.co.il/product/%d7%91%d7%a8%d7%9a-40-90-smartlock/embed/
,,,,,,,,,,,,,,,,,,,,,,embed.jpg,2,https://www.huliot.co.il/product/%d7%91%d7%a8%d7%9a-45-50-50/embed/
,,,,,,,,,,,,,,,,,,,,,,embed.jpg,2,https://www.huliot.co.il/product/%d7%91%d7%a8%d7%9a-45o/embed/
,,,,,,,,,,,,,,,,,,,,,,embed_1.jpg,2,https://www.huliot.co.il/product/%d7%91%d7%a8%d7%9a-50-15-%d7%a6%d7%93-%d7%90%d7%97%d7%93-%d7%97%d7%9c%d7%a7-smartlock/embed/
,,,,,,,,,,,,,,,,,,,,,,embed_1.jpg,2,https://www.huliot.co.il/product/%d7%91%d7%a8%d7%9a-50-30-%d7%a6%d7%93-%d7%90%d7%97%d7%93-%d7%97%d7%9c%d7%a7-smartlock/embed/
,,,,,,,,,,,,,,,,,,,,,,embed.jpg,2,https://www.huliot.co.il/product/%d7%91%d7%a8%d7%9a-50-45-%d7%a6%d7%93-%d7%90%d7%97%d7%93-%d7%97%d7%9c%d7%a7-smartlock/embed/
,,,,,,,,,,,,,,,,,,,,,,embed_1.jpg,2,https://www.huliot.co.il/product/%d7%91%d7%a8%d7%9a-50-45-smartlock/embed/
,,,,,,,,,,,,,,,,,,,,,,embed_1.jpg,2,https://www.huliot.co.il/product/%d7%91%d7%a8%d7%9a-50-90-%d7%a6%d7%93-%d7%90%d7%97%d7%93-%d7%97%d7%9c%d7%a7-smartlock/embed/
,,,,,,,,,,,,,,,,,,,,,,embed_1.jpg,2,https://www.huliot.co.il/product/%d7%91%d7%a8%d7%9a-50-90-smartlock/embed/
,,,,,,,,,,,,,,,,,,,,,,embed.jpg,2,https://www.huliot.co.il/product/%d7%91%d7%a8%d7%9a-63-45-smartlock/embed/
,,,,,,,,,,,,,,,,,,,,,,embed.jpg,2,https://www.huliot.co.il/product/%d7%91%d7%a8%d7%9a-90-50-40/embed/
,,,,,,,,,,,,,,,,,,,,,,embed_1.jpg,2,https://www.huliot.co.il/product/%d7%92%d7%9c%d7%99%d7%9c-%d7%a6%d7%99%d7%a0%d7%95%d7%a8-hipe-x-%d7%9e%d7%95%d7%a9%d7%97%d7%9c-%d7%90%d7%93%d7%95%d7%9d-%d7%a7%d7%95%d7%98%d7%a8-16-%d7%9e%d7%9e-%d7%90%d7%95%d7%a8%d7%9a-100/embed/
,,,,,,,,,,,,,,,,,,,,,,embed_1.jpg,2,https://www.huliot.co.il/product/%d7%92%d7%9c%d7%99%d7%9c-%d7%a6%d7%99%d7%a0%d7%95%d7%a8-hipe-x-%d7%9e%d7%95%d7%a9%d7%97%d7%9c-%d7%90%d7%93%d7%95%d7%9d-%d7%a7%d7%95%d7%98%d7%a8-16-%d7%9e%d7%9e-%d7%90%d7%95%d7%a8%d7%9a-50/embed/
,,,,,,,,,,,,,,,,,,,,,,embed_1.jpg,2,https://www.huliot.co.il/product/%d7%92%d7%9c%d7%99%d7%9c-%d7%a6%d7%99%d7%a0%d7%95%d7%a8-hipe-x-%d7%9e%d7%95%d7%a9%d7%97%d7%9c-%d7%9b%d7%97%d7%95%d7%9c-%d7%a7%d7%95%d7%98%d7%a8-16-%d7%9e%d7%9e-%d7%90%d7%95%d7%a8%d7%9a-100/embed/
,,,,,,,,,,,,,,,,,,,,,,embed_1.jpg,2,https://www.huliot.co.il/product/%d7%92%d7%9c%d7%99%d7%9c-%d7%a6%d7%99%d7%a0%d7%95%d7%a8-hipe-x-%d7%9e%d7%95%d7%a9%d7%97%d7%9c-%d7%9b%d7%97%d7%95%d7%9c-%d7%a7%d7%95%d7%98%d7%a8-16-%d7%9e%d7%9e-%d7%90%d7%95%d7%a8%d7%9a-50/embed/
,,,,,,,,,,,,,,,,,,,,,,embed_1.jpg,2,https://www.huliot.co.il/product/%d7%92%d7%9c%d7%99%d7%9c-%d7%a6%d7%99%d7%a0%d7%95%d7%a8-hipe-x-%d7%9e%d7%95%d7%a9%d7%97%d7%9c-%d7%a9%d7%97%d7%95%d7%a8-%d7%a7%d7%95%d7%98%d7%a8-20-%d7%9e%d7%9e-%d7%90%d7%95%d7%a8%d7%9a-100/embed/
,,,,,,,,,,,,,,,,,,,,,,embed.jpg,2,https://www.huliot.co.il/product/%d7%92%d7%9c%d7%99%d7%9c-%d7%a6%d7%99%d7%a0%d7%95%d7%a8-hipe-x-%d7%9e%d7%95%d7%a9%d7%97%d7%9c-%d7%a9%d7%97%d7%95%d7%a8-%d7%a7%d7%95%d7%98%d7%a8-20-%d7%9e%d7%9e-%d7%90%d7%95%d7%a8%d7%9a-50/embed/
,,,,,,,,,,,,,,,,,,,,,,embed.jpg,2,https://www.huliot.co.il/product/%d7%92%d7%9c%d7%99%d7%9c-%d7%a6%d7%99%d7%a0%d7%95%d7%a8-hipe-x-%d7%9e%d7%95%d7%a9%d7%97%d7%9c-%d7%a9%d7%97%d7%95%d7%a8-%d7%a7%d7%95%d7%98%d7%a8-25-%d7%9e%d7%9e-%d7%90%d7%95%d7%a8%d7%9a-50/embed/
,,,,,,,,,,,,,,,,,,,,,,embed_1.jpg,2,https://www.huliot.co.il/product/%d7%92%d7%9c%d7%99%d7%9c-%d7%a6%d7%99%d7%a0%d7%95%d7%a8-hipe-x-%d7%9e%d7%95%d7%a9%d7%97%d7%9c-%d7%a9%d7%97%d7%95%d7%a8-%d7%a7%d7%95%d7%98%d7%a8-32-%d7%9e%d7%9e-%d7%90%d7%95%d7%a8%d7%9a-50/embed/
,,,,,,,,,,,,,,,,,,,,,,embed_1.jpg,2,https://www.huliot.co.il/product/%d7%92%d7%9c%d7%99%d7%9c-%d7%a6%d7%99%d7%a0%d7%95%d7%a8-hipe-x-%d7%a7%d7%95%d7%98%d7%a8-16-%d7%9e%d7%9e-%d7%90%d7%95%d7%a8%d7%9a-100-%d7%9e%d7%98%d7%a8/embed/
,,,,,,,,,,,,,,,,,,,,,,embed.jpg,2,https://www.huliot.co.il/product/%d7%92%d7%9c%d7%99%d7%9c-%d7%a6%d7%99%d7%a0%d7%95%d7%a8-hipe-x-%d7%a7%d7%95%d7%98%d7%a8-16-%d7%9e%d7%9e-%d7%90%d7%95%d7%a8%d7%9a-50-%d7%9e%d7%98%d7%a8/embed/
,,,,,,,,,,,,,,,,,,,,,,embed_1.jpg,2,https://www.huliot.co.il/product/%d7%92%d7%9c%d7%99%d7%9c-%d7%a6%d7%99%d7%a0%d7%95%d7%a8-hipe-x-%d7%a7%d7%95%d7%98%d7%a8-20-%d7%9e%d7%9e-%d7%90%d7%95%d7%a8%d7%9a-100-%d7%9e%d7%98%d7%a8/embed/
,,,,,,,,,,,,,,,,,,,,,,embed.jpg,2,https://www.huliot.co.il/product/%d7%92%d7%9c%d7%99%d7%9c-%d7%a6%d7%99%d7%a0%d7%95%d7%a8-hipe-x-%d7%a7%d7%95%d7%98%d7%a8-20-%d7%9e%d7%9e-%d7%90%d7%95%d7%a8%d7%9a-50-%d7%9e%d7%98%d7%a8/embed/
,,,,,,,,,,,,,,,,,,,,,,embed.jpg,2,https://www.huliot.co.il/product/%d7%92%d7%9c%d7%99%d7%9c-%d7%a6%d7%99%d7%a0%d7%95%d7%a8-hipe-x-%d7%a7%d7%95%d7%98%d7%a8-25-%d7%9e%d7%9e-%d7%90%d7%95%d7%a8%d7%9a-50-%d7%9e%d7%98%d7%a8/embed/
,,,,,,,,,,,,,,,,,,,,,,embed_1.jpg,2,https://www.huliot.co.il/product/%d7%92%d7%9c%d7%99%d7%9c-%d7%a6%d7%99%d7%a0%d7%95%d7%a8-hipe-x-%d7%a7%d7%95%d7%98%d7%a8-32-%d7%9e%d7%9e-%d7%90%d7%95%d7%a8%d7%9a-50-%d7%9e%d7%98%d7%a8/embed/
,,,,,,,,,,,,,,,,,,,,,,embed.jpg,2,https://www.huliot.co.il/product/%d7%94%d7%92%d7%91%d7%94%d7%94-%d7%92%d7%9c%d7%99%d7%9c%d7%99%d7%aa-2/embed/
,,,,,,,,,,,,,,,,,,,,,,embed.jpg,2,https://www.huliot.co.il/product/%d7%94%d7%92%d7%91%d7%94%d7%94-top-floor-%d7%90%d7%a4%d7%95%d7%a8/embed/
60200300,הגבהה Top Floor,,,,,,,,,,,,,,,,,,,,הגבהה Top Floor,60200300.jpg,6,https://www.huliot.co.il/product/%d7%94%d7%92%d7%91%d7%94%d7%94-top-floor-2/
,,,,,,,,,,,,,,,,,,,,,,embed_1.jpg,2,https://www.huliot.co.il/product/%d7%94%d7%92%d7%91%d7%94%d7%94-top-floor-2/embed/
,,,,,,,,,,,,,,,,,,,,,,embed.jpg,2,https://www.huliot.co.il/product/%d7%95%d7%a0%d7%98%d7%99%d7%9c-%d7%9c%d7%9b%d7%99%d7%95%d7%a8-%d7%90%d7%9e%d7%a8%d7%99%d7%a7%d7%90%d7%99-j/embed/
8001216160,"זוית הברגה ""½16x חוץ",זווית,,,,הברגה,,,,,,,,,,"½1""",,,,,6x חוץ,8001216160.jpg,6,https://www.huliot.co.il/product/%d7%96%d7%95%d7%99%d7%aa-%d7%94%d7%91%d7%a8%d7%92%d7%94-%c2%bd16x-%d7%97%d7%95%d7%a5/
,,,,,,,,,,,,,,,,,,,,,,embed_1.jpg,2,https://www.huliot.co.il/product/%d7%96%d7%95%d7%99%d7%aa-%d7%94%d7%91%d7%a8%d7%92%d7%94-%c2%bd16x-%d7%97%d7%95%d7%a5/embed/
8011216160,"זוית הברגה ""½16x פנים",זווית,,,,הברגה,,,,,,,,,,"½1""",,,,,6x פנים,8011216160.jpg,6,https://www.huliot.co.il/product/%d7%96%d7%95%d7%99%d7%aa-%d7%94%d7%91%d7%a8%d7%92%d7%94-%c2%bd16x-%d7%a4%d7%a0%d7%99%d7%9d/
,,,,,,,,,,,,,,,,,,,,,,embed_1.jpg,2,https://www.huliot.co.il/product/%d7%96%d7%95%d7%99%d7%aa-%d7%94%d7%91%d7%a8%d7%92%d7%94-%c2%bd16x-%d7%a4%d7%a0%d7%99%d7%9d/embed/
8003416160,"זוית הברגה ""¾16x חוץ",זווית,,,,הברגה,,,,,,,,,,"¾1""",,,,,6x חוץ,8003416160.jpg,6,https://www.huliot.co.il/product/%d7%96%d7%95%d7%99%d7%aa-%d7%94%d7%91%d7%a8%d7%92%d7%94-%c2%be16x-%d7%97%d7%95%d7%a5-2/
,,,,,,,,,,,,,,,,,,,,,,embed_1.jpg,2,https://www.huliot.co.il/product/%d7%96%d7%95%d7%99%d7%aa-%d7%94%d7%91%d7%a8%d7%92%d7%94-%c2%be16x-%d7%97%d7%95%d7%a5-2/embed/
8003420200,"זוית הברגה ""¾20x חוץ",זווית,,,,הברגה,,,,,,,,,,"¾2""",,,,,0x חוץ,8003420200.jpg,6,https://www.huliot.co.il/product/%d7%96%d7%95%d7%99%d7%aa-%d7%94%d7%91%d7%a8%d7%92%d7%94-%c2%be20x-%d7%97%d7%95%d7%a5/
,,,,,,,,,,,,,,,,,,,,,,embed_1.jpg,2,https://www.huliot.co.il/product/%d7%96%d7%95%d7%99%d7%aa-%d7%94%d7%91%d7%a8%d7%92%d7%94-%c2%be20x-%d7%97%d7%95%d7%a5/embed/
8013420200,"זוית הברגה ""¾20x פנים",זווית,,,,הברגה,,,,,,,,,,"¾2""",,,,,0x פנים,8013420200.jpg,6,https://www.huliot.co.il/product/%d7%96%d7%95%d7%99%d7%aa-%d7%94%d7%91%d7%a8%d7%92%d7%94-%c2%be20x-%d7%a4%d7%a0%d7%99%d7%9d/
,,,,,,,,,,,,,,,,,,,,,,embed_1.jpg,2,https://www.huliot.co.il/product/%d7%96%d7%95%d7%99%d7%aa-%d7%94%d7%91%d7%a8%d7%92%d7%94-%c2%be20x-%d7%a4%d7%a0%d7%99%d7%9d/embed/
8003425250,"זוית הברגה ""¾25x חוץ",זווית,,,,הברגה,,,,,,,,,,"¾2""",,,,,5x חוץ,8003425250.jpg,6,https://www.huliot.co.il/product/%d7%96%d7%95%d7%99%d7%aa-%d7%94%d7%91%d7%a8%d7%92%d7%94-%c2%be25x-%d7%97%d7%95%d7%a5/
,,,,,,,,,,,,,,,,,,,,,,embed_1.jpg,2,https://www.huliot.co.il/product/%d7%96%d7%95%d7%99%d7%aa-%d7%94%d7%91%d7%a8%d7%92%d7%94-%c2%be25x-%d7%97%d7%95%d7%a5/embed/
8013425250,"זוית הברגה ""¾25x פנים",זווית,,,,הברגה,,,,,,,,,,"¾2""",,,,,5x פנים,8013425250.jpg,6,https://www.huliot.co.il/product/%d7%96%d7%95%d7%99%d7%aa-%d7%94%d7%91%d7%a8%d7%92%d7%94-%c2%be25x-%d7%a4%d7%a0%d7%99%d7%9d/
,,,,,,,,,,,,,,,,,,,,,,embed_1.jpg,2,https://www.huliot.co.il/product/%d7%96%d7%95%d7%99%d7%aa-%d7%94%d7%91%d7%a8%d7%92%d7%94-%c2%be25x-%d7%a4%d7%a0%d7%99%d7%9d/embed/
8000125250,"זוית הברגה ""25×1 חוץ",זווית,,,,הברגה,,,,,,,,,,"2""",,,,,5×1 חוץ,8000125250.jpg,6,https://www.huliot.co.il/product/%d7%96%d7%95%d7%99%d7%aa-%d7%94%d7%91%d7%a8%d7%92%d7%94-25x1-%d7%97%d7%95%d7%a5/
,,,,,,,,,,,,,,,,,,,,,,embed_1.jpg,2,https://www.huliot.co.il/product/%d7%96%d7%95%d7%99%d7%aa-%d7%94%d7%91%d7%a8%d7%92%d7%94-25x1-%d7%97%d7%95%d7%a5/embed/
8010125250,"זוית הברגה ""25×1 פנים",זווית,,,,הברגה,,,,,,,,,,"2""",,,,,5×1 פנים,8010125250.jpg,6,https://www.huliot.co.il/product/%d7%96%d7%95%d7%99%d7%aa-%d7%94%d7%91%d7%a8%d7%92%d7%94-25x1-%d7%a4%d7%a0%d7%99%d7%9d/
,,,,,,,,,,,,,,,,,,,,,,embed_1.jpg,2,https://www.huliot.co.il/product/%d7%96%d7%95%d7%99%d7%aa-%d7%94%d7%91%d7%a8%d7%92%d7%94-25x1-%d7%a4%d7%a0%d7%99%d7%9d/embed/
8000132320,"זוית הברגה ""32×1 חוץ",זווית,,,,הברגה,,,,,,,,,,"3""",,,,,2×1 חוץ,8000132320.jpg,6,https://www.huliot.co.il/product/%d7%96%d7%95%d7%99%d7%aa-%d7%94%d7%91%d7%a8%d7%92%d7%94-32x1-%d7%97%d7%95%d7%a5/
,,,,,,,,,,,,,,,,,,,,,,embed_1.jpg,2,https://www.huliot.co.il/product/%d7%96%d7%95%d7%99%d7%aa-%d7%94%d7%91%d7%a8%d7%92%d7%94-32x1-%d7%97%d7%95%d7%a5/embed/
8010132320,"זוית הברגה ""32×1 פנים",זווית,,,,הברגה,,,,,,,,,,"3""",,,,,2×1 פנים,8010132320.jpg,6,https://www.huliot.co.il/product/%d7%96%d7%95%d7%99%d7%aa-%d7%94%d7%91%d7%a8%d7%92%d7%94-32x1-%d7%a4%d7%a0%d7%99%d7%9d/
,,,,,,,,,,,,,,,,,,,,,,embed_1.jpg,2,https://www.huliot.co.il/product/%d7%96%d7%95%d7%99%d7%aa-%d7%94%d7%91%d7%a8%d7%92%d7%94-32x1-%d7%a4%d7%a0%d7%99%d7%9d/embed/
8151216160,"זוית קצה 105° ""½16x",זווית,,,,,,,,,,,,,05,"½1""",,,,,קצה 1 6x,8151216160.jpg,6,https://www.huliot.co.il/product/%d7%96%d7%95%d7%99%d7%aa-%d7%a7%d7%a6%d7%94-105-%c2%bd16x/
,,,,,,,,,,,,,,,,,,,,,,embed_1.jpg,2,https://www.huliot.co.il/product/%d7%96%d7%95%d7%99%d7%aa-%d7%a7%d7%a6%d7%94-105-%c2%bd16x/embed/
,,,,,,,,,,,,,,,,,,,,,,embed.jpg,2,https://www.huliot.co.il/product/%d7%97%d7%91%d7%a7-%d7%9c%d7%97%d7%a5-pressure-clamp-o110/embed/
,,,,,,,,,,,,,,,,,,,,,,embed.jpg,2,https://www.huliot.co.il/product/%d7%97%d7%99%d7%91%d7%95%d7%a8-%d7%90%d7%a8%d7%95%d7%9a-%d7%9c%d7%90%d7%92%d7%a0%d7%99%d7%aa/embed/
,,,,,,,,,,,,,,,,,,,,,,embed.jpg,2,https://www.huliot.co.il/product/%d7%97%d7%99%d7%91%d7%95%d7%a8-%d7%a7%d7%a6%d7%a8-%d7%9c%d7%90%d7%92%d7%a0%d7%99%d7%aa/embed/
41540120,חיבור שרשורי לאסלה קצר,,קצר,,אסלה,,,,,,,,,,,,,,,,חיבור שרשורי,41540120.jpg,4,https://www.huliot.co.il/product/%d7%97%d7%99%d7%91%d7%95%d7%a8-%d7%a9%d7%a8%d7%a9%d7%95%d7%a8%d7%99-%d7%9c%d7%90%d7%a1%d7%9c%d7%94-%d7%a7%d7%a6%d7%a8/
,,,,,,,,,,,,,,,,,,,,,,embed_1.jpg,2,https://www.huliot.co.il/product/%d7%97%d7%99%d7%91%d7%95%d7%a8-%d7%a9%d7%a8%d7%a9%d7%95%d7%a8%d7%99-%d7%9c%d7%90%d7%a1%d7%9c%d7%94-%d7%a7%d7%a6%d7%a8/embed/
,,,,,,,,,,,,,,,,,,,,,,embed.jpg,2,https://www.huliot.co.il/product/%d7%9c%d7%95%d7%97%d7%99%d7%aa-%d7%9c%d7%9e%d7%99%d7%a7%d7%95%d7%9d-%d7%a0%d7%a7%d7%95%d7%93%d7%aa-%d7%9e%d7%99%d7%9d/embed/
,,,,,,,,,,,,,,,,,,,,,,embed.jpg,2,https://www.huliot.co.il/product/%d7%9e%d7%90%d7%a1%d7%a3-%d7%a0%d7%a4%d7%99%d7%9c%d7%94-100-smartlock/embed/
,,,,,,,,,,,,,,,,,,,,,,embed.jpg,2,https://www.huliot.co.il/product/%d7%9e%d7%90%d7%a1%d7%a3-%d7%a0%d7%a4%d7%99%d7%9c%d7%94-110-smartlock/embed/
,,,,,,,,,,,,,,,,,,,,,,embed.jpg,2,https://www.huliot.co.il/product/%d7%9e%d7%90%d7%a1%d7%a3-%d7%a0%d7%a4%d7%99%d7%9c%d7%94-50-smartlock/embed/
,,,,,,,,,,,,,,,,,,,,,,embed.jpg,2,https://www.huliot.co.il/product/%d7%9e%d7%90%d7%a1%d7%a3-70-40-%d7%a1%d7%92%d7%95%d7%a8-smartlock/embed/
,,,,,,,,,,,,,,,,,,,,,,embed.jpg,2,https://www.huliot.co.il/product/%d7%9e%d7%90%d7%a8%d7%99%d7%9a-%d7%9c%d7%9e%d7%97%d7%a1%d7%95%d7%9d-%d7%a1%d7%99%d7%a4%d7%95%d7%9f-%c2%bc1-%d7%a7%d7%95%d7%98%d7%a8-32-2/embed/
,,,,,,,,,,,,,,,,,,,,,,embed.jpg,2,https://www.huliot.co.il/product/%d7%9e%d7%90%d7%a8%d7%99%d7%9a-%d7%9c%d7%9e%d7%97%d7%a1%d7%95%d7%9d-%d7%a1%d7%99%d7%a4%d7%95%d7%9f-2-%d7%a7%d7%95%d7%98%d7%a8-50-2/embed/
,,,,,,,,,,,,,,,,,,,,,,embed.jpg,2,https://www.huliot.co.il/product/%d7%9e%d7%91%d7%95%d7%90-%d7%96%d7%97%d7%99%d7%97-%c2%bc1-%d7%90%d7%a8%d7%95%d7%9a/embed/
,,,,,,,,,,,,,,,,,,,,,,embed.jpg,2,https://www.huliot.co.il/product/%d7%9e%d7%91%d7%95%d7%90-%d7%96%d7%97%d7%99%d7%97-%c2%bc1-%d7%a2%d7%9d-%d7%97%d7%99%d7%91%d7%95%d7%a8-%d7%9c%d7%9e%d7%96%d7%92%d7%9f/embed/
,,,,,,,,,,,,,,,,,,,,,,embed.jpg,2,https://www.huliot.co.il/product/%d7%9e%d7%91%d7%a8%d7%92%d7%94-%d7%9c%d7%a7%d7%98%d7%a8%d7%99%d7%9d-63-125-%d7%9e%d7%9e-%d7%9c%d7%a2%d7%91%d7%95%d7%93%d7%94-%d7%91%d7%92%d7%95%d7%91%d7%94/embed/
,,,,,,,,,,,,,,,,,,,,,,embed.jpg,2,https://www.huliot.co.il/product/%d7%9e%d7%96%d7%95%d7%95%d7%93%d7%aa-%d7%a8%d7%99%d7%aa%d7%95%d7%9a-%d7%92%d7%93%d7%95%d7%9c%d7%94-75-125-%d7%9e%d7%9e/embed/
,,,,,,,,,,,,,,,,,,,,,,embed.jpg,2,https://www.huliot.co.il/product/%d7%9e%d7%96%d7%95%d7%95%d7%93%d7%aa-%d7%a8%d7%99%d7%aa%d7%95%d7%9a-%d7%a7%d7%98%d7%a0%d7%94-20-63-%d7%9e%d7%9e/embed/
41540105,מחבר ברך שרשורי ארוך לאסלה,מחבר,ברך|ארוך,,אסלה,,,,,,,,,,,,,,,,שרשורי,41540105.jpg,3,https://www.huliot.co.il/product/%d7%9e%d7%97%d7%91%d7%a8-%d7%91%d7%a8%d7%9a-%d7%a9%d7%a8%d7%a9%d7%95%d7%a8%d7%99-%d7%90%d7%a8%d7%95%d7%9a-%d7%9c%d7%90%d7%a1%d7%9c%d7%94/
,,,,,,,,,,,,,,,,,,,,,,embed_1.jpg,2,https://www.huliot.co.il/product/%d7%9e%d7%97%d7%91%d7%a8-%d7%91%d7%a8%d7%9a-%d7%a9%d7%a8%d7%a9%d7%95%d7%a8%d7%99-%d7%90%d7%a8%d7%95%d7%9a-%d7%9c%d7%90%d7%a1%d7%9c%d7%94/embed/
,,,,,,,,,,,,,,,,,,,,,,embed.jpg,2,https://www.huliot.co.il/product/%d7%9e%d7%97%d7%91%d7%a8-%d7%91%d7%a8%d7%9a-%d7%a9%d7%a8%d7%a9%d7%95%d7%a8%d7%99-%d7%a7%d7%a6%d7%a8-%d7%9c%d7%90%d7%a1%d7%9c%d7%94/embed/
,,,,,,,,,,,,,,,,,,,,,,embed.jpg,2,https://www.huliot.co.il/product/%d7%9e%d7%97%d7%a1%d7%95%d7%9d-%d7%94%d7%95%d7%a8%d7%a7%d7%94-%c2%bd1-%d7%9c%d7%9e%d7%9b%d7%95%d7%a0%d7%aa-%d7%9b%d7%91%d7%99%d7%a1%d7%94/embed/
,,,,,,,,,,,,,,,,,,,,,,embed.jpg,2,https://www.huliot.co.il/product/%d7%9e%d7%97%d7%a1%d7%95%d7%9d-%d7%a1%d7%99%d7%a4%d7%95%d7%9f-%c2%bc1-%d7%9c%d7%9b%d7%99%d7%95%d7%a8-%d7%90%d7%9e%d7%a8%d7%99%d7%a7%d7%90%d7%99-6/embed/
,,,,,,,,,,,,,,,,,,,,,,embed.jpg,2,https://www.huliot.co.il/product/%d7%9e%d7%97%d7%a1%d7%95%d7%9d-%d7%a1%d7%99%d7%a4%d7%95%d7%9f-%c2%bc1-%d7%9c%d7%9b%d7%99%d7%95%d7%a8-%d7%a8%d7%97%d7%a5/embed/
,,,,,,,,,,,,,,,,,,,,,,embed.jpg,2,https://www.huliot.co.il/product/%d7%9e%d7%97%d7%a1%d7%95%d7%9d-%d7%a1%d7%99%d7%a4%d7%95%d7%9f-%c2%bc1-%d7%9c%d7%9e%d7%9b%d7%95%d7%a0%d7%aa-%d7%9b%d7%91%d7%99%d7%a1%d7%94/embed/
,,,,,,,,,,,,,,,,,,,,,,embed.jpg,2,https://www.huliot.co.il/product/%d7%9e%d7%97%d7%a1%d7%95%d7%9d-%d7%a1%d7%99%d7%a4%d7%95%d7%9f-%c2%bc1-%d7%a2%d7%9d-%d7%9b%d7%a0%d7%99%d7%a1%d7%94-%d7%9c%d7%9e%d7%96%d7%92%d7%9f/embed/
,,,,,,,,,,,,,,,,,,,,,,embed.jpg,2,https://www.huliot.co.il/product/%d7%9e%d7%97%d7%a1%d7%95%d7%9d-%d7%a1%d7%99%d7%a4%d7%95%d7%9f-2-%d7%9b%d7%a4%d7%95%d7%9c-%d7%9c%d7%9b%d7%99%d7%95%d7%a8-%d7%90%d7%9e%d7%a8%d7%99%d7%a7%d7%90%d7%99-%d7%a2%d7%9d-%d7%9b%d7%a0/embed/
,,,,,,,,,,,,,,,,,,,,,,embed.jpg,2,https://www.huliot.co.il/product/%d7%9e%d7%97%d7%a1%d7%95%d7%9d-%d7%a1%d7%99%d7%a4%d7%95%d7%9f-2-%d7%9b%d7%a4%d7%95%d7%9c-%d7%9c%d7%9b%d7%99%d7%95%d7%a8-%d7%90%d7%9e%d7%a8%d7%99%d7%a7%d7%90%d7%99/embed/
,,,,,,,,,,,,,,,,,,,,,,embed.jpg,2,https://www.huliot.co.il/product/%d7%9e%d7%97%d7%a1%d7%95%d7%9d-%d7%a1%d7%99%d7%a4%d7%95%d7%9f-2-%d7%9b%d7%a4%d7%95%d7%9c-%d7%9c%d7%9b%d7%99%d7%95%d7%a8-%d7%9e%d7%98%d7%91%d7%97-%d7%a2%d7%9d-%d7%9e%d7%91%d7%95%d7%90/embed/
,,,,,,,,,,,,,,,,,,,,,,embed.jpg,2,https://www.huliot.co.il/product/%d7%9e%d7%97%d7%a1%d7%95%d7%9d-%d7%a1%d7%99%d7%a4%d7%95%d7%9f-2-%d7%9b%d7%a4%d7%95%d7%9c-%d7%9c%d7%9b%d7%99%d7%95%d7%a8-%d7%9e%d7%98%d7%91%d7%97-%d7%a2%d7%9d-2-%d7%9e%d7%91%d7%95%d7%90/embed/
,,,,,,,,,,,,,,,,,,,,,,embed.jpg,2,https://www.huliot.co.il/product/%d7%9e%d7%97%d7%a1%d7%95%d7%9d-%d7%a1%d7%99%d7%a4%d7%95%d7%9f-2-%d7%9c%d7%9b%d7%99%d7%95%d7%a8-%d7%90%d7%9e%d7%a8%d7%99%d7%a7%d7%90%d7%99-%d7%a2%d7%9d-%d7%99%d7%a6%d7%99%d7%90%d7%94-%d7%9c/embed/
,,,,,,,,,,,,,,,,,,,,,,embed_1.jpg,2,https://www.huliot.co.il/product/%d7%9e%d7%97%d7%a1%d7%95%d7%9d-%d7%a1%d7%99%d7%a4%d7%95%d7%9f-2-%d7%9c%d7%9b%d7%99%d7%95%d7%a8-%d7%90%d7%9e%d7%a8%d7%99%d7%a7%d7%90%d7%99/embed/
,,,,,,,,,,,,,,,,,,,,,,embed.jpg,2,https://www.huliot.co.il/product/%d7%9e%d7%97%d7%a1%d7%95%d7%9d-%d7%a1%d7%99%d7%a4%d7%95%d7%9f-2-%d7%9c%d7%9b%d7%99%d7%95%d7%a8-%d7%9e%d7%98%d7%91%d7%97-%d7%a2%d7%9d-%d7%9b%d7%a0%d7%99%d7%a1%d7%94-%d7%9c%d7%9e%d7%93%d7%99/embed/
,,,,,,,,,,,,,,,,,,,,,,embed.jpg,2,https://www.huliot.co.il/product/%d7%9e%d7%97%d7%a1%d7%95%d7%9d-%d7%a1%d7%99%d7%a4%d7%95%d7%9f-2-%d7%9c%d7%9b%d7%99%d7%95%d7%a8-%d7%9e%d7%98%d7%91%d7%97/embed/
,,,,,,,,,,,,,,,,,,,,,,embed.jpg,2,https://www.huliot.co.il/product/%d7%9e%d7%97%d7%a1%d7%95%d7%9d-%d7%a7%d7%95%d7%9e%d7%a7%d7%95%d7%9d-175-40-50-%d7%a4%d7%aa%d7%95%d7%97-smartlock/embed/
,,,,,,,,,,,,,,,,,,,,,,embed.jpg,2,https://www.huliot.co.il/product/%d7%9e%d7%97%d7%a1%d7%95%d7%9d-%d7%a7%d7%95%d7%9e%d7%a7%d7%95%d7%9d-175-50-%d7%a1%d7%92%d7%95%d7%a8-smartlock/embed/
,,,,,,,,,,,,,,,,,,,,,,embed.jpg,2,https://www.huliot.co.il/product/%d7%9e%d7%97%d7%a1%d7%95%d7%9d-140-40-50-%d7%a4%d7%aa%d7%95%d7%97-smartlock/embed/
,,,,,,,,,,,,,,,,,,,,,,embed.jpg,2,https://www.huliot.co.il/product/%d7%9e%d7%97%d7%a1%d7%95%d7%9d-140-50-%d7%a1%d7%92%d7%95%d7%a8-smartlock/embed/
,,,,,,,,,,,,,,,,,,,,,,embed.jpg,2,https://www.huliot.co.il/product/%d7%9e%d7%97%d7%a1%d7%95%d7%9d-245-40-50-%d7%a4%d7%aa%d7%95%d7%97-smartlock/embed/
,,,,,,,,,,,,,,,,,,,,,,embed.jpg,2,https://www.huliot.co.il/product/%d7%9e%d7%97%d7%a1%d7%95%d7%9d-245-50-%d7%a1%d7%92%d7%95%d7%a8-smartlock/embed/
,,,,,,,,,,,,,,,,,,,,,,embed.jpg,2,https://www.huliot.co.il/product/%d7%9e%d7%97%d7%a1%d7%95%d7%9d-80-50-%d7%a1%d7%92%d7%95%d7%a8-smartlock/embed/
,,,,,,,,,,,,,,,,,,,,,,embed.jpg,2,https://www.huliot.co.il/product/%d7%9e%d7%97%d7%a1%d7%95%d7%9d-h-%d7%9c%d7%9e%d7%9b%d7%95%d7%a0%d7%aa-%d7%9b%d7%91%d7%99%d7%a1%d7%94/embed/
,,,,,,,,,,,,,,,,,,,,,,embed.jpg,2,https://www.huliot.co.il/product/%d7%9e%d7%9b%d7%95%d7%a0%d7%aa-%d7%a4%d7%99%d7%92%d7%95%d7%a8%d7%95%d7%aa-%d7%a7%d7%9c%d7%94-%d7%9c%d7%a7%d7%98%d7%a8%d7%99%d7%9d-63-125-%d7%9e%d7%9e/embed/
,,,,,,,,,,,,,,,,,,,,,,embed_1.jpg,2,https://www.huliot.co.il/product/%d7%9e%d7%9b%d7%95%d7%a0%d7%aa-%d7%a4%d7%99%d7%92%d7%95%d7%a8%d7%95%d7%aa-%d7%a9%d7%95%d7%9c%d7%97%d7%a0%d7%99-50-125-%d7%9e%d7%9e/embed/
,,,,,,,,,,,,,,,,,,,,,,embed.jpg,2,https://www.huliot.co.il/product/%d7%9e%d7%9b%d7%9c%d7%95%d7%9c-%d7%9c%d7%a1%d7%99%d7%a4%d7%95%d7%9f-%c2%bc1-%d7%9c%d7%9c%d7%90-%d7%9e%d7%a9%d7%a4%d7%9a/embed/
,,,,,,,,,,,,,,,,,,,,,,embed.jpg,2,https://www.huliot.co.il/product/%d7%9e%d7%9b%d7%9c%d7%95%d7%9c-%d7%9c%d7%a1%d7%99%d7%a4%d7%95%d7%9f-2-%d7%9c%d7%9c%d7%90-%d7%9e%d7%a9%d7%a4%d7%9a/embed/
,,,,,,,,,,,,,,,,,,,,,,embed.jpg,2,https://www.huliot.co.il/product/%d7%9e%d7%9b%d7%a1%d7%94-%d7%a2%d7%92%d7%95%d7%9c-%d7%96%d7%9e%d7%a0%d7%99-2/embed/
,,,,,,,,,,,,,,,,,,,,,,embed_1.jpg,2,https://www.huliot.co.il/product/%d7%9e%d7%a1%d7%a2%d7%a3-%d7%90%d7%95%d7%9c%d7%98%d7%a8%d7%94-%d7%a1%d7%99%d7%99%d7%9c%d7%a0%d7%98-%d7%a4%d7%9c%d7%95%d7%a1-45-%d7%91%d7%a7%d7%95%d7%98%d7%a8-110110/embed/
,,,,,,,,,,,,,,,,,,,,,,embed_1.jpg,2,https://www.huliot.co.il/product/%d7%9e%d7%a1%d7%a2%d7%a3-%d7%90%d7%95%d7%9c%d7%98%d7%a8%d7%94-%d7%a1%d7%99%d7%99%d7%9c%d7%a0%d7%98-%d7%a4%d7%9c%d7%95%d7%a1-45-%d7%91%d7%a7%d7%95%d7%98%d7%a8-11050/embed/
,,,,,,,,,,,,,,,,,,,,,,embed_1.jpg,2,https://www.huliot.co.il/product/%d7%9e%d7%a1%d7%a2%d7%a3-%d7%90%d7%95%d7%9c%d7%98%d7%a8%d7%94-%d7%a1%d7%99%d7%99%d7%9c%d7%a0%d7%98-%d7%a4%d7%9c%d7%95%d7%a1-45-%d7%91%d7%a7%d7%95%d7%98%d7%a8-125110/embed/
,,,,,,,,,,,,,,,,,,,,,,embed_1.jpg,2,https://www.huliot.co.il/product/%d7%9e%d7%a1%d7%a2%d7%a3-%d7%9b%d7%a4%d7%95%d7%9c%d7%99%d7%9d-%d7%9c%d7%a9%d7%a4%d7%9b%d7%99%d7%9d-%d7%97%d7%9e%d7%99%d7%9d-%d7%a2%d7%9d-%d7%91%d7%99%d7%a7%d7%95%d7%a8%d7%aa-11011011045/embed/
,,,,,,,,,,,,,,,,,,,,,,embed.jpg,2,https://www.huliot.co.il/product/%d7%9e%d7%a1%d7%a2%d7%a3-%d7%9c%d7%91%d7%99%d7%95%d7%91-11011045-%d7%a2%d7%9d-%d7%91%d7%99%d7%a7%d7%95%d7%a8%d7%aa-%d7%92%d7%91/embed/
,,,,,,,,,,,,,,,,,,,,,,embed_1.jpg,2,https://www.huliot.co.il/product/%d7%9e%d7%a1%d7%a2%d7%a3-%d7%9c%d7%a8%d7%99%d7%aa%d7%95%d7%9a-%d7%94%d7%91%d7%a8%d7%92%d7%94-%d7%aa%d7%91%d7%a8%d7%99%d7%92-%d7%97%d7%99%d7%a6%d7%95%d7%a0%d7%99-20%c2%bd20/embed/
,,,,,,,,,,,,,,,,,,,,,,embed.jpg,2,https://www.huliot.co.il/product/%d7%9e%d7%a1%d7%a2%d7%a3-%d7%9e%d7%a6%d7%a8%d7%94-3-%d7%9b%d7%a0%d7%99%d7%a1%d7%95%d7%aa-50-211035010087/embed/
,,,,,,,,,,,,,,,,,,,,,,embed.jpg,2,https://www.huliot.co.il/product/%d7%9e%d7%a1%d7%a2%d7%a3-%d7%9e%d7%a6%d7%a8%d7%94-smartlock-50-40-50-90/embed/
,,,,,,,,,,,,,,,,,,,,,,embed_1.jpg,2,https://www.huliot.co.il/product/%d7%9e%d7%a1%d7%a2%d7%a3-%d7%a1%d7%95%d7%97%d7%a3-%d7%90%d7%95%d7%9c%d7%98%d7%a8%d7%94-%d7%a1%d7%99%d7%99%d7%9c%d7%a0%d7%98-%d7%a4%d7%9c%d7%95%d7%a1-%d7%91%d7%a7%d7%95%d7%98%d7%a8-110110/embed/
,,,,,,,,,,,,,,,,,,,,,,embed_1.jpg,2,https://www.huliot.co.il/product/%d7%9e%d7%a1%d7%a2%d7%a3-%d7%a1%d7%95%d7%97%d7%a3-%d7%90%d7%95%d7%9c%d7%98%d7%a8%d7%94-%d7%a1%d7%99%d7%99%d7%9c%d7%a0%d7%98-%d7%a4%d7%9c%d7%95%d7%a1-%d7%91%d7%a7%d7%95%d7%98%d7%a8-125110/embed/
,,,,,,,,,,,,,,,,,,,,,,embed_1.jpg,2,https://www.huliot.co.il/product/%d7%9e%d7%a1%d7%a2%d7%a3-%d7%a1%d7%95%d7%97%d7%a3-%d7%90%d7%95%d7%9c%d7%98%d7%a8%d7%94-%d7%a1%d7%99%d7%99%d7%9c%d7%a0%d7%98-%d7%a4%d7%9c%d7%95%d7%a1-%d7%91%d7%a7%d7%95%d7%98%d7%a8-160110/embed/
,,,,,,,,,,,,,,,,,,,,,,embed.jpg,2,https://www.huliot.co.il/product/%d7%9e%d7%a1%d7%a2%d7%a3-%d7%a1%d7%95%d7%97%d7%a3-%d7%90%d7%95%d7%9c%d7%98%d7%a8%d7%94-%d7%a1%d7%99%d7%99%d7%9c%d7%a0%d7%98-87-5-%d7%91%d7%a7%d7%95%d7%98%d7%a8-110-110-%d7%a2%d7%9d-%d7%91%d7%99/embed/
,,,,,,,,,,,,,,,,,,,,,,embed.jpg,2,https://www.huliot.co.il/product/%d7%9e%d7%a1%d7%a2%d7%a3-%d7%a4%d7%99%d7%a0%d7%94-%d7%9c%d7%a9%d7%a4%d7%9b%d7%99%d7%9d-%d7%97%d7%9e%d7%99%d7%9d-110505045/embed/
8041616169,"מסעף 16 מ""מ מלא",מסעף,,,,,,,,,16,16,,,,,,,,,מלא,8041616169.jpg,6,https://www.huliot.co.il/product/%d7%9e%d7%a1%d7%a2%d7%a3-16-%d7%9e%d7%9e-%d7%9e%d7%9c%d7%90/
,,,,,,,,,,,,,,,,,,,,,,embed_1.jpg,2,https://www.huliot.co.il/product/%d7%9e%d7%a1%d7%a2%d7%a3-16-%d7%9e%d7%9e-%d7%9e%d7%9c%d7%90/embed/
,,,,,,,,,,,,,,,,,,,,,,embed.jpg,2,https://www.huliot.co.il/product/%d7%9e%d7%a1%d7%a2%d7%a3-160-%d7%9e%d7%9e-11-sdr/embed/
,,,,,,,,,,,,,,,,,,,,,,embed.jpg,2,https://www.huliot.co.il/product/%d7%9e%d7%a1%d7%a2%d7%a3-200-%d7%9e%d7%9e-17-6-sdr/embed/
,,,,,,,,,,,,,,,,,,,,,,embed.jpg,2,https://www.huliot.co.il/product/%d7%9e%d7%a1%d7%a2%d7%a3-32-32-32-45/embed/
,,,,,,,,,,,,,,,,,,,,,,embed.jpg,2,https://www.huliot.co.il/product/%d7%9e%d7%a2%d7%91%d7%99%d7%a8-%d7%9e%d7%90%d7%a1%d7%91%d7%a1%d7%98-%d7%9c%d7%a4%d7%9c%d7%a1%d7%98%d7%99%d7%a7-%d7%96%d7%9b%d7%a8-160/embed/
,,,,,,,,,,,,,,,,,,,,,,embed.jpg,2,https://www.huliot.co.il/product/%d7%9e%d7%a2%d7%91%d7%99%d7%a8-%d7%9e%d7%a4%d7%9c%d7%a1%d7%98%d7%99%d7%a7-%d7%9c%d7%90%d7%a1%d7%91%d7%a1%d7%98-160/embed/
,,,,,,,,,,,,,,,,,,,,,,embed.jpg,2,https://www.huliot.co.il/product/%d7%9e%d7%a2%d7%91%d7%a8-%d7%9e%d7%a4%d7%9c%d7%a1%d7%98%d7%99%d7%a7-%d7%9c%d7%90%d7%a1%d7%91%d7%a1%d7%98-%d7%99%d7%a9%d7%9f/embed/
,,,,,,,,,,,,,,,,,,,,,,embed.jpg,2,https://www.huliot.co.il/product/%d7%9e%d7%a2%d7%a8%d7%9b%d7%aa-%d7%a0%d7%99%d7%a7%d7%95%d7%96-%d7%9c%d7%90%d7%9e%d7%91%d7%98-2002-2/embed/
,,,,,,,,,,,,,,,,,,,,,,embed.jpg,2,https://www.huliot.co.il/product/%d7%9e%d7%a6%d7%97%d7%99%d7%94-%d7%a7%d7%95%d7%9e%d7%a4%d7%9c%d7%98-%d7%9c%d7%90%d7%91%d7%99%d7%a7-%d7%9c%d7%90%d7%9e%d7%91%d7%98/embed/
,,,,,,,,,,,,,,,,,,,,,,embed.jpg,2,https://www.huliot.co.il/product/%d7%9e%d7%a6%d7%9e%d7%93-%d7%90%d7%95%d7%9c%d7%98%d7%a8%d7%94-%d7%a1%d7%99%d7%99%d7%9c%d7%a0%d7%98-%d7%a4%d7%9c%d7%95%d7%a1-%d7%90%d7%a8%d7%95%d7%9a-110/embed/
,,,,,,,,,,,,,,,,,,,,,,embed.jpg,2,https://www.huliot.co.il/product/%d7%9e%d7%a6%d7%9e%d7%93-%d7%97%d7%93-%d7%9b%d7%99%d7%95%d7%95%d7%a0%d7%99/embed/
,,,,,,,,,,,,,,,,,,,,,,embed.jpg,2,https://www.huliot.co.il/product/%d7%9e%d7%a6%d7%9e%d7%93-%d7%9b%d7%a4%d7%95%d7%9c-%d7%9c%d7%a6%d7%99%d7%a0%d7%95%d7%a8-%d7%99%d7%a6%d7%a7%d7%aa-%d7%91%d7%a7%d7%95%d7%98%d7%a8-110/embed/
8051616009,"מצמד כפול 16 מ""מ",מצמד,כפול,,,,,,,,16,16,,,,,,,,,,8051616009.jpg,6,https://www.huliot.co.il/product/%d7%9e%d7%a6%d7%9e%d7%93-%d7%9b%d7%a4%d7%95%d7%9c-16-%d7%9e%d7%9e/
,,,,,,,,,,,,,,,,,,,,,,embed_1.jpg,2,https://www.huliot.co.il/product/%d7%9e%d7%a6%d7%9e%d7%93-%d7%9b%d7%a4%d7%95%d7%9c-16-%d7%9e%d7%9e/embed/
,,,,,,,,,,,,,,,,,,,,,,embed.jpg,2,https://www.huliot.co.il/product/%d7%9e%d7%a6%d7%a8%d7%94-250-200/embed/
,,,,,,,,,,,,,,,,,,,,,,embed.jpg,2,https://www.huliot.co.il/product/%d7%9e%d7%a6%d7%a8%d7%94-60-50-%d7%a6%d7%93-%d7%90%d7%97%d7%93-%d7%97%d7%9c%d7%a7-%d7%97%d7%99%d7%91%d7%95%d7%a8-%d7%91%d7%a8%d7%96%d7%9c-%d7%95%d7%a4%d7%9c%d7%a1%d7%98%d7%99%d7%a7/embed/
61233161,"משפך קומפלט ""¼1",משפך,,,,,,,,,,,,,,"¼1""",,,,,קומפלט,61233161.jpg,6,https://www.huliot.co.il/product/%d7%9e%d7%a9%d7%a4%d7%9a-%d7%a7%d7%95%d7%9e%d7%a4%d7%9c%d7%98-%c2%bc1-2/
,,,,,,,,,,,,,,,,,,,,,,embed_1.jpg,2,https://www.huliot.co.il/product/%d7%9e%d7%a9%d7%a4%d7%9a-%d7%a7%d7%95%d7%9e%d7%a4%d7%9c%d7%98-%c2%bc1-2/embed/
61450365,"משפך קומפלט ""2",משפך,,,,,,,,,,,,,,"2""",,,,,קומפלט,61450365.jpg,5,https://www.huliot.co.il/product/%d7%9e%d7%a9%d7%a4%d7%9a-%d7%a7%d7%95%d7%9e%d7%a4%d7%9c%d7%98-2-2/
,,,,,,,,,,,,,,,,,,,,,,embed_1.jpg,2,https://www.huliot.co.il/product/%d7%9e%d7%a9%d7%a4%d7%9a-%d7%a7%d7%95%d7%9e%d7%a4%d7%9c%d7%98-2-2/embed/
,,,,,,,,,,,,,,,,,,,,,,embed_1.jpg,2,https://www.huliot.co.il/product/%d7%9e%d7%aa%d7%90%d7%9d-%d7%96%d7%95%d7%99%d7%aa-%d7%92%d7%95%d7%a7%d7%a8-40-smartlock/embed/
,,,,,,,,,,,,,,,,,,,,,,embed_1.jpg,2,https://www.huliot.co.il/product/%d7%9e%d7%aa%d7%90%d7%9d-%d7%96%d7%95%d7%99%d7%aa-%d7%92%d7%95%d7%a7%d7%a8-50-smartlock/embed/
,,,,,,,,,,,,,,,,,,,,,,embed.jpg,2,https://www.huliot.co.il/product/%d7%9e%d7%aa%d7%90%d7%9d-%d7%96%d7%95%d7%99%d7%aa-%d7%92%d7%95%d7%a7%d7%a8-63-smartlock/embed/
,,,,,,,,,,,,,,,,,,,,,,embed.jpg,2,https://www.huliot.co.il/product/%d7%9e%d7%aa%d7%90%d7%9d-%d7%96%d7%97%d7%99%d7%97-%c2%bd1-%d7%9c%d7%9b%d7%99%d7%95%d7%a8-%d7%90%d7%9e%d7%a8%d7%99%d7%a7%d7%90%d7%99-%d7%a2%d7%9d-%d7%9b%d7%a0%d7%99%d7%a1%d7%94-%d7%9c%d7%9e-2/embed/
,,,,,,,,,,,,,,,,,,,,,,embed.png,2,https://www.huliot.co.il/product/%d7%a0%d7%99%d7%a7%d7%95%d7%96-%d7%9b%d7%99%d7%95%d7%a8-%c2%bc1-%d7%9c%d7%9c%d7%90-%d7%a1%d7%99%d7%a4%d7%95%d7%9f/embed/
,,,,,,,,,,,,,,,,,,,,,,embed.jpg,2,https://www.huliot.co.il/product/%d7%a1%d7%98-%d7%a4%d7%a7%d7%a7%d7%99%d7%9d-%d7%9c%d7%91%d7%a8%d7%96-%d7%95%d7%a9%d7%91%d7%9c%d7%95%d7%a0%d7%94-20-%d7%a4%d7%a7%d7%a7/embed/
,,,,,,,,,,,,,,,,,,,,,,embed.jpg,2,https://www.huliot.co.il/product/%d7%a1%d7%99%d7%a4%d7%95%d7%9f-%d7%94%d7%95%d7%a8%d7%a7%d7%94-%c2%bd1-%d7%a7%d7%95%d7%9e%d7%a4%d7%9c%d7%a7%d7%98-j/embed/
,,,,,,,,,,,,,,,,,,,,,,embed.jpg,2,https://www.huliot.co.il/product/%d7%a1%d7%99%d7%a4%d7%95%d7%9f-%d7%9c%d7%9b%d7%99%d7%95%d7%a8-%d7%a8%d7%97%d7%a6%d7%94-%c2%bc1-%d7%a6%d7%99%d7%a0%d7%95%d7%a8-%d7%9e%d7%93%d7%99%d7%93%d7%94/embed/
,,,,,,,,,,,,,,,,,,,,,,embed.jpg,2,https://www.huliot.co.il/product/%d7%a1%d7%99%d7%a4%d7%95%d7%9f-110-p/embed/
,,,,,,,,,,,,,,,,,,,,,,embed.jpg,2,https://www.huliot.co.il/product/%d7%a1%d7%99%d7%a4%d7%95%d7%9f-110-s/embed/
,,,,,,,,,,,,,,,,,,,,,,embed.jpg,2,https://www.huliot.co.il/product/%d7%a1%d7%99%d7%a4%d7%95%d7%9f-p-%d7%9c%d7%91%d7%99%d7%95%d7%91-110/embed/
,,,,,,,,,,,,,,,,,,,,,,embed.jpg,2,https://www.huliot.co.il/product/%d7%a1%d7%99%d7%a4%d7%95%d7%9f-s-%d7%9c%d7%91%d7%99%d7%95%d7%91-110/embed/
,,,,,,,,,,,,,,,,,,,,,,embed.jpg,2,https://www.huliot.co.il/product/%d7%a4%d7%a7%d7%a7-%d7%9c%d7%91%d7%a8%d7%96-%d7%a9%d7%97%d7%95%d7%a8-2/embed/
,,,,,,,,,,,,,,,,,,,,,,embed.jpg,2,https://www.huliot.co.il/product/%d7%a4%d7%a7%d7%a7-%d7%9c%d7%a8%d7%99%d7%aa%d7%95%d7%9a-%d7%9c%d7%aa%d7%99%d7%a7%d7%95%d7%9f-%d7%97%d7%95%d7%a8%d7%99%d7%9d-711/embed/
,,,,,,,,,,,,,,,,,,,,,,embed.jpg,2,https://www.huliot.co.il/product/%d7%a4%d7%a7%d7%a7-%d7%a1%d7%95%d7%a4%d7%99-250/embed/
,,,,,,,,,,,,,,,,,,,,,,embed.jpg,2,https://www.huliot.co.il/product/%d7%a4%d7%a7%d7%a7-%d7%a9%d7%a8%d7%a9%d7%a8%d7%aa-%d7%a9%d7%a8%d7%a9%d7%a8%d7%aa10/embed/
,,,,,,,,,,,,,,,,,,,,,,embed.jpg,2,https://www.huliot.co.il/product/%d7%a6%d7%99%d7%a0%d7%95%d7%a8%d7%95%d7%aa-%d7%9c%d7%9b%d7%91%d7%9c%d7%99-%d7%98%d7%9c%d7%a4%d7%95%d7%9f-sn-8-%d7%91%d7%a7%d7%95%d7%98%d7%a8-110-l6000/embed/
,,,,,,,,,,,,,,,,,,,,,,embed.png,2,https://www.huliot.co.il/product/%d7%a6%d7%99%d7%a0%d7%95%d7%a8-%d7%90%d7%95%d7%9c%d7%98%d7%a8%d7%94-%d7%91%d7%98%d7%95%d7%9f-%d7%91%d7%a7%d7%95%d7%98%d7%a8-110-l500/embed/
,,,,,,,,,,,,,,,,,,,,,,embed.jpg,2,https://www.huliot.co.il/product/%d7%a6%d7%99%d7%a0%d7%95%d7%a8-%d7%90%d7%95%d7%9c%d7%98%d7%a8%d7%94-%d7%91%d7%98%d7%95%d7%9f-%d7%93%d7%95-%d7%a8%d7%90%d7%a9%d7%99-%d7%91%d7%a7%d7%95%d7%98%d7%a8-110-l4000/embed/
,,,,,,,,,,,,,,,,,,,,,,embed.jpg,2,https://www.huliot.co.il/product/%d7%a6%d7%99%d7%a0%d7%95%d7%a8-%d7%90%d7%95%d7%9c%d7%98%d7%a8%d7%94-%d7%91%d7%98%d7%95%d7%9f-%d7%93%d7%95-%d7%a8%d7%90%d7%a9%d7%99-%d7%91%d7%a7%d7%95%d7%98%d7%a8-160-l4000/embed/
,,,,,,,,,,,,,,,,,,,,,,embed.png,2,https://www.huliot.co.il/product/%d7%a6%d7%99%d7%a0%d7%95%d7%a8-%d7%90%d7%95%d7%9c%d7%98%d7%a8%d7%94-%d7%91%d7%98%d7%95%d7%9f-%d7%93%d7%95-%d7%a8%d7%90%d7%a9%d7%99-%d7%91%d7%a7%d7%95%d7%98%d7%a8-75-l3000/embed/
,,,,,,,,,,,,,,,,,,,,,,embed.png,2,https://www.huliot.co.il/product/%d7%a6%d7%99%d7%a0%d7%95%d7%a8-%d7%90%d7%95%d7%9c%d7%98%d7%a8%d7%94-%d7%a1%d7%99%d7%99%d7%9c%d7%a0%d7%98-%d7%93%d7%95-%d7%a8%d7%90%d7%a9%d7%99-o110-l-3000/embed/
,,,,,,,,,,,,,,,,,,,,,,embed.jpg,2,https://www.huliot.co.il/product/%d7%a6%d7%99%d7%a0%d7%95%d7%a8-%d7%90%d7%95%d7%9c%d7%98%d7%a8%d7%94-%d7%a1%d7%99%d7%99%d7%9c%d7%a0%d7%98-%d7%93%d7%95-%d7%a8%d7%90%d7%a9%d7%99-o110-l-4000/embed/
,,,,,,,,,,,,,,,,,,,,,,embed.png,2,https://www.huliot.co.il/product/%d7%a6%d7%99%d7%a0%d7%95%d7%a8-%d7%90%d7%95%d7%9c%d7%98%d7%a8%d7%94-%d7%a1%d7%99%d7%99%d7%9c%d7%a0%d7%98-%d7%93%d7%95-%d7%a8%d7%90%d7%a9%d7%99-o125-l-3000/embed/
,,,,,,,,,,,,,,,,,,,,,,embed.png,2,https://www.huliot.co.il/product/%d7%a6%d7%99%d7%a0%d7%95%d7%a8-%d7%90%d7%95%d7%9c%d7%98%d7%a8%d7%94-%d7%a1%d7%99%d7%99%d7%9c%d7%a0%d7%98-%d7%93%d7%95-%d7%a8%d7%90%d7%a9%d7%99-o160-l-3000/embed/
,,,,,,,,,,,,,,,,,,,,,,embed.png,2,https://www.huliot.co.il/product/%d7%a6%d7%99%d7%a0%d7%95%d7%a8-%d7%90%d7%95%d7%9c%d7%98%d7%a8%d7%94-%d7%a1%d7%99%d7%99%d7%9c%d7%a0%d7%98-%d7%93%d7%95-%d7%a8%d7%90%d7%a9%d7%99-o160-l-4000/embed/
,,,,,,,,,,,,,,,,,,,,,,embed.png,2,https://www.huliot.co.il/product/%d7%a6%d7%99%d7%a0%d7%95%d7%a8-%d7%90%d7%95%d7%9c%d7%98%d7%a8%d7%94-%d7%a1%d7%99%d7%99%d7%9c%d7%a0%d7%98-%d7%a4%d7%9c%d7%95%d7%a1-%d7%91%d7%a7%d7%95%d7%98%d7%a8-110-l1000/embed/
,,,,,,,,,,,,,,,,,,,,,,embed.png,2,https://www.huliot.co.il/product/%d7%a6%d7%99%d7%a0%d7%95%d7%a8-%d7%90%d7%95%d7%9c%d7%98%d7%a8%d7%94-%d7%a1%d7%99%d7%99%d7%9c%d7%a0%d7%98-%d7%a4%d7%9c%d7%95%d7%a1-%d7%91%d7%a7%d7%95%d7%98%d7%a8-110-l3000/embed/
,,,,,,,,,,,,,,,,,,,,,,embed.png,2,https://www.huliot.co.il/product/%d7%a6%d7%99%d7%a0%d7%95%d7%a8-%d7%90%d7%95%d7%9c%d7%98%d7%a8%d7%94-%d7%a1%d7%99%d7%99%d7%9c%d7%a0%d7%98-%d7%a4%d7%9c%d7%95%d7%a1-%d7%91%d7%a7%d7%95%d7%98%d7%a8-110-l500/embed/
,,,,,,,,,,,,,,,,,,,,,,embed.png,2,https://www.huliot.co.il/product/%d7%a6%d7%99%d7%a0%d7%95%d7%a8-%d7%90%d7%95%d7%9c%d7%98%d7%a8%d7%94-%d7%a1%d7%99%d7%99%d7%9c%d7%a0%d7%98-%d7%a4%d7%9c%d7%95%d7%a1-%d7%91%d7%a7%d7%95%d7%98%d7%a8-125-l1000/embed/
,,,,,,,,,,,,,,,,,,,,,,embed.png,2,https://www.huliot.co.il/product/%d7%a6%d7%99%d7%a0%d7%95%d7%a8-%d7%90%d7%95%d7%9c%d7%98%d7%a8%d7%94-%d7%a1%d7%99%d7%99%d7%9c%d7%a0%d7%98-%d7%a4%d7%9c%d7%95%d7%a1-%d7%91%d7%a7%d7%95%d7%98%d7%a8-125-l3000/embed/
,,,,,,,,,,,,,,,,,,,,,,embed.png,2,https://www.huliot.co.il/product/%d7%a6%d7%99%d7%a0%d7%95%d7%a8-%d7%90%d7%95%d7%9c%d7%98%d7%a8%d7%94-%d7%a1%d7%99%d7%99%d7%9c%d7%a0%d7%98-%d7%a4%d7%9c%d7%95%d7%a1-%d7%91%d7%a7%d7%95%d7%98%d7%a8-125-l500/embed/
,,,,,,,,,,,,,,,,,,,,,,embed.png,2,https://www.huliot.co.il/product/%d7%a6%d7%99%d7%a0%d7%95%d7%a8-%d7%90%d7%95%d7%9c%d7%98%d7%a8%d7%94-%d7%a1%d7%99%d7%99%d7%9c%d7%a0%d7%98-%d7%a4%d7%9c%d7%95%d7%a1-%d7%91%d7%a7%d7%95%d7%98%d7%a8-160-l1000/embed/
,,,,,,,,,,,,,,,,,,,,,,embed.png,2,https://www.huliot.co.il/product/%d7%a6%d7%99%d7%a0%d7%95%d7%a8-%d7%90%d7%95%d7%9c%d7%98%d7%a8%d7%94-%d7%a1%d7%99%d7%99%d7%9c%d7%a0%d7%98-%d7%a4%d7%9c%d7%95%d7%a1-%d7%91%d7%a7%d7%95%d7%98%d7%a8-160-l3000/embed/
,,,,,,,,,,,,,,,,,,,,,,embed.jpg,2,https://www.huliot.co.il/product/%d7%a6%d7%99%d7%a0%d7%95%d7%a8-%d7%90%d7%95%d7%9c%d7%98%d7%a8%d7%94-%d7%a1%d7%99%d7%99%d7%9c%d7%a0%d7%98-%d7%a4%d7%9c%d7%95%d7%a1-%d7%91%d7%a7%d7%95%d7%98%d7%a8-160-l500/embed/
,,,,,,,,,,,,,,,,,,,,,,embed.jpg,2,https://www.huliot.co.il/product/%d7%a6%d7%99%d7%a0%d7%95%d7%a8-%d7%90%d7%95%d7%9c%d7%98%d7%a8%d7%94-%d7%a1%d7%99%d7%99%d7%9c%d7%a0%d7%98-o110-l-1000/embed/
,,,,,,,,,,,,,,,,,,,,,,embed.png,2,https://www.huliot.co.il/product/%d7%a6%d7%99%d7%a0%d7%95%d7%a8-%d7%90%d7%95%d7%9c%d7%98%d7%a8%d7%94-%d7%a1%d7%99%d7%99%d7%9c%d7%a0%d7%98-o110-l-250/embed/
,,,,,,,,,,,,,,,,,,,,,,embed.png,2,https://www.huliot.co.il/product/%d7%a6%d7%99%d7%a0%d7%95%d7%a8-%d7%90%d7%95%d7%9c%d7%98%d7%a8%d7%94-%d7%a1%d7%99%d7%99%d7%9c%d7%a0%d7%98-o110-l-3000/embed/
,,,,,,,,,,,,,,,,,,,,,,embed.png,2,https://www.huliot.co.il/product/%d7%a6%d7%99%d7%a0%d7%95%d7%a8-%d7%90%d7%95%d7%9c%d7%98%d7%a8%d7%94-%d7%a1%d7%99%d7%99%d7%9c%d7%a0%d7%98-o110-l-500/embed/
,,,,,,,,,,,,,,,,,,,,,,embed.png,2,https://www.huliot.co.il/product/%d7%a6%d7%99%d7%a0%d7%95%d7%a8-%d7%90%d7%95%d7%9c%d7%98%d7%a8%d7%94-%d7%a1%d7%99%d7%99%d7%9c%d7%a0%d7%98-o125-l-1000/embed/
,,,,,,,,,,,,,,,,,,,,,,embed.jpg,2,https://www.huliot.co.il/product/%d7%a6%d7%99%d7%a0%d7%95%d7%a8-%d7%90%d7%95%d7%9c%d7%98%d7%a8%d7%94-%d7%a1%d7%99%d7%99%d7%9c%d7%a0%d7%98-o125-l-3000/embed/
,,,,,,,,,,,,,,,,,,,,,,embed.jpg,2,https://www.huliot.co.il/product/%d7%a6%d7%99%d7%a0%d7%95%d7%a8-%d7%90%d7%95%d7%9c%d7%98%d7%a8%d7%94-%d7%a1%d7%99%d7%99%d7%9c%d7%a0%d7%98-o125-l-500/embed/
,,,,,,,,,,,,,,,,,,,,,,embed.png,2,https://www.huliot.co.il/product/%d7%a6%d7%99%d7%a0%d7%95%d7%a8-%d7%90%d7%95%d7%9c%d7%98%d7%a8%d7%94-%d7%a1%d7%99%d7%99%d7%9c%d7%a0%d7%98-o160-l-1000/embed/
,,,,,,,,,,,,,,,,,,,,,,embed.png,2,https://www.huliot.co.il/product/%d7%a6%d7%99%d7%a0%d7%95%d7%a8-%d7%90%d7%95%d7%9c%d7%98%d7%a8%d7%94-%d7%a1%d7%99%d7%99%d7%9c%d7%a0%d7%98-o160-l-3000/embed/
,,,,,,,,,,,,,,,,,,,,,,embed.jpg,2,https://www.huliot.co.il/product/%d7%a6%d7%99%d7%a0%d7%95%d7%a8-%d7%90%d7%95%d7%9c%d7%98%d7%a8%d7%94-%d7%a1%d7%99%d7%99%d7%9c%d7%a0%d7%98-o160-l-500/embed/
,,,,,,,,,,,,,,,,,,,,,,embed.jpg,2,https://www.huliot.co.il/product/%d7%a6%d7%99%d7%a0%d7%95%d7%a8-%d7%90%d7%95%d7%9c%d7%98%d7%a8%d7%94-%d7%a1%d7%99%d7%99%d7%9c%d7%a0%d7%98-o50-l-1000/embed/
,,,,,,,,,,,,,,,,,,,,,,embed.jpg,2,https://www.huliot.co.il/product/%d7%a6%d7%99%d7%a0%d7%95%d7%a8-%d7%90%d7%95%d7%9c%d7%98%d7%a8%d7%94-%d7%a1%d7%99%d7%99%d7%9c%d7%a0%d7%98-o50-l-3000/embed/
,,,,,,,,,,,,,,,,,,,,,,embed.jpg,2,https://www.huliot.co.il/product/%d7%a6%d7%99%d7%a0%d7%95%d7%a8-%d7%90%d7%95%d7%9c%d7%98%d7%a8%d7%94-%d7%a1%d7%99%d7%99%d7%9c%d7%a0%d7%98-o50-l-500/embed/
,,,,,,,,,,,,,,,,,,,,,,embed.png,2,https://www.huliot.co.il/product/%d7%a6%d7%99%d7%a0%d7%95%d7%a8-%d7%90%d7%95%d7%9c%d7%98%d7%a8%d7%94-%d7%a1%d7%99%d7%99%d7%9c%d7%a0%d7%98-o75-l-1000/embed/
,,,,,,,,,,,,,,,,,,,,,,embed.jpg,2,https://www.huliot.co.il/product/%d7%a6%d7%99%d7%a0%d7%95%d7%a8-%d7%90%d7%95%d7%9c%d7%98%d7%a8%d7%94-%d7%a1%d7%99%d7%99%d7%9c%d7%a0%d7%98-o75-l-3000/embed/
,,,,,,,,,,,,,,,,,,,,,,embed.jpg,2,https://www.huliot.co.il/product/%d7%a6%d7%99%d7%a0%d7%95%d7%a8-%d7%90%d7%95%d7%9c%d7%98%d7%a8%d7%94-%d7%a1%d7%99%d7%99%d7%9c%d7%a0%d7%98-o75-l-500/embed/
,,,,,,,,,,,,,,,,,,,,,,embed.png,2,https://www.huliot.co.il/product/%d7%a6%d7%99%d7%a0%d7%95%d7%a8-%d7%91%d7%99%d7%a7%d7%95%d7%a8%d7%aa-%d7%90%d7%95%d7%9c%d7%98%d7%a8%d7%94-%d7%a1%d7%99%d7%99%d7%9c%d7%a0%d7%98-%d7%a4%d7%9c%d7%95%d7%a1-%d7%91%d7%a7%d7%95%d7%98%d7%a8-1/embed/
,,,,,,,,,,,,,,,,,,,,,,embed.png,2,https://www.huliot.co.il/product/%d7%a6%d7%99%d7%a0%d7%95%d7%a8-%d7%91%d7%99%d7%a7%d7%95%d7%a8%d7%aa-%d7%90%d7%95%d7%9c%d7%98%d7%a8%d7%94-%d7%a1%d7%99%d7%99%d7%9c%d7%a0%d7%98-%d7%a4%d7%9c%d7%95%d7%a1-%d7%91%d7%a7%d7%95%d7%98%d7%a8-2/embed/
,,,,,,,,,,,,,,,,,,,,,,embed.png,2,https://www.huliot.co.il/product/%d7%a6%d7%99%d7%a0%d7%95%d7%a8-%d7%91%d7%99%d7%a7%d7%95%d7%a8%d7%aa-%d7%90%d7%95%d7%9c%d7%98%d7%a8%d7%94-%d7%a1%d7%99%d7%99%d7%9c%d7%a0%d7%98-%d7%a4%d7%9c%d7%95%d7%a1-%d7%91%d7%a7%d7%95%d7%98%d7%a8-3/embed/
,,,,,,,,,,,,,,,,,,,,,,embed.jpg,2,https://www.huliot.co.il/product/%d7%a6%d7%99%d7%a0%d7%95%d7%a8-%d7%91%d7%99%d7%a7%d7%95%d7%a8%d7%aa-250/embed/
,,,,,,,,,,,,,,,,,,,,,,embed.png,2,https://www.huliot.co.il/product/%d7%a6%d7%99%d7%a0%d7%95%d7%a8-%d7%97%d7%9c%d7%a7-%d7%91%d7%a7%d7%95%d7%98%d7%a8-32-l-4000/embed/
,,,,,,,,,,,,,,,,,,,,,,embed.jpg,2,https://www.huliot.co.il/product/%d7%a6%d7%99%d7%a0%d7%95%d7%a8-%d7%97%d7%9c%d7%a7-%d7%91%d7%a7%d7%95%d7%98%d7%a8-40-l-3000/embed/
,,,,,,,,,,,,,,,,,,,,,,embed.png,2,https://www.huliot.co.il/product/%d7%a6%d7%99%d7%a0%d7%95%d7%a8-%d7%97%d7%9c%d7%a7-%d7%91%d7%a7%d7%95%d7%98%d7%a8-40-l-4000/embed/
,,,,,,,,,,,,,,,,,,,,,,embed.jpg,2,https://www.huliot.co.il/product/%d7%a6%d7%99%d7%a0%d7%95%d7%a8-%d7%97%d7%9c%d7%a7-%d7%91%d7%a7%d7%95%d7%98%d7%a8-50-l-3000/embed/
,,,,,,,,,,,,,,,,,,,,,,embed.jpg,2,https://www.huliot.co.il/product/%d7%a6%d7%99%d7%a0%d7%95%d7%a8-%d7%97%d7%9c%d7%a7-%d7%91%d7%a7%d7%95%d7%98%d7%a8-50-l-4000/embed/
,,,,,,,,,,,,,,,,,,,,,,embed.png,2,https://www.huliot.co.il/product/%d7%a6%d7%99%d7%a0%d7%95%d7%a8-%d7%97%d7%9c%d7%a7-%d7%91%d7%a7%d7%95%d7%98%d7%a8-63-l-4000/embed/
,,,,,,,,,,,,,,,,,,,,,,embed.png,2,https://www.huliot.co.il/product/%d7%a6%d7%99%d7%a0%d7%95%d7%a8-%d7%9c%d7%91%d7%99%d7%95%d7%91-%d7%9e%d7%95%d7%91%d7%a0%d7%94-sn-4-%d7%91%d7%a7%d7%95%d7%98%d7%a8-110-l3000/embed/
,,,,,,,,,,,,,,,,,,,,,,embed.png,2,https://www.huliot.co.il/product/%d7%a6%d7%99%d7%a0%d7%95%d7%a8-%d7%9c%d7%91%d7%99%d7%95%d7%91-%d7%9e%d7%95%d7%91%d7%a0%d7%94-sn-4-%d7%91%d7%a7%d7%95%d7%98%d7%a8-110-l4000/embed/
,,,,,,,,,,,,,,,,,,,,,,embed.png,2,https://www.huliot.co.il/product/%d7%a6%d7%99%d7%a0%d7%95%d7%a8-%d7%9c%d7%91%d7%99%d7%95%d7%91-%d7%9e%d7%95%d7%91%d7%a0%d7%94-sn-4-%d7%91%d7%a7%d7%95%d7%98%d7%a8-160-l3000/embed/
,,,,,,,,,,,,,,,,,,,,,,embed.png,2,https://www.huliot.co.il/product/%d7%a6%d7%99%d7%a0%d7%95%d7%a8-%d7%9c%d7%91%d7%99%d7%95%d7%91-%d7%9e%d7%95%d7%91%d7%a0%d7%94-sn-4-%d7%91%d7%a7%d7%95%d7%98%d7%a8-160-l4000/embed/
,,,,,,,,,,,,,,,,,,,,,,embed.png,2,https://www.huliot.co.il/product/%d7%a6%d7%99%d7%a0%d7%95%d7%a8-%d7%9c%d7%91%d7%99%d7%95%d7%91-%d7%9e%d7%95%d7%91%d7%a0%d7%94-sn-8-%d7%91%d7%a7%d7%95%d7%98%d7%a8-110-l3000/embed/
,,,,,,,,,,,,,,,,,,,,,,embed.jpg,2,https://www.huliot.co.il/product/%d7%a6%d7%99%d7%a0%d7%95%d7%a8-%d7%9c%d7%91%d7%99%d7%95%d7%91-%d7%9e%d7%95%d7%91%d7%a0%d7%94-sn-8-%d7%91%d7%a7%d7%95%d7%98%d7%a8-160-l3000/embed/
,,,,,,,,,,,,,,,,,,,,,,embed.png,2,https://www.huliot.co.il/product/%d7%a6%d7%99%d7%a0%d7%95%d7%a8-%d7%9c%d7%91%d7%99%d7%95%d7%91-%d7%9e%d7%95%d7%91%d7%a0%d7%94-sn-8-%d7%91%d7%a7%d7%95%d7%98%d7%a8-200-l3000/embed/
,,,,,,,,,,,,,,,,,,,,,,embed.jpg,2,https://www.huliot.co.il/product/%d7%a6%d7%99%d7%a0%d7%95%d7%a8-%d7%9c%d7%91%d7%99%d7%95%d7%91-sn-4-%d7%91%d7%a7%d7%95%d7%98%d7%a8-110-l1000/embed/
,,,,,,,,,,,,,,,,,,,,,,embed.jpg,2,https://www.huliot.co.il/product/%d7%a6%d7%99%d7%a0%d7%95%d7%a8-%d7%9c%d7%91%d7%99%d7%95%d7%91-sn-4-%d7%91%d7%a7%d7%95%d7%98%d7%a8-110-l2000/embed/
,,,,,,,,,,,,,,,,,,,,,,embed.png,2,https://www.huliot.co.il/product/%d7%a6%d7%99%d7%a0%d7%95%d7%a8-%d7%9c%d7%91%d7%99%d7%95%d7%91-sn-4-%d7%91%d7%a7%d7%95%d7%98%d7%a8-110-l3000/embed/
,,,,,,,,,,,,,,,,,,,,,,embed.png,2,https://www.huliot.co.il/product/%d7%a6%d7%99%d7%a0%d7%95%d7%a8-%d7%9c%d7%91%d7%99%d7%95%d7%91-sn-4-%d7%91%d7%a7%d7%95%d7%98%d7%a8-110-l4000/embed/
,,,,,,,,,,,,,,,,,,,,,,embed.png,2,https://www.huliot.co.il/product/%d7%a6%d7%99%d7%a0%d7%95%d7%a8-%d7%9c%d7%91%d7%99%d7%95%d7%91-sn-4-%d7%91%d7%a7%d7%95%d7%98%d7%a8-110-l500/embed/
,,,,,,,,,,,,,,,,,,,,,,embed.png,2,https://www.huliot.co.il/product/%d7%a6%d7%99%d7%a0%d7%95%d7%a8-%d7%9c%d7%91%d7%99%d7%95%d7%91-sn-4-%d7%91%d7%a7%d7%95%d7%98%d7%a8-160-l1000/embed/
,,,,,,,,,,,,,,,,,,,,,,embed.jpg,2,https://www.huliot.co.il/product/%d7%a6%d7%99%d7%a0%d7%95%d7%a8-%d7%9c%d7%91%d7%99%d7%95%d7%91-sn-4-%d7%91%d7%a7%d7%95%d7%98%d7%a8-160-l2000/embed/
,,,,,,,,,,,,,,,,,,,,,,embed.jpg,2,https://www.huliot.co.il/product/%d7%a6%d7%99%d7%a0%d7%95%d7%a8-%d7%9c%d7%91%d7%99%d7%95%d7%91-sn-4-%d7%91%d7%a7%d7%95%d7%98%d7%a8-160-l250/embed/
,,,,,,,,,,,,,,,,,,,,,,embed.png,2,https://www.huliot.co.il/product/%d7%a6%d7%99%d7%a0%d7%95%d7%a8-%d7%9c%d7%91%d7%99%d7%95%d7%91-sn-4-%d7%91%d7%a7%d7%95%d7%98%d7%a8-160-l3000/embed/
,,,,,,,,,,,,,,,,,,,,,,embed.jpg,2,https://www.huliot.co.il/product/%d7%a6%d7%99%d7%a0%d7%95%d7%a8-%d7%9c%d7%91%d7%99%d7%95%d7%91-sn-4-%d7%91%d7%a7%d7%95%d7%98%d7%a8-160-l4000/embed/
,,,,,,,,,,,,,,,,,,,,,,embed.jpg,2,https://www.huliot.co.il/product/%d7%a6%d7%99%d7%a0%d7%95%d7%a8-%d7%9c%d7%91%d7%99%d7%95%d7%91-sn-4-%d7%91%d7%a7%d7%95%d7%98%d7%a8-160-l500/embed/
,,,,,,,,,,,,,,,,,,,,,,embed.png,2,https://www.huliot.co.il/product/%d7%a6%d7%99%d7%a0%d7%95%d7%a8-%d7%9c%d7%91%d7%99%d7%95%d7%91-sn-4-%d7%91%d7%a7%d7%95%d7%98%d7%a8-200-l1000/embed/
,,,,,,,,,,,,,,,,,,,,,,embed.jpg,2,https://www.huliot.co.il/product/%d7%a6%d7%99%d7%a0%d7%95%d7%a8-%d7%9c%d7%91%d7%99%d7%95%d7%91-sn-4-%d7%91%d7%a7%d7%95%d7%98%d7%a8-200-l3000/embed/
,,,,,,,,,,,,,,,,,,,,,,embed.jpg,2,https://www.huliot.co.il/product/%d7%a6%d7%99%d7%a0%d7%95%d7%a8-%d7%9c%d7%91%d7%99%d7%95%d7%91-sn-4-%d7%91%d7%a7%d7%95%d7%98%d7%a8-200-l500/embed/
,,,,,,,,,,,,,,,,,,,,,,embed.png,2,https://www.huliot.co.il/product/%d7%a6%d7%99%d7%a0%d7%95%d7%a8-%d7%9c%d7%91%d7%99%d7%95%d7%91-sn-8-%d7%91%d7%a7%d7%95%d7%98%d7%a8-110-l3000/embed/
,,,,,,,,,,,,,,,,,,,,,,embed.jpg,2,https://www.huliot.co.il/product/%d7%a6%d7%99%d7%a0%d7%95%d7%a8-%d7%9c%d7%91%d7%99%d7%95%d7%91-sn-8-%d7%91%d7%a7%d7%95%d7%98%d7%a8-160-l3000/embed/
,,,,,,,,,,,,,,,,,,,,,,embed.png,2,https://www.huliot.co.il/product/%d7%a6%d7%99%d7%a0%d7%95%d7%a8-%d7%9c%d7%91%d7%99%d7%95%d7%91-sn-8-%d7%91%d7%a7%d7%95%d7%98%d7%a8-200-l3000/embed/
,,,,,,,,,,,,,,,,,,,,,,embed.png,2,https://www.huliot.co.il/product/%d7%a6%d7%99%d7%a0%d7%95%d7%a8-%d7%9c%d7%91%d7%99%d7%95%d7%91-sn-8-%d7%91%d7%a7%d7%95%d7%98%d7%a8-250-l3000/embed/
,,,,,,,,,,,,,,,,,,,,,,embed.jpg,2,https://www.huliot.co.il/product/%d7%a6%d7%99%d7%a0%d7%95%d7%a8-%d7%a4%d7%95%d7%9c%d7%99%d7%a4%d7%a8%d7%95%d7%a4%d7%99%d7%9c%d7%9f-%d7%9c%d7%a9%d7%a4%d7%9b%d7%99%d7%9d-%d7%97%d7%9e%d7%99%d7%9d-%d7%91%d7%a7%d7%95%d7%98%d7%a8-110-l1000/embed/
,,,,,,,,,,,,,,,,,,,,,,embed.jpg,2,https://www.huliot.co.il/product/%d7%a6%d7%99%d7%a0%d7%95%d7%a8-%d7%a4%d7%95%d7%9c%d7%99%d7%a4%d7%a8%d7%95%d7%a4%d7%99%d7%9c%d7%9f-%d7%9c%d7%a9%d7%a4%d7%9b%d7%99%d7%9d-%d7%97%d7%9e%d7%99%d7%9d-%d7%91%d7%a7%d7%95%d7%98%d7%a8-110-l150/embed/
,,,,,,,,,,,,,,,,,,,,,,embed.jpg,2,https://www.huliot.co.il/product/%d7%a6%d7%99%d7%a0%d7%95%d7%a8-%d7%a4%d7%95%d7%9c%d7%99%d7%a4%d7%a8%d7%95%d7%a4%d7%99%d7%9c%d7%9f-%d7%9c%d7%a9%d7%a4%d7%9b%d7%99%d7%9d-%d7%97%d7%9e%d7%99%d7%9d-%d7%91%d7%a7%d7%95%d7%98%d7%a8-110-l1500/embed/
,,,,,,,,,,,,,,,,,,,,,,embed.jpg,2,https://www.huliot.co.il/product/%d7%a6%d7%99%d7%a0%d7%95%d7%a8-%d7%a4%d7%95%d7%9c%d7%99%d7%a4%d7%a8%d7%95%d7%a4%d7%99%d7%9c%d7%9f-%d7%9c%d7%a9%d7%a4%d7%9b%d7%99%d7%9d-%d7%97%d7%9e%d7%99%d7%9d-%d7%91%d7%a7%d7%95%d7%98%d7%a8-110-l2000/embed/
,,,,,,,,,,,,,,,,,,,,,,embed.png,2,https://www.huliot.co.il/product/%d7%a6%d7%99%d7%a0%d7%95%d7%a8-%d7%a4%d7%95%d7%9c%d7%99%d7%a4%d7%a8%d7%95%d7%a4%d7%99%d7%9c%d7%9f-%d7%9c%d7%a9%d7%a4%d7%9b%d7%99%d7%9d-%d7%97%d7%9e%d7%99%d7%9d-%d7%91%d7%a7%d7%95%d7%98%d7%a8-110-l250/embed/
,,,,,,,,,,,,,,,,,,,,,,embed.png,2,https://www.huliot.co.il/product/%d7%a6%d7%99%d7%a0%d7%95%d7%a8-%d7%a4%d7%95%d7%9c%d7%99%d7%a4%d7%a8%d7%95%d7%a4%d7%99%d7%9c%d7%9f-%d7%9c%d7%a9%d7%a4%d7%9b%d7%99%d7%9d-%d7%97%d7%9e%d7%99%d7%9d-%d7%91%d7%a7%d7%95%d7%98%d7%a8-110-l3000/embed/
,,,,,,,,,,,,,,,,,,,,,,embed.jpg,2,https://www.huliot.co.il/product/%d7%a6%d7%99%d7%a0%d7%95%d7%a8-%d7%a4%d7%95%d7%9c%d7%99%d7%a4%d7%a8%d7%95%d7%a4%d7%99%d7%9c%d7%9f-%d7%9c%d7%a9%d7%a4%d7%9b%d7%99%d7%9d-%d7%97%d7%9e%d7%99%d7%9d-%d7%91%d7%a7%d7%95%d7%98%d7%a8-110-l500/embed/
,,,,,,,,,,,,,,,,,,,,,,embed.jpg,2,https://www.huliot.co.il/product/%d7%a6%d7%99%d7%a0%d7%95%d7%a8-%d7%a4%d7%95%d7%9c%d7%99%d7%a4%d7%a8%d7%95%d7%a4%d7%99%d7%9c%d7%9f-%d7%9c%d7%a9%d7%a4%d7%9b%d7%99%d7%9d-%d7%97%d7%9e%d7%99%d7%9d-%d7%91%d7%a7%d7%95%d7%98%d7%a8-110-l750/embed/
,,,,,,,,,,,,,,,,,,,,,,embed.png,2,https://www.huliot.co.il/product/%d7%a6%d7%99%d7%a0%d7%95%d7%a8-%d7%a4%d7%95%d7%9c%d7%99%d7%a4%d7%a8%d7%95%d7%a4%d7%99%d7%9c%d7%9f-%d7%9c%d7%a9%d7%a4%d7%9b%d7%99%d7%9d-%d7%97%d7%9e%d7%99%d7%9d-%d7%91%d7%a7%d7%95%d7%98%d7%a8-160-l4000/embed/
,,,,,,,,,,,,,,,,,,,,,,embed.jpg,2,https://www.huliot.co.il/product/%d7%a6%d7%99%d7%a0%d7%95%d7%a8-%d7%a4%d7%95%d7%9c%d7%99%d7%a4%d7%a8%d7%95%d7%a4%d7%99%d7%9c%d7%9f-%d7%9c%d7%a9%d7%a4%d7%9b%d7%99%d7%9d-%d7%97%d7%9e%d7%99%d7%9d-%d7%91%d7%a7%d7%95%d7%98%d7%a8-40-l1000/embed/
,,,,,,,,,,,,,,,,,,,,,,embed.png,2,https://www.huliot.co.il/product/%d7%a6%d7%99%d7%a0%d7%95%d7%a8-%d7%a4%d7%95%d7%9c%d7%99%d7%a4%d7%a8%d7%95%d7%a4%d7%99%d7%9c%d7%9f-%d7%9c%d7%a9%d7%a4%d7%9b%d7%99%d7%9d-%d7%97%d7%9e%d7%99%d7%9d-%d7%91%d7%a7%d7%95%d7%98%d7%a8-40-l3000/embed/
,,,,,,,,,,,,,,,,,,,,,,embed.jpg,2,https://www.huliot.co.il/product/%d7%a6%d7%99%d7%a0%d7%95%d7%a8-%d7%a4%d7%95%d7%9c%d7%99%d7%a4%d7%a8%d7%95%d7%a4%d7%99%d7%9c%d7%9f-%d7%9c%d7%a9%d7%a4%d7%9b%d7%99%d7%9d-%d7%97%d7%9e%d7%99%d7%9d-%d7%91%d7%a7%d7%95%d7%98%d7%a8-40-l500/embed/
,,,,,,,,,,,,,,,,,,,,,,embed.png,2,https://www.huliot.co.il/product/%d7%a6%d7%99%d7%a0%d7%95%d7%a8-%d7%a4%d7%95%d7%9c%d7%99%d7%a4%d7%a8%d7%95%d7%a4%d7%99%d7%9c%d7%9f-%d7%9c%d7%a9%d7%a4%d7%9b%d7%99%d7%9d-%d7%97%d7%9e%d7%99%d7%9d-%d7%91%d7%a7%d7%95%d7%98%d7%a8-50-l1000/embed/
,,,,,,,,,,,,,,,,,,,,,,embed.png,2,https://www.huliot.co.il/product/%d7%a6%d7%99%d7%a0%d7%95%d7%a8-%d7%a4%d7%95%d7%9c%d7%99%d7%a4%d7%a8%d7%95%d7%a4%d7%99%d7%9c%d7%9f-%d7%9c%d7%a9%d7%a4%d7%9b%d7%99%d7%9d-%d7%97%d7%9e%d7%99%d7%9d-%d7%91%d7%a7%d7%95%d7%98%d7%a8-50-l250/embed/
,,,,,,,,,,,,,,,,,,,,,,embed.png,2,https://www.huliot.co.il/product/%d7%a6%d7%99%d7%a0%d7%95%d7%a8-%d7%a4%d7%95%d7%9c%d7%99%d7%a4%d7%a8%d7%95%d7%a4%d7%99%d7%9c%d7%9f-%d7%9c%d7%a9%d7%a4%d7%9b%d7%99%d7%9d-%d7%97%d7%9e%d7%99%d7%9d-%d7%91%d7%a7%d7%95%d7%98%d7%a8-50-l3000/embed/
,,,,,,,,,,,,,,,,,,,,,,embed.png,2,https://www.huliot.co.il/product/%d7%a6%d7%99%d7%a0%d7%95%d7%a8-%d7%a4%d7%95%d7%9c%d7%99%d7%a4%d7%a8%d7%95%d7%a4%d7%99%d7%9c%d7%9f-%d7%9c%d7%a9%d7%a4%d7%9b%d7%99%d7%9d-%d7%97%d7%9e%d7%99%d7%9d-%d7%91%d7%a7%d7%95%d7%98%d7%a8-50-l4000/embed/
,,,,,,,,,,,,,,,,,,,,,,embed.png,2,https://www.huliot.co.il/product/%d7%a6%d7%99%d7%a0%d7%95%d7%a8-%d7%a4%d7%95%d7%9c%d7%99%d7%a4%d7%a8%d7%95%d7%a4%d7%99%d7%9c%d7%9f-%d7%9c%d7%a9%d7%a4%d7%9b%d7%99%d7%9d-%d7%97%d7%9e%d7%99%d7%9d-%d7%91%d7%a7%d7%95%d7%98%d7%a8-50-l500/embed/
,,,,,,,,,,,,,,,,,,,,,,embed.png,2,https://www.huliot.co.il/product/%d7%a6%d7%99%d7%a0%d7%95%d7%a8-%d7%a4%d7%95%d7%9c%d7%99%d7%a4%d7%a8%d7%95%d7%a4%d7%99%d7%9c%d7%9f-%d7%9c%d7%a9%d7%a4%d7%9b%d7%99%d7%9d-%d7%97%d7%9e%d7%99%d7%9d-%d7%91%d7%a7%d7%95%d7%98%d7%a8-75-l1000/embed/
,,,,,,,,,,,,,,,,,,,,,,embed.jpg,2,https://www.huliot.co.il/product/%d7%a6%d7%99%d7%a0%d7%95%d7%a8-%d7%a4%d7%95%d7%9c%d7%99%d7%a4%d7%a8%d7%95%d7%a4%d7%99%d7%9c%d7%9f-%d7%9c%d7%a9%d7%a4%d7%9b%d7%99%d7%9d-%d7%97%d7%9e%d7%99%d7%9d-%d7%91%d7%a7%d7%95%d7%98%d7%a8-75-l250/embed/
,,,,,,,,,,,,,,,,,,,,,,embed.png,2,https://www.huliot.co.il/product/%d7%a6%d7%99%d7%a0%d7%95%d7%a8-%d7%a4%d7%95%d7%9c%d7%99%d7%a4%d7%a8%d7%95%d7%a4%d7%99%d7%9c%d7%9f-%d7%9c%d7%a9%d7%a4%d7%9b%d7%99%d7%9d-%d7%97%d7%9e%d7%99%d7%9d-%d7%91%d7%a7%d7%95%d7%98%d7%a8-75-l3000/embed/
,,,,,,,,,,,,,,,,,,,,,,embed.jpg,2,https://www.huliot.co.il/product/%d7%a6%d7%99%d7%a0%d7%95%d7%a8-%d7%a4%d7%95%d7%9c%d7%99%d7%a4%d7%a8%d7%95%d7%a4%d7%99%d7%9c%d7%9f-%d7%9c%d7%a9%d7%a4%d7%9b%d7%99%d7%9d-%d7%97%d7%9e%d7%99%d7%9d-%d7%91%d7%a7%d7%95%d7%98%d7%a8-75-l4000/embed/
,,,,,,,,,,,,,,,,,,,,,,embed.jpg,2,https://www.huliot.co.il/product/%d7%a6%d7%99%d7%a0%d7%95%d7%a8-%d7%a4%d7%95%d7%9c%d7%99%d7%a4%d7%a8%d7%95%d7%a4%d7%99%d7%9c%d7%9f-%d7%9c%d7%a9%d7%a4%d7%9b%d7%99%d7%9d-%d7%97%d7%9e%d7%99%d7%9d-%d7%91%d7%a7%d7%95%d7%98%d7%a8-75-l500/embed/
,,,,,,,,,,,,,,,,,,,,,,embed.jpg,2,https://www.huliot.co.il/product/%d7%a6%d7%99%d7%a0%d7%95%d7%a8-250-pvc/embed/
,,,,,,,,,,,,,,,,,,,,,,embed.jpg,2,https://www.huliot.co.il/product/%d7%a7%d7%95%d7%a4%d7%a1%d7%94-%d7%91%d7%95%d7%93%d7%93%d7%aa-%d7%9c%d7%a2%d7%99%d7%92%d7%95%d7%9f/embed/
,,,,,,,,,,,,,,,,,,,,,,embed.jpg,2,https://www.huliot.co.il/product/%d7%a7%d7%95%d7%a4%d7%a1%d7%94-%d7%9b%d7%a4%d7%95%d7%9c%d7%94-%d7%9c%d7%a2%d7%99%d7%92%d7%95%d7%9f/embed/
,,,,,,,,,,,,,,,,,,,,,,embed.jpg,2,https://www.huliot.co.il/product/%d7%a8%d7%95%d7%96%d7%98%d7%94-%d7%9c%d7%91%d7%a8%d7%96-%d7%90%d7%a1%d7%9c%d7%94/embed/
,,,,,,,,,,,,,,,,,,,,,,embed.jpg,2,https://www.huliot.co.il/product/%d7%a8%d7%a9%d7%aa-%d7%9e%d7%a6%d7%95%d7%a4%d7%94-%d7%a0%d7%99%d7%a7%d7%9c-2/embed/
,,,,,,,,,,,,,,,,,,,,,,embed.jpg,2,https://www.huliot.co.il/product/%d7%aa%d7%95%d7%9e%d7%9a-%d7%9c%d7%a6%d7%99%d7%a0%d7%95%d7%a8%d7%95%d7%aa-%d7%9b%d7%91%d7%9c%d7%99%d7%9d-110/embed/
,,,,,,,,,,,,,,,,,,,,,,embed.jpg,2,https://www.huliot.co.il/product/%d7%aa%d7%95%d7%aa%d7%91-%d7%9c%d7%a8%d7%99%d7%aa%d7%95%d7%9a-%d7%a8%d7%95%d7%9b%d7%91-6332/embed/
7070944871,110/110/110/87,,,,,,,,,,110/110/110/87,110,110,110,87,,,,,,,7070944871.jpg,6,https://www.huliot.co.il/product/110-110-110-87/
,,,,,,,,,,,,,,,,,,,,,,embed.jpg,2,https://www.huliot.co.il/product/110-110-110-87/embed/
7070943871,110/75/110/87,,,,,,,,,,110/75/110/87,110,75,110,87,,,,,,,7070943871.jpg,6,https://www.huliot.co.il/product/110-75-110-87/
7075400070,110/90° ניקוז מרפסות,,,,,,,,,,110,110,,,90,,,,,,ניקוז מרפסות,7075400070.jpg,6,https://www.huliot.co.il/product/110-90-%D7%A0%D7%99%D7%A7%D7%95%D7%96-%D7%9E%D7%A8%D7%A4%D7%A1%D7%95%D7%AA/
7070954871,125/110/125/87,,,,,,,,,,125/110/125/87,125,110,125,87,,,,,,,7070954871.jpg,6,https://www.huliot.co.il/product/125-110-125-87/
7070953871,125/75/125/87,,,,,,,,,,125/75/125/87,125,75,125,87,,,,,,,7070953871.jpg,6,https://www.huliot.co.il/product/125-75-125-87/
,,,,,,,,,,,,,,,,,,,,,,embed.jpg,2,https://www.huliot.co.il/product/125-75-125-87/embed/
7070964871,160/110/160/87,,,,,,,,,,160/110/160/87,160,110,160,87,,,,,,,7070964871.jpg,6,https://www.huliot.co.il/product/160-110-160-87/
7070963871,160/75/160/87,,,,,,,,,,160/75/160/87,160,75,160,87,,,,,,,7070963871.jpg,5,https://www.huliot.co.il/product/160-75-160-87/
,,,,,,,,,,,,,,,,,,,,,,embed.jpg,2,https://www.huliot.co.il/product/160-75-160-87/embed/
60159391,330 AquaSlim  לאריח ופס נירוסטה מלא,,,AquaSlim,,,,,נירוסטה,,330,330,,,,,,,,,לאריח ופס מלא,60159391.jpg,5,https://www.huliot.co.il/product/330-aquaslim-%D7%9C%D7%90%D7%A8%D7%99%D7%97-%D7%95%D7%A4%D7%A1-%D7%A0%D7%99%D7%A8%D7%95%D7%A1%D7%98%D7%94-%D7%9E%D7%9C%D7%90-2/
60159391,330 AquaSlim  לאריח ופס נירוסטה מלא,,,AquaSlim,,,,,נירוסטה,,330,330,,,,,,,,,לאריח ופס מלא,60159391.jpg,5,https://www.huliot.co.il/product/330-aquaslim-%D7%9C%D7%90%D7%A8%D7%99%D7%97-%D7%95%D7%A4%D7%A1-%D7%A0%D7%99%D7%A8%D7%95%D7%A1%D7%98%D7%94-%D7%9E%D7%9C%D7%90/
60150332,330 AquaSlim  סט נירוסטה: בסיס+דגם ריבועים,,,AquaSlim,,,,,נירוסטה,,330,330,,,,,,,,,סט בסיס+דגם ריבועים,60150332.jpg,5,https://www.huliot.co.il/product/330-aquaslim-%D7%A1%D7%98-%D7%A0%D7%99%D7%A8%D7%95%D7%A1%D7%98%D7%94-%D7%91%D7%A1%D7%99%D7%A1%D7%93%D7%92%D7%9D-%D7%A8%D7%99%D7%91%D7%95%D7%A2%D7%99%D7%9D/
60150331,330 AquaSlim סט נירוסטה דגם פסים,,,AquaSlim,,,,,נירוסטה,,330,330,,,,,,,,,סט דגם פסים,60150331.jpg,5,https://www.huliot.co.il/product/330-aquaslim-%D7%A1%D7%98-%D7%A0%D7%99%D7%A8%D7%95%D7%A1%D7%98%D7%94-%D7%93%D7%92%D7%9D-%D7%A4%D7%A1%D7%99%D7%9D-2/
60150331,330 AquaSlim סט נירוסטה דגם פסים,,,AquaSlim,,,,,נירוסטה,,330,330,,,,,,,,,סט דגם פסים,60150331.jpg,5,https://www.huliot.co.il/product/330-aquaslim-%D7%A1%D7%98-%D7%A0%D7%99%D7%A8%D7%95%D7%A1%D7%98%D7%94-%D7%93%D7%92%D7%9D-%D7%A4%D7%A1%D7%99%D7%9D/
60150328,330 AquaSlim  סט נירוסטה דגם ריבועים,,,AquaSlim,,,,,נירוסטה,,330,330,,,,,,,,,סט דגם ריבועים,60150328.jpg,6,https://www.huliot.co.il/product/330-aquaslim-%D7%A1%D7%98-%D7%A0%D7%99%D7%A8%D7%95%D7%A1%D7%98%D7%94-%D7%93%D7%92%D7%9D-%D7%A8%D7%99%D7%91%D7%95%D7%A2%D7%99%D7%9D-2/
60150328,330 AquaSlim  סט נירוסטה דגם ריבועים,,,AquaSlim,,,,,נירוסטה,,330,330,,,,,,,,,סט דגם ריבועים,60150328.jpg,5,https://www.huliot.co.il/product/330-aquaslim-%D7%A1%D7%98-%D7%A0%D7%99%D7%A8%D7%95%D7%A1%D7%98%D7%94-%D7%93%D7%92%D7%9D-%D7%A8%D7%99%D7%91%D7%95%D7%A2%D7%99%D7%9D/
60159399,330 AquaSlim פס נירוסטה דגם פסים,,,AquaSlim,,,,,נירוסטה,,330,330,,,,,,,,,פס דגם פסים,60159399.jpg,5,https://www.huliot.co.il/product/330-aquaslim-%D7%A4%D7%A1-%D7%A0%D7%99%D7%A8%D7%95%D7%A1%D7%98%D7%94-%D7%93%D7%92%D7%9D-%D7%A4%D7%A1%D7%99%D7%9D-2/
60159399,330 AquaSlim פס נירוסטה דגם פסים,,,AquaSlim,,,,,נירוסטה,,330,330,,,,,,,,,פס דגם פסים,60159399.jpg,5,https://www.huliot.co.il/product/330-aquaslim-%D7%A4%D7%A1-%D7%A0%D7%99%D7%A8%D7%95%D7%A1%D7%98%D7%94-%D7%93%D7%92%D7%9D-%D7%A4%D7%A1%D7%99%D7%9D/
60159394,330 AquaSlim  פס נירוסטה דגם ריבועים,,,AquaSlim,,,,,נירוסטה,,330,330,,,,,,,,,פס דגם ריבועים,60159394.jpg,6,https://www.huliot.co.il/product/330-aquaslim-%D7%A4%D7%A1-%D7%A0%D7%99%D7%A8%D7%95%D7%A1%D7%98%D7%94-%D7%93%D7%92%D7%9D-%D7%A8%D7%99%D7%91%D7%95%D7%A2%D7%99%D7%9D-2/
60159394,330 AquaSlim  פס נירוסטה דגם ריבועים,,,AquaSlim,,,,,נירוסטה,,330,330,,,,,,,,,פס דגם ריבועים,60159394.jpg,5,https://www.huliot.co.il/product/330-aquaslim-%D7%A4%D7%A1-%D7%A0%D7%99%D7%A8%D7%95%D7%A1%D7%98%D7%94-%D7%93%D7%92%D7%9D-%D7%A8%D7%99%D7%91%D7%95%D7%A2%D7%99%D7%9D/
,,,,,,,,,,,,,,,,,,,,,,embed.jpg,2,https://www.huliot.co.il/product/330-aquaslim-%d7%9c%d7%90%d7%a8%d7%99%d7%97-%d7%95%d7%a4%d7%a1-%d7%a0%d7%99%d7%a8%d7%95%d7%a1%d7%98%d7%94-%d7%9e%d7%9c%d7%90/embed/
,,,,,,,,,,,,,,,,,,,,,,embed.png,2,https://www.huliot.co.il/product/330-aquaslim-%d7%a1%d7%98-%d7%a0%d7%99%d7%a8%d7%95%d7%a1%d7%98%d7%94-%d7%91%d7%a1%d7%99%d7%a1%d7%93%d7%92%d7%9d-%d7%a8%d7%99%d7%91%d7%95%d7%a2%d7%99%d7%9d/embed/
,,,,,,,,,,,,,,,,,,,,,,embed.jpg,2,https://www.huliot.co.il/product/330-aquaslim-%d7%a1%d7%98-%d7%a0%d7%99%d7%a8%d7%95%d7%a1%d7%98%d7%94-%d7%93%d7%92%d7%9d-%d7%a4%d7%a1%d7%99%d7%9d/embed/
,,,,,,,,,,,,,,,,,,,,,,embed.jpg,2,https://www.huliot.co.il/product/330-aquaslim-%d7%a1%d7%98-%d7%a0%d7%99%d7%a8%d7%95%d7%a1%d7%98%d7%94-%d7%93%d7%92%d7%9d-%d7%a8%d7%99%d7%91%d7%95%d7%a2%d7%99%d7%9d/embed/
,,,,,,,,,,,,,,,,,,,,,,embed.jpg,2,https://www.huliot.co.il/product/330-aquaslim-%d7%a4%d7%a1-%d7%a0%d7%99%d7%a8%d7%95%d7%a1%d7%98%d7%94-%d7%93%d7%92%d7%9d-%d7%a4%d7%a1%d7%99%d7%9d/embed/
,,,,,,,,,,,,,,,,,,,,,,embed.jpg,2,https://www.huliot.co.il/product/330-aquaslim-%d7%a4%d7%a1-%d7%a0%d7%99%d7%a8%d7%95%d7%a1%d7%98%d7%94-%d7%93%d7%92%d7%9d-%d7%a8%d7%99%d7%91%d7%95%d7%a2%d7%99%d7%9d/embed/
60159491,700 AquaSlim  לאריח ופס נירוסטה מלא,,,AquaSlim,,,,,נירוסטה,,700,700,,,,,,,,,לאריח ופס מלא,60159491.jpg,5,https://www.huliot.co.il/product/700-aquaslim-%D7%9C%D7%90%D7%A8%D7%99%D7%97-%D7%95%D7%A4%D7%A1-%D7%A0%D7%99%D7%A8%D7%95%D7%A1%D7%98%D7%94-%D7%9E%D7%9C%D7%90-2/
60159491,700 AquaSlim  לאריח ופס נירוסטה מלא,,,AquaSlim,,,,,נירוסטה,,700,700,,,,,,,,,לאריח ופס מלא,60159491.jpg,5,https://www.huliot.co.il/product/700-aquaslim-%D7%9C%D7%90%D7%A8%D7%99%D7%97-%D7%95%D7%A4%D7%A1-%D7%A0%D7%99%D7%A8%D7%95%D7%A1%D7%98%D7%94-%D7%9E%D7%9C%D7%90/
60150701,700 AquaSlim סט נירוסטה דגם פסים,,,AquaSlim,,,,,נירוסטה,,700,700,,,,,,,,,סט דגם פסים,60150701.jpg,6,https://www.huliot.co.il/product/700-aquaslim-%D7%A1%D7%98-%D7%A0%D7%99%D7%A8%D7%95%D7%A1%D7%98%D7%94-%D7%93%D7%92%D7%9D-%D7%A4%D7%A1%D7%99%D7%9D-2/
60150701,700 AquaSlim סט נירוסטה דגם פסים,,,AquaSlim,,,,,נירוסטה,,700,700,,,,,,,,,סט דגם פסים,60150701.jpg,5,https://www.huliot.co.il/product/700-aquaslim-%D7%A1%D7%98-%D7%A0%D7%99%D7%A8%D7%95%D7%A1%D7%98%D7%94-%D7%93%D7%92%D7%9D-%D7%A4%D7%A1%D7%99%D7%9D/
60150698,700 AquaSlim סט נירוסטה דגם ריבועים,,,AquaSlim,,,,,נירוסטה,,700,700,,,,,,,,,סט דגם ריבועים,60150698.jpg,5,https://www.huliot.co.il/product/700-aquaslim-%D7%A1%D7%98-%D7%A0%D7%99%D7%A8%D7%95%D7%A1%D7%98%D7%94-%D7%93%D7%92%D7%9D-%D7%A8%D7%99%D7%91%D7%95%D7%A2%D7%99%D7%9D-2/
60150698,700 AquaSlim סט נירוסטה דגם ריבועים,,,AquaSlim,,,,,נירוסטה,,700,700,,,,,,,,,סט דגם ריבועים,60150698.jpg,5,https://www.huliot.co.il/product/700-aquaslim-%D7%A1%D7%98-%D7%A0%D7%99%D7%A8%D7%95%D7%A1%D7%98%D7%94-%D7%93%D7%92%D7%9D-%D7%A8%D7%99%D7%91%D7%95%D7%A2%D7%99%D7%9D/
60159499,700 AquaSlim פס נירוסטה דגם פסים,,,AquaSlim,,,,,נירוסטה,,700,700,,,,,,,,,פס דגם פסים,60159499.jpg,6,https://www.huliot.co.il/product/700-aquaslim-%D7%A4%D7%A1-%D7%A0%D7%99%D7%A8%D7%95%D7%A1%D7%98%D7%94-%D7%93%D7%92%D7%9D-%D7%A4%D7%A1%D7%99%D7%9D-2/
60159499,700 AquaSlim פס נירוסטה דגם פסים,,,AquaSlim,,,,,נירוסטה,,700,700,,,,,,,,,פס דגם פסים,60159499.jpg,5,https://www.huliot.co.il/product/700-aquaslim-%D7%A4%D7%A1-%D7%A0%D7%99%D7%A8%D7%95%D7%A1%D7%98%D7%94-%D7%93%D7%92%D7%9D-%D7%A4%D7%A1%D7%99%D7%9D/
60159494,700 AquaSlim  פס נירוסטה דגם ריבועים,,,AquaSlim,,,,,נירוסטה,,700,700,,,,,,,,,פס דגם ריבועים,60159494.jpg,6,https://www.huliot.co.il/product/700-aquaslim-%D7%A4%D7%A1-%D7%A0%D7%99%D7%A8%D7%95%D7%A1%D7%98%D7%94-%D7%93%D7%92%D7%9D-%D7%A8%D7%99%D7%91%D7%95%D7%A2%D7%99%D7%9D-2/
60159494,700 AquaSlim  פס נירוסטה דגם ריבועים,,,AquaSlim,,,,,נירוסטה,,700,700,,,,,,,,,פס דגם ריבועים,60159494.jpg,5,https://www.huliot.co.il/product/700-aquaslim-%D7%A4%D7%A1-%D7%A0%D7%99%D7%A8%D7%95%D7%A1%D7%98%D7%94-%D7%93%D7%92%D7%9D-%D7%A8%D7%99%D7%91%D7%95%D7%A2%D7%99%D7%9D/
,,,,,,,,,,,,,,,,,,,,,,embed.jpg,2,https://www.huliot.co.il/product/700-aquaslim-%d7%9c%d7%90%d7%a8%d7%99%d7%97-%d7%95%d7%a4%d7%a1-%d7%a0%d7%99%d7%a8%d7%95%d7%a1%d7%98%d7%94-%d7%9e%d7%9c%d7%90/embed/
,,,,,,,,,,,,,,,,,,,,,,embed.jpg,2,https://www.huliot.co.il/product/700-aquaslim-%d7%a1%d7%98-%d7%a0%d7%99%d7%a8%d7%95%d7%a1%d7%98%d7%94-%d7%93%d7%92%d7%9d-%d7%a4%d7%a1%d7%99%d7%9d/embed/
,,,,,,,,,,,,,,,,,,,,,,embed.jpg,2,https://www.huliot.co.il/product/700-aquaslim-%d7%a1%d7%98-%d7%a0%d7%99%d7%a8%d7%95%d7%a1%d7%98%d7%94-%d7%93%d7%92%d7%9d-%d7%a8%d7%99%d7%91%d7%95%d7%a2%d7%99%d7%9d/embed/
,,,,,,,,,,,,,,,,,,,,,,embed.jpg,2,https://www.huliot.co.il/product/700-aquaslim-%d7%a4%d7%a1-%d7%a0%d7%99%d7%a8%d7%95%d7%a1%d7%98%d7%94-%d7%93%d7%92%d7%9d-%d7%a4%d7%a1%d7%99%d7%9d/embed/
,,,,,,,,,,,,,,,,,,,,,,embed.jpg,2,https://www.huliot.co.il/product/700-aquaslim-%d7%a4%d7%a1-%d7%a0%d7%99%d7%a8%d7%95%d7%a1%d7%98%d7%94-%d7%93%d7%92%d7%9d-%d7%a8%d7%99%d7%91%d7%95%d7%a2%d7%99%d7%9d/embed/
7075300070,75/90° ניקוז מרפסות,,,,,,,,,,75,75,,,90,,,,,,ניקוז מרפסות,7075300070.jpg,6,https://www.huliot.co.il/product/75-90-%D7%A0%D7%99%D7%A7%D7%95%D7%96-%D7%9E%D7%A8%D7%A4%D7%A1%D7%95%D7%AA/
7378004000,™EndLock אולטרה ווייט בקוטר 110,,,Ultra White,,,,,,,110,110,,,,,,,,,EndLock,7378004000.jpg,6,https://www.huliot.co.il/product/endlock-%D7%90%D7%95%D7%9C%D7%98%D7%A8%D7%94-%D7%95%D7%95%D7%99%D7%99%D7%98-%D7%91%D7%A7%D7%95%D7%98%D7%A8-110/
7378006000,™EndLock אולטרה ווייט בקוטר 125,,,Ultra White,,,,,,,125,125,,,,,,,,,EndLock,7378006000.jpg,6,https://www.huliot.co.il/product/endlock-%D7%90%D7%95%D7%9C%D7%98%D7%A8%D7%94-%D7%95%D7%95%D7%99%D7%99%D7%98-%D7%91%D7%A7%D7%95%D7%98%D7%A8-125/
7378008000,™EndLock אולטרה ווייט בקוטר 200,,,Ultra White,,,,,,,200,200,,,,,,,,,EndLock,7378008000.jpg,6,https://www.huliot.co.il/product/endlock-%D7%90%D7%95%D7%9C%D7%98%D7%A8%D7%94-%D7%95%D7%95%D7%99%D7%99%D7%98-%D7%91%D7%A7%D7%95%D7%98%D7%A8-200/
7078004000,EndLock™ בקוטר 110,,,EndLock,,,,,,,110,110,,,,,,,,,,7078004000.jpg,6,https://www.huliot.co.il/product/endlock-%D7%91%D7%A7%D7%95%D7%98%D7%A8-110/
7078005000,EndLock™ בקוטר 125,,,EndLock,,,,,,,125,125,,,,,,,,,,7078005000.jpg,6,https://www.huliot.co.il/product/endlock-%D7%91%D7%A7%D7%95%D7%98%D7%A8-125/
7078006000,EndLock™ בקוטר 160,,,EndLock,,,,,,,160,160,,,,,,,,,,7078006000.jpg,6,https://www.huliot.co.il/product/endlock-%D7%91%D7%A7%D7%95%D7%98%D7%A8-160/
7078008000,EndLock™ בקוטר 200,,,EndLock,,,,,,,200,200,,,,,,,,,,7078008000.jpg,6,https://www.huliot.co.il/product/endlock-%D7%91%D7%A7%D7%95%D7%98%D7%A8-200/
7072340000,LockSeal™ בקוטר 110,,,,,,,,,,110,110,,,,,,,,,LockSeal,7072340000.jpg,6,https://www.huliot.co.il/product/lockseal-%D7%91%D7%A7%D7%95%D7%98%D7%A8-110/
7072350000,LockSeal™ בקוטר 125,,,,,,,,,,125,125,,,,,,,,,LockSeal,7072350000.jpg,6,https://www.huliot.co.il/product/lockseal-%D7%91%D7%A7%D7%95%D7%98%D7%A8-125/
7072360000,LockSeal™ בקוטר 160,,,,,,,,,,160,160,,,,,,,,,LockSeal,7072360000.jpg,6,https://www.huliot.co.il/product/lockseal-%D7%91%D7%A7%D7%95%D7%98%D7%A8-160/
7072380000,™LockSeal בקוטר 200,,,,,,,,,,200,200,,,,,,,,,LockSeal,7072380000.jpg,6,https://www.huliot.co.il/product/lockseal-%D7%91%D7%A7%D7%95%D7%98%D7%A8-200/
7072330000,LockSeal™ בקוטר 75,,,,,,,,,,75,75,,,,,,,,,LockSeal,7072330000.jpg,6,https://www.huliot.co.il/product/lockseal-%D7%91%D7%A7%D7%95%D7%98%D7%A8-75/
70113560,SmartLock™ 130/50/50 מאסף,מאסף,,SmartLock,,,,,,,130/50/50,130,50,50,,,,,,,,70113560.jpg,5,https://www.huliot.co.il/product/smartlock-130-50-50-%D7%9E%D7%90%D7%A1%D7%A3/
,,,,,,,,,,,,,,,,,,,,,,embed.jpg,2,https://www.huliot.co.il/product/smartlock-130-50-50-%d7%9e%d7%90%d7%a1%d7%a3/embed/
70123663,SmartLock™ 230/50/50 מאסף,מאסף,,SmartLock,,,,,,,230/50/50,230,50,50,,,,,,,,70123663.jpg,5,https://www.huliot.co.il/product/smartlock-230-50-50-%D7%9E%D7%90%D7%A1%D7%A3/
70133563,SmartLock™ 230/50/63 מאסף,מאסף,,SmartLock,,,,,,,230/50/63,230,50,63,,,,,,,,70133563.jpg,6,https://www.huliot.co.il/product/smartlock-230-50-63-%D7%9E%D7%90%D7%A1%D7%A3/
70136363,SmartLock™ 230/63/63 מאסף,מאסף,,SmartLock,,,,,,,230/63/63,230,63,63,,,,,,,,70136363.jpg,6,https://www.huliot.co.il/product/smartlock-230-63-63-%D7%9E%D7%90%D7%A1%D7%A3/
70043960,SmartLock™ 32/40/90° ברך מצרה,ברך,מצרה,SmartLock,,,,,,,32/40,32,40,,90,,,,,,,70043960.jpg,5,https://www.huliot.co.il/product/smartlock-32-40-90-%D7%91%D7%A8%D7%9A-%D7%9E%D7%A6%D7%A8%D7%94/
,,,,,,,,,,,,,,,,,,,,,,embed.jpg,2,https://www.huliot.co.il/product/smartlock-32-40-90-%d7%91%d7%a8%d7%9a-%d7%9e%d7%a6%d7%a8%d7%94/embed/
70053960,SmartLock™ 32/50/90° ברך מצרה,ברך,מצרה,SmartLock,,,,,,,32/50,32,50,,90,,,,,,,70053960.jpg,5,https://www.huliot.co.il/product/smartlock-32-50-90-%D7%91%D7%A8%D7%9A-%D7%9E%D7%A6%D7%A8%D7%94/
,,,,,,,,,,,,,,,,,,,,,,embed.png,2,https://www.huliot.co.il/product/smartlock-32-50-90-%d7%91%d7%a8%d7%9a-%d7%9e%d7%a6%d7%a8%d7%94/embed/
70054960,SmartLock™ 40/50/90° ברך מצרה,ברך,מצרה,SmartLock,,,,,,,40/50,40,50,,90,,,,,,,70054960.jpg,6,https://www.huliot.co.il/product/smartlock-40-50-90-%D7%91%D7%A8%D7%9A-%D7%9E%D7%A6%D7%A8%D7%94/
,,,,,,,,,,,,,,,,,,,,,,embed.png,2,https://www.huliot.co.il/product/smartlock-40-50-90-%d7%91%d7%a8%d7%9a-%d7%9e%d7%a6%d7%a8%d7%94/embed/
7890011071,Ultra Silent™ חבק אקוסטי 110,חבק,אקוסטי,Ultra Silent,,,,,,,110,110,,,,,,,,,,7890011071.jpg,6,https://www.huliot.co.il/product/ultra-silent-%D7%97%D7%91%D7%A7-%D7%90%D7%A7%D7%95%D7%A1%D7%98%D7%99-110/
7890012571,Ultra Silent™ חבק אקוסטי 125,חבק,אקוסטי,Ultra Silent,,,,,,,125,125,,,,,,,,,,7890012571.jpg,5,https://www.huliot.co.il/product/ultra-silent-%D7%97%D7%91%D7%A7-%D7%90%D7%A7%D7%95%D7%A1%D7%98%D7%99-125/
7890016071,Ultra Silent™ חבק אקוסטי 160,חבק,אקוסטי,Ultra Silent,,,,,,,160,160,,,,,,,,,,7890016071.jpg,6,https://www.huliot.co.il/product/ultra-silent-%D7%97%D7%91%D7%A7-%D7%90%D7%A7%D7%95%D7%A1%D7%98%D7%99-160/
7981100000,UltraSeal™ בקוטר 110,,,UltraSeal,,,,,,,110,110,,,,,,,,,,7981100000.jpg,6,https://www.huliot.co.il/product/ultraseal-%D7%91%D7%A7%D7%95%D7%98%D7%A8-110/
7981250000,UltraSeal™ בקוטר 125,,,UltraSeal,,,,,,,125,125,,,,,,,,,,7981250000.jpg,5,https://www.huliot.co.il/product/ultraseal-%D7%91%D7%A7%D7%95%D7%98%D7%A8-125/
7981600000,UltraSeal™ בקוטר 160,,,UltraSeal,,,,,,,160,160,,,,,,,,,,7981600000.jpg,6,https://www.huliot.co.il/product/ultraseal-%D7%91%D7%A7%D7%95%D7%98%D7%A8-160/
